record_id,source_dataset,source_sheet,title,abstract,year,doi,label_original,label_canonica,canonical_id,mapping_status,mapping_notes,review_required,include_in_gold,title_normalized,doi_normalized,abstract_hash,methodology_label,methodology_branch,methodology_subtype,methodology_review_required,methodology_review_reason,author_keywords,index_keywords,keywords_available,keywords_applied,text_input,methodology_text_variant,methodology_empirical_score,methodology_non_empirical_score,methodology_qualitative_score,methodology_quantitative_score,methodology_signal_terms
seed:Clasificados:2,seed,Clasificados,Scientific writing as a social act: A review of the literature of the sociology of science,"This chapter reviews the literature in the sociology of science to explore what light it may shed on scientific and technical writing and to see what questions it may raise for future study. It examines the major models of scientific activity and community in order to define the role that communication takes in each. The discipline of sociology of science has done much to map out the structure of the scientific community and its activities. Even the traditional view of scientific writing, stemming from F. Bacon and fostered by the founding of the Royal …",2019,,Tipo 5 CM ,Tipo 5 - Constructivismo moderado,tipo_5_constructivismo_moderado,directo,Approved direct legacy label for the canonical Arbor contract.,False,True,scientific writing as a social act a review of the literature of the sociology of science,,535b6e7f7878c9b390dac16e535574f62f2b32557500eaa4a19439837d5d7c7c,no_empirico,no_empirico,,False,,,,False,False,"This chapter reviews the literature in the sociology of science to explore what light it may shed on scientific and technical writing and to see what questions it may raise for future study. It examines the major models of scientific activity and community in order to define the role that communication takes in each. The discipline of sociology of science has done much to map out the structure of the scientific community and its activities. Even the traditional view of scientific writing, stemming from F. Bacon and fostered by the founding of the Royal …",abstract_plus_keywords,0,1,0,0,review of the literature
seed:Clasificados:3,seed,Clasificados,"Benefits, motivations, and challenges of international collaborative research: A sociology of science case study","Contemporary science is marked by expanding and diverse forms of teamwork. Collaboration across organizational and cultural boundaries extends the possibilities of discovery. International collaborative research projects often provide findings beyond what one team could achieve alone. Motivated to maintain existing relationships and grow their scientific network, researchers increasingly collaborate, despite often unrecognized or underappreciated costs, since such projects are challenging to manage and carry out. Rarely studied in-depth and longitudinally, the perspectives of scientific team members are crucial to better understand the dynamics of durable collaboration networks. Thus, this retrospective case study of a sociology of science project applies the novel method of autoethnography to examine teamwork benefits, motivations, and challenges. Key challenges found include spatial distance and differences of culture, language, and career stage. This study, spanning North America, Europe, the Middle East, and East Asia, focused on collaborators’ characteristics and evolving perceptions of team dynamics over a decade.",2021,,Tipo 5 CM ,Tipo 5 - Constructivismo moderado,tipo_5_constructivismo_moderado,directo,Approved direct legacy label for the canonical Arbor contract.,False,True,benefits motivations and challenges of international collaborative research a sociology of science case study,,9d76f93c1ce67de1372f28d2f5d2ee6bdbc9a3d9710b2ee99823228a1a891551,empirico,empirico,cualitativo,False,,,,False,False,"Contemporary science is marked by expanding and diverse forms of teamwork. Collaboration across organizational and cultural boundaries extends the possibilities of discovery. International collaborative research projects often provide findings beyond what one team could achieve alone. Motivated to maintain existing relationships and grow their scientific network, researchers increasingly collaborate, despite often unrecognized or underappreciated costs, since such projects are challenging to manage and carry out. Rarely studied in-depth and longitudinally, the perspectives of scientific team members are crucial to better understand the dynamics of durable collaboration networks. Thus, this retrospective case study of a sociology of science project applies the novel method of autoethnography to examine teamwork benefits, motivations, and challenges. Key challenges found include spatial distance and differences of culture, language, and career stage. This study, spanning North America, Europe, the Middle East, and East Asia, focused on collaborators’ characteristics and evolving perceptions of team dynamics over a decade.",abstract_plus_keywords,6,1,3,0,autoethnograph | case study | ethnograph | perspective | this study
seed:Clasificados:4,seed,Clasificados,Organisation matters: towards an organisational sociology of science communication,"This paper looks at science communication through an organisational lens with the aim of assessing the relevance of different organisational forms for science communication.
The paper explores science communication in different organisational forms. Based on conceptual considerations and by reviewing existing empirical literature, the paper selects and compares three organisational forms of science communication: the editorial office of a daily newspaper, the press office of a university and the Science Media Centre.
The paper shows the relevance of organisation for science communication by comparing three organisational forms. The first two, the science news desk and the press office, have the character of a sub-system of an organisation, while the third, the Science Media Centre, forms its own organisation. The paper shows how the respective set-up shapes science-media contacts with a focus on the occurrence and resolution of conflicts.
The paper proposes a conceptual framework for studying science communication through an organisational lens but leaves comparative empirical studies of all types to future research. Yet, it outlines and compares implications of the formal organisation of science communication from a conceptual point of view.
The findings provide information on the structural impact of different organisational forms on science communication and point to where conflicting expectations, and thus potential conflicts, are most likely to occur in each case. A reflection of structurally conflicting expectations and how they can be overcome in specific situations is of high practical value for all science communication activities.
Organisational theorists have long argued that organisations are the key to understanding society. Despite their undoubted relevance, however, organisations and their influence on science communication have so far been much less analysed – both conceptually and empirically – than its contents, its practices and its impacts on public understanding, public policy, and on science and scientists. The paper contributes to the emerging field with conceptual considerations towards an organisational sociology of science communication.",2020,,Tipo 5 CM ,Tipo 5 - Constructivismo moderado,tipo_5_constructivismo_moderado,directo,Approved direct legacy label for the canonical Arbor contract.,False,True,organisation matters towards an organisational sociology of science communication,,8e150d973de8570cfdc9980039821aa9f81f8777e05559efa636084a7fec986e,no_empirico,no_empirico,,False,,,,False,False,"This paper looks at science communication through an organisational lens with the aim of assessing the relevance of different organisational forms for science communication.
The paper explores science communication in different organisational forms. Based on conceptual considerations and by reviewing existing empirical literature, the paper selects and compares three organisational forms of science communication: the editorial office of a daily newspaper, the press office of a university and the Science Media Centre.
The paper shows the relevance of organisation for science communication by comparing three organisational forms. The first two, the science news desk and the press office, have the character of a sub-system of an organisation, while the third, the Science Media Centre, forms its own organisation. The paper shows how the respective set-up shapes science-media contacts with a focus on the occurrence and resolution of conflicts.
The paper proposes a conceptual framework for studying science communication through an organisational lens but leaves comparative empirical studies of all types to future research. Yet, it outlines and compares implications of the formal organisation of science communication from a conceptual point of view.
The findings provide information on the structural impact of different organisational forms on science communication and point to where conflicting expectations, and thus potential conflicts, are most likely to occur in each case. A reflection of structurally conflicting expectations and how they can be overcome in specific situations is of high practical value for all science communication activities.
Organisational theorists have long argued that organisations are the key to understanding society. Despite their undoubted relevance, however, organisations and their influence on science communication have so far been much less analysed – both conceptually and empirically – than its contents, its practices and its impacts on public understanding, public policy, and on science and scientists. The paper contributes to the emerging field with conceptual considerations towards an organisational sociology of science communication.",abstract_plus_keywords,1,2,0,0,conceptual | conceptual framework | empirical
seed:Clasificados:5,seed,Clasificados,"Science education in the era of a pandemic: How can history, philosophy and sociology of science contribute to education for understanding and solving the Covid-19 …","In late February 2019, when the Covid-19 crisis began to spread across South Korea, my doctoral student Wonyong Park was there for his data collection in secondary schools. Unphased by the growing national epidemic at the time, he remarked:“As a Cambridge student, Newton once had to return home due to the plague outbreak in England, during which he made his greatest discoveries! However, as the situation develops, I promise I’ll keep healthy and make this time most useful for me.” Now, about a month later, the entire planet finds itself in the midst of a pandemic.
Among the countries worst hit by the pandemic is Italy where one of our Associate Editors, Olivia Levrini, is based. During a recent exchange, she raised the question of how history, philosophy and sociology of science (HPS) might contribute to science education in the era of a pandemic. Given the novelty of the issues generated by a major health emergency, Science & Education invites colleagues to submit papers broadly addressing the following theme:“Science Education in the Era of a Pandemic: How can History, Philosophy and Sociology of Science Contribute to Education for Understanding and Solving the Covid-19 Crisis?” Past pandemics can point to not only the development of scientific explanations in time but also the societal contexts that harboured them. Consider the stigma associated with syphilis characterised as a French or an Italian disease depending on where the disease was observed in the fifteenth century; the framing of cholera in the colonial discourse in Asia and the impact of the disease on global trade in the nineteenth century; or the mistaken causality drawn between a country and an outbreak in the case of the Spanish flu in the early twentieth century. History is replete with countless lessons about pandemics in terms of their societal, ethical as well as their scientific and medical dimensions.",2020,,Tipo 4 PE,Tipo 4 - Pragmatismo epistemologico,tipo_4_pragmatismo_epistemologico,directo,Approved direct legacy label for the canonical Arbor contract.,False,True,science education in the era of a pandemic how can history philosophy and sociology of science contribute to education for understanding and solving the covid 19,,f056871d2c9db559cead56b9a1d3326246ba8fb350f685bfe255d1e674713e6e,NN,NN,,False,,,,False,False,"In late February 2019, when the Covid-19 crisis began to spread across South Korea, my doctoral student Wonyong Park was there for his data collection in secondary schools. Unphased by the growing national epidemic at the time, he remarked:“As a Cambridge student, Newton once had to return home due to the plague outbreak in England, during which he made his greatest discoveries! However, as the situation develops, I promise I’ll keep healthy and make this time most useful for me.” Now, about a month later, the entire planet finds itself in the midst of a pandemic.
Among the countries worst hit by the pandemic is Italy where one of our Associate Editors, Olivia Levrini, is based. During a recent exchange, she raised the question of how history, philosophy and sociology of science (HPS) might contribute to science education in the era of a pandemic. Given the novelty of the issues generated by a major health emergency, Science & Education invites colleagues to submit papers broadly addressing the following theme:“Science Education in the Era of a Pandemic: How can History, Philosophy and Sociology of Science Contribute to Education for Understanding and Solving the Covid-19 Crisis?” Past pandemics can point to not only the development of scientific explanations in time but also the societal contexts that harboured them. Consider the stigma associated with syphilis characterised as a French or an Italian disease depending on where the disease was observed in the fifteenth century; the framing of cholera in the colonial discourse in Asia and the impact of the disease on global trade in the nineteenth century; or the mistaken causality drawn between a country and an outbreak in the case of the Spanish flu in the early twentieth century. History is replete with countless lessons about pandemics in terms of their societal, ethical as well as their scientific and medical dimensions.",abstract_plus_keywords,0,0,0,0,
seed:Clasificados:6,seed,Clasificados,"On methods, ontologies, and representation in the sociology of science: Where do we stand?","We are weak today in ideal matters because intelligence is divorced from aspiration. The bare force of circumstance compels us onwards in the daily detail of our beliefs and acts, but our deeper thoughts and desires turn backwards. When philosophy shall have co-operated with the course of events and made clear and coherent the meaning of the daily detail, science and emotion will interpenetrate, practice and imagination will embrace. Poetry and religious feeling will be the unforced flowers of life.",2024,,Tipo 2 RM,Tipo 2 - Realismo moderado / critico,tipo_2_realismo_moderado_critico,fusionado,Approved alias merge into canonical Type 2.,False,True,on methods ontologies and representation in the sociology of science where do we stand,,b09101667be5ba9f7f4473e2618bdc87530bbc003282e62b4a4130d49ba410ba,NN,NN,,False,,,,False,False,"We are weak today in ideal matters because intelligence is divorced from aspiration. The bare force of circumstance compels us onwards in the daily detail of our beliefs and acts, but our deeper thoughts and desires turn backwards. When philosophy shall have co-operated with the course of events and made clear and coherent the meaning of the daily detail, science and emotion will interpenetrate, practice and imagination will embrace. Poetry and religious feeling will be the unforced flowers of life.",abstract_plus_keywords,0,0,0,0,
seed:Clasificados:7,seed,Clasificados,How can governance change research content? Linking science policy studies to the sociology of science,"Although science studies routinely assume that governance can change research content, we know little about how it does that. Science policy actors, commercial interests and civil society actors utilise a variety of governance instruments and processes to change the directions or to improve the quality of research. Both can be achieved only by making researchers select different goals and approaches, that is, change the content of their work.
A recent review returned very few studies that investigated the impact of governance on research content and even fewer that convincingly established causality (Gläser and Laudel 2016). Empirical studies of competitive project funding focused on the validity and reliability of selection procedures and largely shunned the investigation of pre-emptive adaptation of project content or effects of selective funding on the dynamics of research fields (ibid: 122–125). The governance of emerging fields has been studied with the fields’ growth as the only dependent variable approximating content (ibid: 126–129). Most studies of the effects of performance-based funding limit themselves to changes in publication behaviour, whose causal ascription to performance-based funding can charitably be described as tenuous (ibid: 129–134; Gläser 2017). Finally, studies of academy–industry links have produced some interesting results on the impact of such links on the diffusion of knowledge (Evans 2010a; b) and on the increased likelihood of findings that are consistent with an industrial funder’s interests (Krimsky 2013) and on the impact of such links on the diffusion of knowledge (Evans 2010a; b). However, the empirical evidence of many studies is contradictory, which has led to a call for more in-depth studies of academy–industry links (Krimsky 2013). Most of these findings do not lend themselves to theoretical generalisation because they draw on specific cases in particular fields. More importantly, theoretical progress cannot be achieved with the current implicit division of labour between subfields of science studies. Science policy",2019,,Tipo 5 CM ,Tipo 5 - Constructivismo moderado,tipo_5_constructivismo_moderado,directo,Approved direct legacy label for the canonical Arbor contract.,False,True,how can governance change research content linking science policy studies to the sociology of science,,e9c3d5bd7ec740e082aa4dcf9975708d8f2cf62693b8005eec40499e104330d0,,,,True,conflicting_cues,,,False,False,"Although science studies routinely assume that governance can change research content, we know little about how it does that. Science policy actors, commercial interests and civil society actors utilise a variety of governance instruments and processes to change the directions or to improve the quality of research. Both can be achieved only by making researchers select different goals and approaches, that is, change the content of their work.
A recent review returned very few studies that investigated the impact of governance on research content and even fewer that convincingly established causality (Gläser and Laudel 2016). Empirical studies of competitive project funding focused on the validity and reliability of selection procedures and largely shunned the investigation of pre-emptive adaptation of project content or effects of selective funding on the dynamics of research fields (ibid: 122–125). The governance of emerging fields has been studied with the fields’ growth as the only dependent variable approximating content (ibid: 126–129). Most studies of the effects of performance-based funding limit themselves to changes in publication behaviour, whose causal ascription to performance-based funding can charitably be described as tenuous (ibid: 129–134; Gläser 2017). Finally, studies of academy–industry links have produced some interesting results on the impact of such links on the diffusion of knowledge (Evans 2010a; b) and on the increased likelihood of findings that are consistent with an industrial funder’s interests (Krimsky 2013) and on the impact of such links on the diffusion of knowledge (Evans 2010a; b). However, the empirical evidence of many studies is contradictory, which has led to a call for more in-depth studies of academy–industry links (Krimsky 2013). Most of these findings do not lend themselves to theoretical generalisation because they draw on specific cases in particular fields. More importantly, theoretical progress cannot be achieved with the current implicit division of labour between subfields of science studies. Science policy",abstract_plus_keywords,1,1,0,0,empirical | theoretical
seed:Clasificados:9,seed,Clasificados,Recoding liberalism: philosophy and sociology of science against planning,"In the wake of the global financial crisis, the resilience of contemporary neoliberalism confounded its detractors who expected its “zombie economics” and obsolete policy models to give way to new horizons of expectations. Usually, these predictions focused either on a superficial reading of the defeat of neoliberalism-qua-austerity or insisted that its systemic flaws had ruined any remnant of its legitimacy.'More skeptical authors remarked that, far from suffering from a sudden collapse, neoliberalism has never been more palpable than in times of crisis, when it reinvents itself by metabolizing the criticisms leveled at it or by entrenching its dominance over the policy debate.”",2020,,Tipo 4 PE,Tipo 4 - Pragmatismo epistemologico,tipo_4_pragmatismo_epistemologico,directo,Approved direct legacy label for the canonical Arbor contract.,False,True,recoding liberalism philosophy and sociology of science against planning,,e87829a633061a2e5ca1748fe73f52a3dff3e70acf54909b648504a1e20fa77c,NN,NN,,False,,,,False,False,"In the wake of the global financial crisis, the resilience of contemporary neoliberalism confounded its detractors who expected its “zombie economics” and obsolete policy models to give way to new horizons of expectations. Usually, these predictions focused either on a superficial reading of the defeat of neoliberalism-qua-austerity or insisted that its systemic flaws had ruined any remnant of its legitimacy.'More skeptical authors remarked that, far from suffering from a sudden collapse, neoliberalism has never been more palpable than in times of crisis, when it reinvents itself by metabolizing the criticisms leveled at it or by entrenching its dominance over the policy debate.”",abstract_plus_keywords,0,0,0,0,
seed:Clasificados:10,seed,Clasificados,"Science education in the light of COVID-19: The contribution of history, philosophy and sociology of science","In this position paper, I examine how the history, philosophy and sociology of science (HPS) can contribute to science education in the era of the COVID-19 pandemic. I discuss shortcomings in the ways that history is often used in school science, and examine how knowledge of previous pandemics might help in teaching about COVID-19. I look at the potential of issues to do with measurement in the context of COVID-19 (e.g. measurement of mortality figures) to introduce school students to issues about philosophy of science, and I show how COVID-19 has the affordance to broaden and deepen the moral philosophy that students typically meet in biology lessons. COVID-19 also provides opportunities to introduce students to sociological ways of thinking, examining data and questioning human practices. It can also enable students to see how science, economics and politics inter-relate. In the final part of the paper, I suggest that there are strong arguments in favour of an interdisciplinary approach in tackling zoonoses like COVID-19 and that there is much to be said for such interdisciplinarity in school science lessons when teaching about socio-scientific issues and issues intended to raise scientific literacy.",2020,,Tipo 4 PE,Tipo 4 - Pragmatismo epistemologico,tipo_4_pragmatismo_epistemologico,directo,Approved direct legacy label for the canonical Arbor contract.,False,True,science education in the light of covid 19 the contribution of history philosophy and sociology of science,,91896ff499e93dddd1154c645901cd159c38a5ab38103c428d05882522fb504b,NN,NN,,False,,,,False,False,"In this position paper, I examine how the history, philosophy and sociology of science (HPS) can contribute to science education in the era of the COVID-19 pandemic. I discuss shortcomings in the ways that history is often used in school science, and examine how knowledge of previous pandemics might help in teaching about COVID-19. I look at the potential of issues to do with measurement in the context of COVID-19 (e.g. measurement of mortality figures) to introduce school students to issues about philosophy of science, and I show how COVID-19 has the affordance to broaden and deepen the moral philosophy that students typically meet in biology lessons. COVID-19 also provides opportunities to introduce students to sociological ways of thinking, examining data and questioning human practices. It can also enable students to see how science, economics and politics inter-relate. In the final part of the paper, I suggest that there are strong arguments in favour of an interdisciplinary approach in tackling zoonoses like COVID-19 and that there is much to be said for such interdisciplinarity in school science lessons when teaching about socio-scientific issues and issues intended to raise scientific literacy.",abstract_plus_keywords,0,0,0,0,
seed:Clasificados:11,seed,Clasificados,"Academic Air Travel: Debates, Tensions and the Need for a Sociology of Science Perspective","Traveling to conferences is a central feature of academic life. Yet recently, academic air travel has been called into question in the context of climate change, and the digital transformation has facilitated the spread of virtual alternatives to face‐to‐face meetings. The near‐total halt in air travel associated with the COVID‐19 pandemic has solidified the use of technologies of virtual meetings. However, the return to in‐person conferences after the pandemic suggests that these are not as easily replaced by virtual alternatives as is sometimes assumed. While this is increasingly coming into focus in the behavioral sciences, the sociology of science is largely absent in this debate. As a first step toward bringing this debate into conversation with the sociology of science, this review article examines the literature on academic air travel for key tensions, current debates and politicizations. It concludes that academic conference travel is an emerging, timely and relevant, yet under‐studied area of interest for sociologists of science, and suggests some avenues for future inquiry.",2024,,Tipo 5 CM ,Tipo 5 - Constructivismo moderado,tipo_5_constructivismo_moderado,directo,Approved direct legacy label for the canonical Arbor contract.,False,True,academic air travel debates tensions and the need for a sociology of science perspective,,a979463189b1592d73ca3bed12277a4c855fbd4101c4f13ea9c553727d797998,no_empirico,no_empirico,,False,,,,False,False,"Traveling to conferences is a central feature of academic life. Yet recently, academic air travel has been called into question in the context of climate change, and the digital transformation has facilitated the spread of virtual alternatives to face‐to‐face meetings. The near‐total halt in air travel associated with the COVID‐19 pandemic has solidified the use of technologies of virtual meetings. However, the return to in‐person conferences after the pandemic suggests that these are not as easily replaced by virtual alternatives as is sometimes assumed. While this is increasingly coming into focus in the behavioral sciences, the sociology of science is largely absent in this debate. As a first step toward bringing this debate into conversation with the sociology of science, this review article examines the literature on academic air travel for key tensions, current debates and politicizations. It concludes that academic conference travel is an emerging, timely and relevant, yet under‐studied area of interest for sociologists of science, and suggests some avenues for future inquiry.",abstract_plus_keywords,0,1,0,0,perspective
seed:Clasificados:12,seed,Clasificados,"Meaning at the Planck scale? Contextualized word embeddings for doing history, philosophy, and sociology of science","This paper explores the potential of contextualized word embeddings (CWEs) as a new tool in the history, philosophy, and sociology of science (HPSS) for studying contextual and evolving meanings of scientific concepts. Using the term"" Planck"" as a test case, I evaluate five BERT-based models with varying degrees of domain-specific pretraining, including my custom model Astro-HEP-BERT, trained on the Astro-HEP Corpus, a dataset containing 21.84 million paragraphs from 600,000 articles in astrophysics and high-energy physics. For …",2024,,Tipo 3 AE,Tipo 3 - Antirrealismo epistemologico,tipo_3_antirrealismo_epistemologico,directo,Approved direct legacy label for the canonical Arbor contract.,False,True,meaning at the planck scale contextualized word embeddings for doing history philosophy and sociology of science,,24b86ed6d9f5203e46476175ac970544cfbe7bb0f8adcb9781d1bf7824fef82b,empirico,empirico,,True,insufficient_evidence,,,False,False,"This paper explores the potential of contextualized word embeddings (CWEs) as a new tool in the history, philosophy, and sociology of science (HPSS) for studying contextual and evolving meanings of scientific concepts. Using the term"" Planck"" as a test case, I evaluate five BERT-based models with varying degrees of domain-specific pretraining, including my custom model Astro-HEP-BERT, trained on the Astro-HEP Corpus, a dataset containing 21.84 million paragraphs from 600,000 articles in astrophysics and high-energy physics. For …",abstract_plus_keywords,1,0,0,0,dataset
seed:Clasificados:13,seed,Clasificados,Science Studies and Sociology,"On the occasion of celebrating “100 years of sociology in the Netherlands” with a theme issue of
Sociologischl Magazine, the editors of this journal invited me to discuss the development of
science and technology studies (STS) in relation to sociology. STS has been developed at some
distance from sociology; their relation is asymmetrical. From the disciplinary perspective of
sociology, the study of scientific research can be considered as an application; for STS,
sociology is a discipline-based frame of reference, like economics or the philosophy of science.",2022,,Tipo 2 RM,Tipo 2 - Realismo moderado / critico,tipo_2_realismo_moderado_critico,fusionado,Approved alias merge into canonical Type 2.,False,True,science studies and sociology,,1e0df52cf69f71ffd50f6191918e0aed7939300e1f893e5645f443b8ce63f1a5,no_empirico,no_empirico,,False,,,,False,False,"On the occasion of celebrating “100 years of sociology in the Netherlands” with a theme issue of
Sociologischl Magazine, the editors of this journal invited me to discuss the development of
science and technology studies (STS) in relation to sociology. STS has been developed at some
distance from sociology; their relation is asymmetrical. From the disciplinary perspective of
sociology, the study of scientific research can be considered as an application; for STS,
sociology is a discipline-based frame of reference, like economics or the philosophy of science.",abstract_plus_keywords,0,1,0,0,perspective
seed:Clasificados:14,seed,Clasificados,The sociology of science and social constructivism,Constructivism is a theoretical position that became prevalent in the sociology of science from the late 1970s through the 1990s. This chapter deals with an account of the “new” sociology of scientific knowledge and the development of social constructivism as a key position associated with it. It discusses some of the disputes about constructivism that culminated in the “science wars” of the 1990s. The chapter also discusses the aftermath of the dissolution of constructivism in science and technology studies in favor of a variety of …,2019,,Tipo 5 CM ,Tipo 5 - Constructivismo moderado,tipo_5_constructivismo_moderado,directo,Approved direct legacy label for the canonical Arbor contract.,False,True,the sociology of science and social constructivism,,679dd01e4a25c6f6e18f6be67afb6d6aa690d94634a00c93b8016a0c14896d94,no_empirico,no_empirico,,False,,,,False,False,Constructivism is a theoretical position that became prevalent in the sociology of science from the late 1970s through the 1990s. This chapter deals with an account of the “new” sociology of scientific knowledge and the development of social constructivism as a key position associated with it. It discusses some of the disputes about constructivism that culminated in the “science wars” of the 1990s. The chapter also discusses the aftermath of the dissolution of constructivism in science and technology studies in favor of a variety of …,abstract_plus_keywords,0,1,0,0,theoretical
seed:Clasificados:15,seed,Clasificados,"Robert Merton and the Sociology of Science: The Sociology of Science: Theoretical and Empirical Investigations, Robert K. Merton","In 1949, Robert Merton asked:"" Why did sociology document the problems and performance of the professional thief… but not the problems and performance of the professional social scientist?"" Unsuccessfully, he argued for a systematic study of the"" social science of social science."" This essay, seven decades later, returns to Merton's question, now reframed as"" using science as evidence in public policy."" Policy use is less robust than it can and should be. This would not be the case if Merton's systematic study had been mounted. The good …",2022,,Tipo 1 RF,Tipo 1 - Realismo fuerte,tipo_1_realismo_fuerte,directo,Approved direct legacy label for the canonical Arbor contract.,False,True,robert merton and the sociology of science the sociology of science theoretical and empirical investigations robert k merton,,35d7f5e52e4de1c3bef0924d3854a8787fb58f572710d1fb966295857c70e934,no_empirico,no_empirico,,False,,,,False,False,"In 1949, Robert Merton asked:"" Why did sociology document the problems and performance of the professional thief… but not the problems and performance of the professional social scientist?"" Unsuccessfully, he argued for a systematic study of the"" social science of social science."" This essay, seven decades later, returns to Merton's question, now reframed as"" using science as evidence in public policy."" Policy use is less robust than it can and should be. This would not be the case if Merton's systematic study had been mounted. The good …",abstract_plus_keywords,1,2,0,0,empirical | essay | theoretical
seed:Clasificados:18,seed,Clasificados,Towards a Sociology of Science and Theology,"The empirical focus of the chapter is senior church leaders’ views on science and religion. I draw on this body of work to illustrate how my Science and Technology Studies (STS) approach leads to what can be thought of as a sociology of science and theology which I argue should have a place in the Social Study of Science and Religion. The main argument is that STS, and more specifically Sociology of Scientific Knowledge, helps scholars of science and religion to engage more fully with theoretical questions around the relationship between knowledge, practice, and ethics salient in the context of religious communities.",2024,,Tipo 5 CM ,Tipo 5 - Constructivismo moderado,tipo_5_constructivismo_moderado,directo,Approved direct legacy label for the canonical Arbor contract.,False,True,towards a sociology of science and theology,,c049481a91b1fcbc913a07f6a5cda634e7a1e0cf8489cccd75c6ce405287ea25,,,,True,conflicting_cues,,,False,False,"The empirical focus of the chapter is senior church leaders’ views on science and religion. I draw on this body of work to illustrate how my Science and Technology Studies (STS) approach leads to what can be thought of as a sociology of science and theology which I argue should have a place in the Social Study of Science and Religion. The main argument is that STS, and more specifically Sociology of Scientific Knowledge, helps scholars of science and religion to engage more fully with theoretical questions around the relationship between knowledge, practice, and ethics salient in the context of religious communities.",abstract_plus_keywords,1,1,0,0,empirical | theoretical
seed:Clasificados:19,seed,Clasificados,Sociology of expertise as public sociology,"The coronavirus pandemic has made clear the dilemma faced by sociologists of expertise. Their analyses are more in demand than ever before. They can and must be public sociologists. But can they speak about expertise without undermining public trust in science and experts? Their bread-and-butter is to demonstrate the inherent contingency and subjectivity of experts’ judgments, measurements, and forecasts. But now everybody knows how to do this, and the consequences of critical proliferation are not reassuring. Openly scornful, Andrew Cuomo, the Governor of the State of New York as of the time of writing this chapter (March 2021), says he does not trust “the experts”(and insists on the air quotes). Nine of the state’s top public health officials resign in protest (Goodman et al. 2021). Displaying an astute grasp of the contingent nature of expert measurements, a few mothers organize a Twitter campaign to encourage healthy people to get tested in order to lower the positivity rate in their neighborhood so schools can reopen. What can sociologists of expertise say that would not be adding fuel to the fire? If the order of the day is to shore up trust in experts, do we have even the slightest inkling how to do this?
Maybe it is not the order of the day? Mistrust of experts might be justified in light of their dismal track record. Think Three Mile Island, Chernobyl, Fukushima. Recall the United States (US) Surgeon General’s disastrous tweet:“seriously people—STOP BUYING MASKS! They are NOT effective in preventing general public from catching# Coronavirus”(Tufekci 2020). Perhaps the problem is not people’s lack of trust in experts—Americans routinely express high levels of trust in scientists (Pizmony-Levy 2021), and Europeans are not far behind (Lazarus et al. 2021)‒but the experts’ lack of trust in people? In this context, calling attention to the hubris of experts is what public sociology needs to do. And yet, this is not altogether convincing. When the pandemic is over and the post-mortem begins, it is likely to finger the mistrust of experts. The overwhelming fact about the pandemic is a huge discrepancy in daily death ratios between the Western liberal democracies and the East Asian countries: upwards of 1500 deaths per million in the US, United Kingdom (UK), Belgium, Spain, Italy, and so on, as against 3‒69 per million in China, Taiwan, South Korea, Vietnam, or Japan. I am not suggesting that mistrust in experts explains this difference by itself. Such a huge, sprawling fact is no doubt due to multiple, interacting factors. And yet, the degree of contestation around expertise—what I have called, before the pandemic, a “crisis of expertise”(Eyal 2019)—certainly correlates with this divide. In the US, UK, and the European Union, there is intense conflict between epidemiologists, virologists, medical doctors, hospital directors, economists, physicists,“coronavirus influencers,” and politicians over who has the relevant expertise to deal with the pandemic. There is no doubt that this conflict undermines trust in public health authorities. In the East Asian countries, in contrast, there is a specific group of experts who enjoy more credibility than all others. They are called “SARS Heroes”: people such as Zhong Nanshan and Zhang Wenhong in China, Joseph Sung and Yuen Kwok-Yung in Hong Kong. In Taiwan, the Vice-President is a well-recognized “SARS Hero.”",2023,,Tipo 5 CM ,Tipo 5 - Constructivismo moderado,tipo_5_constructivismo_moderado,directo,Approved direct legacy label for the canonical Arbor contract.,False,True,sociology of expertise as public sociology,,caeba880c33c1d1e3458913abcbe5e715b14ab5a2398a8e9dffe2175a09ab2f1,NN,NN,,False,,,,False,False,"The coronavirus pandemic has made clear the dilemma faced by sociologists of expertise. Their analyses are more in demand than ever before. They can and must be public sociologists. But can they speak about expertise without undermining public trust in science and experts? Their bread-and-butter is to demonstrate the inherent contingency and subjectivity of experts’ judgments, measurements, and forecasts. But now everybody knows how to do this, and the consequences of critical proliferation are not reassuring. Openly scornful, Andrew Cuomo, the Governor of the State of New York as of the time of writing this chapter (March 2021), says he does not trust “the experts”(and insists on the air quotes). Nine of the state’s top public health officials resign in protest (Goodman et al. 2021). Displaying an astute grasp of the contingent nature of expert measurements, a few mothers organize a Twitter campaign to encourage healthy people to get tested in order to lower the positivity rate in their neighborhood so schools can reopen. What can sociologists of expertise say that would not be adding fuel to the fire? If the order of the day is to shore up trust in experts, do we have even the slightest inkling how to do this?
Maybe it is not the order of the day? Mistrust of experts might be justified in light of their dismal track record. Think Three Mile Island, Chernobyl, Fukushima. Recall the United States (US) Surgeon General’s disastrous tweet:“seriously people—STOP BUYING MASKS! They are NOT effective in preventing general public from catching# Coronavirus”(Tufekci 2020). Perhaps the problem is not people’s lack of trust in experts—Americans routinely express high levels of trust in scientists (Pizmony-Levy 2021), and Europeans are not far behind (Lazarus et al. 2021)‒but the experts’ lack of trust in people? In this context, calling attention to the hubris of experts is what public sociology needs to do. And yet, this is not altogether convincing. When the pandemic is over and the post-mortem begins, it is likely to finger the mistrust of experts. The overwhelming fact about the pandemic is a huge discrepancy in daily death ratios between the Western liberal democracies and the East Asian countries: upwards of 1500 deaths per million in the US, United Kingdom (UK), Belgium, Spain, Italy, and so on, as against 3‒69 per million in China, Taiwan, South Korea, Vietnam, or Japan. I am not suggesting that mistrust in experts explains this difference by itself. Such a huge, sprawling fact is no doubt due to multiple, interacting factors. And yet, the degree of contestation around expertise—what I have called, before the pandemic, a “crisis of expertise”(Eyal 2019)—certainly correlates with this divide. In the US, UK, and the European Union, there is intense conflict between epidemiologists, virologists, medical doctors, hospital directors, economists, physicists,“coronavirus influencers,” and politicians over who has the relevant expertise to deal with the pandemic. There is no doubt that this conflict undermines trust in public health authorities. In the East Asian countries, in contrast, there is a specific group of experts who enjoy more credibility than all others. They are called “SARS Heroes”: people such as Zhong Nanshan and Zhang Wenhong in China, Joseph Sung and Yuen Kwok-Yung in Hong Kong. In Taiwan, the Vice-President is a well-recognized “SARS Hero.”",abstract_plus_keywords,0,0,0,0,
seed:Clasificados:21,seed,Clasificados,Introduction: How the sociology of science and technology addresses science and society relations,"The sociology of science and technology is paying growing attention to how the scientific field connects with other spheres of society. Increasingly pushed to leave their “ivory tower”, to become accountable to taxpayers, to generate useful, marketable products, to take responsibility for negative impacts, to engage with the concerns of citizens and stakeholders and regain their trust, scientists are thus incentivised to establish ties with non-academic actors. This chapter provides a brief overview of how the sociology of science and technology has been addressing the issue of science and society relations. It then summarises the chapters included in this book.",2021,,Tipo 5 CM ,Tipo 5 - Constructivismo moderado,tipo_5_constructivismo_moderado,directo,Approved direct legacy label for the canonical Arbor contract.,False,True,introduction how the sociology of science and technology addresses science and society relations,,6034556ff757a224b4450f6ab1b0fae82dbc885370b57c931ccacc801680c92f,NN,NN,,False,,,,False,False,"The sociology of science and technology is paying growing attention to how the scientific field connects with other spheres of society. Increasingly pushed to leave their “ivory tower”, to become accountable to taxpayers, to generate useful, marketable products, to take responsibility for negative impacts, to engage with the concerns of citizens and stakeholders and regain their trust, scientists are thus incentivised to establish ties with non-academic actors. This chapter provides a brief overview of how the sociology of science and technology has been addressing the issue of science and society relations. It then summarises the chapters included in this book.",abstract_plus_keywords,0,0,0,0,
seed:Clasificados:22,seed,Clasificados,The sociology of science in Africa,"… as the scientific production of African countries and trends in research collaboration … African countries and the rest of the world, as well as the changing regimes of science funding on the …",2022,,Tipo 2 RM,Tipo 2 - Realismo moderado / critico,tipo_2_realismo_moderado_critico,fusionado,Approved alias merge into canonical Type 2.,False,True,the sociology of science in africa,,4a39e32ed4223c2f44b7040ce73c1a24dd890329fd2588928824b7674c733923,NN,NN,,False,,,,False,False,"… as the scientific production of African countries and trends in research collaboration … African countries and the rest of the world, as well as the changing regimes of science funding on the …",abstract_plus_keywords,0,0,0,0,
seed:Clasificados:23,seed,Clasificados,The legitimacy of science,… The ongoing pandemic and quickening climate … the significance of science and science policy to our world. These global catastrophes have laid bare the fragility of science's legitimacy …,2023,,Tipo 2 RM,Tipo 2 - Realismo moderado / critico,tipo_2_realismo_moderado_critico,fusionado,Approved alias merge into canonical Type 2.,False,True,the legitimacy of science,,b29357cbe61c12bb03f398dee736dbe56063e6d4b63e0e294a31d963c43f9198,NN,NN,,False,,,,False,False,… The ongoing pandemic and quickening climate … the significance of science and science policy to our world. These global catastrophes have laid bare the fragility of science's legitimacy …,abstract_plus_keywords,0,0,0,0,
seed:Clasificados:24,seed,Clasificados,SOCIOLOGY OF SCIENCE AND TECHNOLOGY,"… is to demonstrate that sociology of science/technology is addressing a set of questions central to all sociology. In this selection of research from the ""new"" sociology of science, Social …",2023,,Tipo 5 CM ,Tipo 5 - Constructivismo moderado,tipo_5_constructivismo_moderado,directo,Approved direct legacy label for the canonical Arbor contract.,False,True,sociology of science and technology,,695ed66c5bdcca317c7f122b987a603d9f5fdccb54bde1c90c70677139db7f96,NN,NN,,False,,,,False,False,"… is to demonstrate that sociology of science/technology is addressing a set of questions central to all sociology. In this selection of research from the ""new"" sociology of science, Social …",abstract_plus_keywords,0,0,0,0,
seed:Clasificados:25,seed,Clasificados,Sociology and History of Science,… Sociologists of science have concentrated on this characteristic of science as a tradition and … The questions they deal with are: How did this unique tradition of modern science emerge …,0,,Tipo 2 RM,Tipo 2 - Realismo moderado / critico,tipo_2_realismo_moderado_critico,fusionado,Approved alias merge into canonical Type 2.,False,True,sociology and history of science,,2c06578113beb26935a14456608fbf2b4a665908805f7a11b4095d8ebe101f33,NN,NN,,False,,,,False,False,… Sociologists of science have concentrated on this characteristic of science as a tradition and … The questions they deal with are: How did this unique tradition of modern science emerge …,abstract_plus_keywords,0,0,0,0,
seed:Clasificados:26,seed,Clasificados,Bourdieu's Philosophy and Sociology of Science: A Critical Appraisal,"This book explores Pierre Bourdieu's philosophy and sociology of science, which, though central to his thought, have been largely neglected in critical examinations of his work. Addressing the resultant confusion that surrounds Bourdieu's sociologized philosophy of science, it expounds his epistemology and sociology of science, situating it within the context of Anglo-American post-positivist philosophy of science and shedding light on the critique of relativist sociology of science that emerges from his field theory. From a detailed …",2023,,Tipo 4 PE,Tipo 4 - Pragmatismo epistemologico,tipo_4_pragmatismo_epistemologico,directo,Approved direct legacy label for the canonical Arbor contract.,False,True,bourdieu s philosophy and sociology of science a critical appraisal,,fc5f41e470e4ef8726b253fab642ab9106ed286fe34fe913669f02d04a4c5310,NN,NN,,False,,,,False,False,"This book explores Pierre Bourdieu's philosophy and sociology of science, which, though central to his thought, have been largely neglected in critical examinations of his work. Addressing the resultant confusion that surrounds Bourdieu's sociologized philosophy of science, it expounds his epistemology and sociology of science, situating it within the context of Anglo-American post-positivist philosophy of science and shedding light on the critique of relativist sociology of science that emerges from his field theory. From a detailed …",abstract_plus_keywords,0,0,0,0,
seed:Clasificados:27,seed,Clasificados,Experimentation in the sociology of science: Representational and generative registers in the imitation game,"The 'experiment'has been a central topic in the history and sociology of science, especially since Science & Technology Studies (STS) set out to empirically study the segregated laboratory spaces where scientific experimentation takes place (Collins, 1985; Knorr-Cetina, 1981; Latour & Woolgar, 1979). Historical approaches focused on understanding how the experimental mode of knowledge production became dominant in the natural sciences, and to what effects (Shapin and Shaffer, 1985).The perception that experiments are primarily …",2019,,Tipo 4 PE,Tipo 4 - Pragmatismo epistemologico,tipo_4_pragmatismo_epistemologico,directo,Approved direct legacy label for the canonical Arbor contract.,False,True,experimentation in the sociology of science representational and generative registers in the imitation game,,876a14ea100f5ed449cb38b76ada49bb4f9b7791137b8a98d36c7932670f9156,empirico,empirico,,True,insufficient_evidence,,,False,False,"The 'experiment'has been a central topic in the history and sociology of science, especially since Science & Technology Studies (STS) set out to empirically study the segregated laboratory spaces where scientific experimentation takes place (Collins, 1985; Knorr-Cetina, 1981; Latour & Woolgar, 1979). Historical approaches focused on understanding how the experimental mode of knowledge production became dominant in the natural sciences, and to what effects (Shapin and Shaffer, 1985).The perception that experiments are primarily …",abstract_plus_keywords,2,0,0,0,empirical | experiment
seed:Clasificados:28,seed,Clasificados,"The History, Philosophy, and Sociology of Science in Science Teaching","In this chapter, we assume that the importance of the History, Philosophy and Sociology of Science (HPSS) for Science Education is well known. In the areas of Science Education and Science Education research, HPSS has found an unmistakable niche in recent decades. HPSS has potential in science education as both content in itself and didactic strategy. Using this (apparent) consensus as background, we will discuss three issues:(1) Difficulties and obstacles to the effective use of historical-philosophical approaches in basic (primary and secondary) and higher education;(2) The risks of an epistemologically equivalent treatment of everyday and scientific knowledge; and (3) The likely harm caused to high quality science education by an extreme relativist view of science. In our discussion, we point out that reasons for teaching science must go beyond the perspective of understanding the natural and technological world, also including the way in which this understanding is achieved. Science consists of special knowledge, with its own language and epistemology, which differ from other forms of knowledge (everyday knowledge, in particular). Learning about science also involves learning about these differences. This is important to avoid an extreme relativist view of science. HPSS plays a crucial role in this process. Although learning about science is not provided exclusively by a historical-philosophical approach, the latter has proved to be an excellent path to achieve this goal. HPSS, along with other theoretical-methodological tendencies and approaches, continues to be a fertile field providing elements that lay the foundation for epistemologically-oriented scientific education.",2020,,Tipo 2 RC,Tipo 2 - Realismo moderado / critico,tipo_2_realismo_moderado_critico,fusionado,Approved alias merge into canonical Type 2.,False,True,the history philosophy and sociology of science in science teaching,,f0eb494ac97389fac350b15eadf0d592b5f0abbcb6a49dbf64b169a65a2556d2,no_empirico,no_empirico,,False,,,,False,False,"In this chapter, we assume that the importance of the History, Philosophy and Sociology of Science (HPSS) for Science Education is well known. In the areas of Science Education and Science Education research, HPSS has found an unmistakable niche in recent decades. HPSS has potential in science education as both content in itself and didactic strategy. Using this (apparent) consensus as background, we will discuss three issues:(1) Difficulties and obstacles to the effective use of historical-philosophical approaches in basic (primary and secondary) and higher education;(2) The risks of an epistemologically equivalent treatment of everyday and scientific knowledge; and (3) The likely harm caused to high quality science education by an extreme relativist view of science. In our discussion, we point out that reasons for teaching science must go beyond the perspective of understanding the natural and technological world, also including the way in which this understanding is achieved. Science consists of special knowledge, with its own language and epistemology, which differ from other forms of knowledge (everyday knowledge, in particular). Learning about science also involves learning about these differences. This is important to avoid an extreme relativist view of science. HPSS plays a crucial role in this process. Although learning about science is not provided exclusively by a historical-philosophical approach, the latter has proved to be an excellent path to achieve this goal. HPSS, along with other theoretical-methodological tendencies and approaches, continues to be a fertile field providing elements that lay the foundation for epistemologically-oriented scientific education.",abstract_plus_keywords,0,3,0,0,perspective | philosophical | theoretical
seed:Clasificados:30,seed,Clasificados,Sociology of law and science,"… to refer to the philosophy of law, the science of law, and the study of legal doctrine. … sociology and tried to conceptualize what is law, it is time to take a closer look at what is meant by the …",2020,,Tipo 5 CM ,Tipo 5 - Constructivismo moderado,tipo_5_constructivismo_moderado,directo,Approved direct legacy label for the canonical Arbor contract.,False,True,sociology of law and science,,fd04b57aba3bce7e24fb23ed32e97bbe80c590a1622d9c82c3befdddcf120005,no_empirico,no_empirico,,False,,,,False,False,"… to refer to the philosophy of law, the science of law, and the study of legal doctrine. … sociology and tried to conceptualize what is law, it is time to take a closer look at what is meant by the …",abstract_plus_keywords,0,1,0,0,conceptual
seed:Clasificados:31,seed,Clasificados,Sociology of Science: Why They Are Mostly Wrong,… I believe that sociology has little or no core and I try to explain why it does not develop one as the natural sciences do. … which are constant (the structure of the atom) and sciences like …,0,,Tipo 1 RF,Tipo 1 - Realismo fuerte,tipo_1_realismo_fuerte,directo,Approved direct legacy label for the canonical Arbor contract.,False,True,sociology of science why they are mostly wrong,,fd380e3f7811d0ea6bb3a1ce3c2ff810f81260991bc5acb3be4c5ec50ac61bc8,NN,NN,,False,,,,False,False,… I believe that sociology has little or no core and I try to explain why it does not develop one as the natural sciences do. … which are constant (the structure of the atom) and sciences like …,abstract_plus_keywords,0,0,0,0,
seed:Clasificados:33,seed,Clasificados,ImagInarIes of Care and sCIenCe In anthropoCene UtopIan fUtUrology. the soCIology of sCIenCe In KIm s. robInson's THE MINISTRY FOR THE FUTURE,"The article analyzes climate fiction utopia 'Ministry for the Future'by Kim S. Robinson. The analytical method relies on the framework of sociotechnical imaginaries proposed by Sheila Jasanoff and Sang-Hyun Kim and combines it with the critical history of science and feminist studies of care. Since in the process of writing the novel its author went through numerous consultations with scientists, in the article this oeuvre is analyzed both as a piece of science fiction and as a futurology essay. It is examined how the institutions of science are portrayed …",2024,,Tipo 5 CM ,Tipo 5 - Constructivismo moderado,tipo_5_constructivismo_moderado,directo,Approved direct legacy label for the canonical Arbor contract.,False,True,imaginaries of care and science in anthropocene utopian futurology the sociology of science in kim s robinson s the ministry for the future,,5a5bb707b671f286544b6af02b8ed99c166b71158852886a3bdc5ad0c94352da,no_empirico,no_empirico,,False,,,,False,False,"The article analyzes climate fiction utopia 'Ministry for the Future'by Kim S. Robinson. The analytical method relies on the framework of sociotechnical imaginaries proposed by Sheila Jasanoff and Sang-Hyun Kim and combines it with the critical history of science and feminist studies of care. Since in the process of writing the novel its author went through numerous consultations with scientists, in the article this oeuvre is analyzed both as a piece of science fiction and as a futurology essay. It is examined how the institutions of science are portrayed …",abstract_plus_keywords,0,1,0,0,essay
seed:Clasificados:34,seed,Clasificados,"French neopositivism and the logic, psychology, and sociology of scientific discovery","This article is concerned with one of the notable but forgotten research strands that developed out of French nineteenth-century positivism, a strand that turned attention to the study of scientific discovery and was actively pursued by French epistemologists around the turn of the nineteenth century. I first sketch the context in which this research program emerged. I show that the program was a natural offshoot of French neopositivism; the latter was a current of twentieth-century thought that, even if implicitly, challenged the positivism of first-generation positivists such as Comte. I then survey what French epistemologists—including Ernest Naville, Élie Rabier, Pierre Duhem, Édouard Le Roy, Abel Rey, André Lalande, Théodule-Armand Ribot, Edmond Goblot, and Jacques Picard, among others—had to say about the logic, psychology, and sociology of discovery. My story demonstrates the inaccuracy of existing historical accounts of the philosophical study of scientific discovery.",2021,,Tipo 2 RC,Tipo 2 - Realismo moderado / critico,tipo_2_realismo_moderado_critico,fusionado,Approved alias merge into canonical Type 2.,False,True,french neopositivism and the logic psychology and sociology of scientific discovery,,f4bdbe704746767bf3174e408c91fcdfbfce356786616ade43bc94afc135e231,empirico,empirico,cuantitativo,False,,,,False,False,"This article is concerned with one of the notable but forgotten research strands that developed out of French nineteenth-century positivism, a strand that turned attention to the study of scientific discovery and was actively pursued by French epistemologists around the turn of the nineteenth century. I first sketch the context in which this research program emerged. I show that the program was a natural offshoot of French neopositivism; the latter was a current of twentieth-century thought that, even if implicitly, challenged the positivism of first-generation positivists such as Comte. I then survey what French epistemologists—including Ernest Naville, Élie Rabier, Pierre Duhem, Édouard Le Roy, Abel Rey, André Lalande, Théodule-Armand Ribot, Edmond Goblot, and Jacques Picard, among others—had to say about the logic, psychology, and sociology of discovery. My story demonstrates the inaccuracy of existing historical accounts of the philosophical study of scientific discovery.",abstract_plus_keywords,2,1,0,1,philosophical | survey
seed:Clasificados:35,seed,Clasificados,Popper's Sociology of Science and Its Political Deficit,"The paper offers a distinctive reading of Popper's work, suggesting that his Logic of Scientific Discovery (LScD) might be re-interpreted in the light of his Open Society. Indeed, Popper can be interpreted as criticising certain aspects of his first book, and as a result improving upon them, in his second. It suggests translating what Popper says about 'conventions' into his later vocabulary of 'social institutions'. Looking back, I believe that Popper never intended the language of conventions and decisions to be read individualistically. I remain …",2023,,Tipo 1 RF,Tipo 1 - Realismo fuerte,tipo_1_realismo_fuerte,directo,Approved direct legacy label for the canonical Arbor contract.,False,True,popper s sociology of science and its political deficit,,bd7b9b1877647e1df02fc012263256f29386199c6f4f4588d1405a4e7d31f4d6,NN,NN,,False,,,,False,False,"The paper offers a distinctive reading of Popper's work, suggesting that his Logic of Scientific Discovery (LScD) might be re-interpreted in the light of his Open Society. Indeed, Popper can be interpreted as criticising certain aspects of his first book, and as a result improving upon them, in his second. It suggests translating what Popper says about 'conventions' into his later vocabulary of 'social institutions'. Looking back, I believe that Popper never intended the language of conventions and decisions to be read individualistically. I remain …",abstract_plus_keywords,0,0,0,0,
seed:Clasificados:36,seed,Clasificados,"From the Problem of Genius to the Integration of Philosophy, History, and Sociology of Science: Edgar Zilsel's Life and Work Viewed in the Context of Recent …","Edgar Zilsel (1891–1944) was a typical outsider for several reasons – as a Jew, socialist, and scholar outside the university aiming at an integrated history, philosophy, and sociology of science from a materialistic point of view. His main publications and research projects in Vienna (on induction and probability, the problem of genius, philosophy in political context) and after his forced migration (on the origins of modern science and the laws of nature and history) are described and analyzed here in their diachronic and synchronic connections and contexts. Even though Zilsel’s projects were left uncompleted for largely external reasons, their underlying continuity and unity can serve as a heuristic tool for interpreting his complex life’s work. Below, a bio-bibliographical sketch of Zilsel from Vienna to the exile years in the USA (with a case study on Zilsel in Harvard 1939) is followed by a survey of research on Zilsel from the 1970s to the present. The conclusion compares Zilsel’s work before, during, and after his Vienna Circle period: despite the criticisms of and extensions to his work (esp. the “Zilsel thesis”), the relevance of his achievements and his unfinished research program stands undiminished.",2022,,Tipo 2 RM,Tipo 2 - Realismo moderado / critico,tipo_2_realismo_moderado_critico,fusionado,Approved alias merge into canonical Type 2.,False,True,from the problem of genius to the integration of philosophy history and sociology of science edgar zilsel s life and work viewed in the context of recent,,145168254d4067418540dbaf4e5114b5b77c2cd1aff96297ea8095fae70938df,empirico,empirico,,True,conflicting_cues,,,False,False,"Edgar Zilsel (1891–1944) was a typical outsider for several reasons – as a Jew, socialist, and scholar outside the university aiming at an integrated history, philosophy, and sociology of science from a materialistic point of view. His main publications and research projects in Vienna (on induction and probability, the problem of genius, philosophy in political context) and after his forced migration (on the origins of modern science and the laws of nature and history) are described and analyzed here in their diachronic and synchronic connections and contexts. Even though Zilsel’s projects were left uncompleted for largely external reasons, their underlying continuity and unity can serve as a heuristic tool for interpreting his complex life’s work. Below, a bio-bibliographical sketch of Zilsel from Vienna to the exile years in the USA (with a case study on Zilsel in Harvard 1939) is followed by a survey of research on Zilsel from the 1970s to the present. The conclusion compares Zilsel’s work before, during, and after his Vienna Circle period: despite the criticisms of and extensions to his work (esp. the “Zilsel thesis”), the relevance of his achievements and his unfinished research program stands undiminished.",abstract_plus_keywords,4,0,1,1,case study | survey
seed:Clasificados:37,seed,Clasificados,What makes a good PhD thesis? Norms of science as reflected in written assessments of PhD theses,"This study looks at assessment of PhD theses from two perspectives: criteria in use in assessment reports at a science faculty and norms of science. Fifty assessment reports were analysed inductively, resulting in thirteen categories that examiners consider when assessing a thesis. These categories were compared with norms of science as described in the sociology of science. The study shows a high congruence between the two perspectives, but also new categories worthy of further discussion and research. Relevance of the thesis research and quality by proxy (that publication is an indicator of quality) stand out very clearly in this study compared with earlier assessment research. These two categories are both relatively new categories in assessment research and indicate that the classical norms of science are changing with an increasing influence of post-academic norms in academia.",2023,,Tipo 2 RM,Tipo 2 - Realismo moderado / critico,tipo_2_realismo_moderado_critico,fusionado,Approved alias merge into canonical Type 2.,False,True,what makes a good phd thesis norms of science as reflected in written assessments of phd theses,,42a11e03aca23f296ab854382659e163fa35e590fd8a7f31efa66c56b22e1bc8,,,,True,conflicting_cues,,,False,False,"This study looks at assessment of PhD theses from two perspectives: criteria in use in assessment reports at a science faculty and norms of science. Fifty assessment reports were analysed inductively, resulting in thirteen categories that examiners consider when assessing a thesis. These categories were compared with norms of science as described in the sociology of science. The study shows a high congruence between the two perspectives, but also new categories worthy of further discussion and research. Relevance of the thesis research and quality by proxy (that publication is an indicator of quality) stand out very clearly in this study compared with earlier assessment research. These two categories are both relatively new categories in assessment research and indicate that the classical norms of science are changing with an increasing influence of post-academic norms in academia.",abstract_plus_keywords,1,1,0,0,perspective | this study
seed:Clasificados:39,seed,Clasificados,The politics of calculation. Towards a sociology of quantification in governance,"A diversity of modes of quantification in contemporary societies have now been explored, following the path of scholars who inspired this field, such as Alain Desrosières. This introduction to the special issue of the Revue d'Anthropologie des Connaissances on the politics of calculation argues that there remains a gap between different strains of the sociology of quantification-one that emphasizes the governmentality it embodies and the discipline it establishes, the other that pays attention to the collective mobilization capacities …",2019,,Tipo 5 CM ,Tipo 5 - Constructivismo moderado,tipo_5_constructivismo_moderado,directo,Approved direct legacy label for the canonical Arbor contract.,False,True,the politics of calculation towards a sociology of quantification in governance,,f8467760e568bbbb096baf90766706543965421c589312922cecfb9408002d01,NN,NN,,False,,,,False,False,"A diversity of modes of quantification in contemporary societies have now been explored, following the path of scholars who inspired this field, such as Alain Desrosières. This introduction to the special issue of the Revue d'Anthropologie des Connaissances on the politics of calculation argues that there remains a gap between different strains of the sociology of quantification-one that emphasizes the governmentality it embodies and the discipline it establishes, the other that pays attention to the collective mobilization capacities …",abstract_plus_keywords,0,0,0,0,
seed:Clasificados:41,seed,Clasificados,The sociology of ignorance and post‐truth politics,"This essay is written in response to Fujimura and Holmes’s piece “Staying the Course,” published in the December 2019 special issue of Sociological Forum—Resistance in the Twenty‐First Century.",2020,,Tipo 5 CM ,Tipo 5 - Constructivismo moderado,tipo_5_constructivismo_moderado,directo,Approved direct legacy label for the canonical Arbor contract.,False,True,the sociology of ignorance and post truth politics,,2f660b60f6bc385c5ac345797f46ebb0e17e981f85832fc58e7dbf2c58f3b257,no_empirico,no_empirico,,False,,,,False,False,"This essay is written in response to Fujimura and Holmes’s piece “Staying the Course,” published in the December 2019 special issue of Sociological Forum—Resistance in the Twenty‐First Century.",abstract_plus_keywords,0,1,0,0,essay
seed:Clasificados:42,seed,Clasificados,"Science, Part II: The Study of Science","This second part of the trilogy0 about science, focus on the various fields studying science studies (“science studies”, “metasciences” or “sciences of science”). Section 4 focus on the major fields (philosophy of science, history of science and sociology of science) but it also includes the minor fields scientometrics, psychology of science, information science, terminology studies and genre studies. Section 5 is about the fields of scholarly communication and knowledge organization. The main idea is that all the presented fields are important allies to information science with knowledge organization, and that information science should understand itself as a kind of science studies.",2022,,Tipo 2 RM,Tipo 2 - Realismo moderado / critico,tipo_2_realismo_moderado_critico,fusionado,Approved alias merge into canonical Type 2.,False,True,science part ii the study of science,,5e81afe17e5ff81eb29f1f2822608562648381253e20637d1d0d76bb7d7cc206,empirico,empirico,cuantitativo,False,,,,False,False,"This second part of the trilogy0 about science, focus on the various fields studying science studies (“science studies”, “metasciences” or “sciences of science”). Section 4 focus on the major fields (philosophy of science, history of science and sociology of science) but it also includes the minor fields scientometrics, psychology of science, information science, terminology studies and genre studies. Section 5 is about the fields of scholarly communication and knowledge organization. The main idea is that all the presented fields are important allies to information science with knowledge organization, and that information science should understand itself as a kind of science studies.",abstract_plus_keywords,2,0,0,1,scientometric
seed:Clasificados:43,seed,Clasificados,"Scientific Thinking and Critical Thinking: A Keystone for History, Philosophy and Sociology of Science Teaching","Scientific thinking (or scientific reasoning as it is also labelled) emerged in science education mainly from the contributions from history, philosophy, sociology, nature and processes of science (Kind 2013). On the other hand, critical thinking is a construct created within the framework of cognitive psychology yet it has been especially cultivated in philosophy. This paper elaborates both research programs on critical and scientific thinking to unveil its resemblance and relationships, to clarify their understanding and to enhance their implementation in science education by teachers, who are not specialists in these issues. As a consequence of the resemblance, the claim that critical thinking may be considered a crosscutting concept for science education is advocated and discussed. A wide literature on history, philosophy, sociology (HPS thereafter) and nature of science, socio-scientific issues, argumentation, metacognition, reflection, and some papers on processes of science often display a set of cognitive, epistemic, procedural and value skills that are put into play in scientific practice.
Some papers use the label scientific reasoning to refer to scientists’ habits of mind, yet this label may convey some reductionism to logic thinking. Kind (2013) traces back the history of scientific reasoning to conclude that it involves three types of knowledge (content, procedural and epistemic). Further, Kind and Osborne (2016) consider a failure the lack of consensus about the meaning of scientific reasoning and draw from Crombie (1994) a taxonomy that involves six styles of scientific reasoning, namely, mathematical deduction, experimental exploration, hypothetical modeling, categorization and classification, probabilistic and statistical thinking and evolutionary accounts.",2019,,Tipo 2 RM,Tipo 2 - Realismo moderado / critico,tipo_2_realismo_moderado_critico,fusionado,Approved alias merge into canonical Type 2.,False,True,scientific thinking and critical thinking a keystone for history philosophy and sociology of science teaching,,da0f67139271ad71dc967fe9824a940870c1f40c96c93352ef1bded2e89324d5,empirico,empirico,cuantitativo,False,,,,False,False,"Scientific thinking (or scientific reasoning as it is also labelled) emerged in science education mainly from the contributions from history, philosophy, sociology, nature and processes of science (Kind 2013). On the other hand, critical thinking is a construct created within the framework of cognitive psychology yet it has been especially cultivated in philosophy. This paper elaborates both research programs on critical and scientific thinking to unveil its resemblance and relationships, to clarify their understanding and to enhance their implementation in science education by teachers, who are not specialists in these issues. As a consequence of the resemblance, the claim that critical thinking may be considered a crosscutting concept for science education is advocated and discussed. A wide literature on history, philosophy, sociology (HPS thereafter) and nature of science, socio-scientific issues, argumentation, metacognition, reflection, and some papers on processes of science often display a set of cognitive, epistemic, procedural and value skills that are put into play in scientific practice.
Some papers use the label scientific reasoning to refer to scientists’ habits of mind, yet this label may convey some reductionism to logic thinking. Kind (2013) traces back the history of scientific reasoning to conclude that it involves three types of knowledge (content, procedural and epistemic). Further, Kind and Osborne (2016) consider a failure the lack of consensus about the meaning of scientific reasoning and draw from Crombie (1994) a taxonomy that involves six styles of scientific reasoning, namely, mathematical deduction, experimental exploration, hypothetical modeling, categorization and classification, probabilistic and statistical thinking and evolutionary accounts.",abstract_plus_keywords,5,0,0,2,experiment | modeling | statistical
seed:Clasificados:44,seed,Clasificados,On the pursuitworthiness of qualitative methods in empirical philosophy of science,"While the pursuitworthiness of philosophical ideas has changed over time, philosophical practice and methodology have not kept pace. The worthiness of a philosophical pursuit includes not only the ideas and objectives one pursues but also the methods with which one pursues them. In this paper, we articulate how empirical approaches benefit philosophy of science, particularly advocating for the use of qualitative methods for understanding the social and normative aspects of scientific inquiry. After situating qualitative methods within …",2023,,Tipo 2 RM,Tipo 2 - Realismo moderado / critico,tipo_2_realismo_moderado_critico,fusionado,Approved alias merge into canonical Type 2.,False,True,on the pursuitworthiness of qualitative methods in empirical philosophy of science,,8c1eb8983602e7aea23d94ac01a91f3628b0d2eef8fe15e3f67b9b62c97f7b3b,empirico,empirico,cualitativo,False,,,,False,False,"While the pursuitworthiness of philosophical ideas has changed over time, philosophical practice and methodology have not kept pace. The worthiness of a philosophical pursuit includes not only the ideas and objectives one pursues but also the methods with which one pursues them. In this paper, we articulate how empirical approaches benefit philosophy of science, particularly advocating for the use of qualitative methods for understanding the social and normative aspects of scientific inquiry. After situating qualitative methods within …",abstract_plus_keywords,2,1,1,0,empirical | philosophical | qualitative
seed:Clasificados:45,seed,Clasificados,Put to the test: For a new sociology of testing,"In an age defined by computational innovation, testing seems to have become ubiquitous, and tests are routinely deployed as a form of governance, a marketing device, an instrument for political intervention, and an everyday practice to evaluate the self. This essay argues that something more radical is happening here than simply attempts to move tests from the laboratory into social settings. The challenge that a new sociology of testing must address is that ubiquitous testing changes the relations between science, engineering, and sociology …",2020,,Tipo 5 CM ,Tipo 5 - Constructivismo moderado,tipo_5_constructivismo_moderado,directo,Approved direct legacy label for the canonical Arbor contract.,False,True,put to the test for a new sociology of testing,,9336e51b8e4f84ba1066cb531e0d4141ec35065e21619475cf48c92f717b2f00,no_empirico,no_empirico,,False,,,,False,False,"In an age defined by computational innovation, testing seems to have become ubiquitous, and tests are routinely deployed as a form of governance, a marketing device, an instrument for political intervention, and an everyday practice to evaluate the self. This essay argues that something more radical is happening here than simply attempts to move tests from the laboratory into social settings. The challenge that a new sociology of testing must address is that ubiquitous testing changes the relations between science, engineering, and sociology …",abstract_plus_keywords,0,1,0,0,essay
seed:Clasificados:46,seed,Clasificados,"From 'Science and Religion'to 'Transcendence in Science', or: What We Can Learn from the (History of) Science and Technology Studies","There is a problem in debates on science and religion: when talking about ‘science’, on the one hand, and ‘religion’, on the other, willing or not, one constructs and reconstructs two distinct categories. This is true independent of any positionings towards models of conflict, independence, dialogue, integration (see Barbour, 1997) or nonoverlapping magisteria (see Gould, 2011 [1999]), or any other description of this relationship. Simply upon using those categories, we explicitly or implicitly assume that we already know what ‘science’means and how it is different from what is not science in general, and different from religion in particular. This is not to say that there are no such differences. However, both spheres–science and religion–are not as clear-cut and uncontested as the use of such categories might imply. Indeed, we can observe intense and ongoing debates in both sub-disciplines dealing with those categories: the sociology of religion and the sociology of science (or science and technology studies [STS]).",2019,,Tipo 5 CM ,Tipo 5 - Constructivismo moderado,tipo_5_constructivismo_moderado,directo,Approved direct legacy label for the canonical Arbor contract.,False,True,from science and religion to transcendence in science or what we can learn from the history of science and technology studies,,6af58895f71a1ff45c676d843fb210ce3091f156b1e9fb03a5ca8de8444d2460,NN,NN,,False,,,,False,False,"There is a problem in debates on science and religion: when talking about ‘science’, on the one hand, and ‘religion’, on the other, willing or not, one constructs and reconstructs two distinct categories. This is true independent of any positionings towards models of conflict, independence, dialogue, integration (see Barbour, 1997) or nonoverlapping magisteria (see Gould, 2011 [1999]), or any other description of this relationship. Simply upon using those categories, we explicitly or implicitly assume that we already know what ‘science’means and how it is different from what is not science in general, and different from religion in particular. This is not to say that there are no such differences. However, both spheres–science and religion–are not as clear-cut and uncontested as the use of such categories might imply. Indeed, we can observe intense and ongoing debates in both sub-disciplines dealing with those categories: the sociology of religion and the sociology of science (or science and technology studies [STS]).",abstract_plus_keywords,0,0,0,0,
seed:Clasificados:47,seed,Clasificados,A New Political Sociology of Science,"… the basic contours of a new political sociology of science. In developing and organizing … political and institutional dynamics that shape the funding, administration, and practice of science…",2021,,Tipo 5 CM ,Tipo 5 - Constructivismo moderado,tipo_5_constructivismo_moderado,directo,Approved direct legacy label for the canonical Arbor contract.,False,True,a new political sociology of science,,dcf9643051e7c4af8a1d03806641fb139f731e227b6701b5b758ef63da3c52b6,NN,NN,,False,,,,False,False,"… the basic contours of a new political sociology of science. In developing and organizing … political and institutional dynamics that shape the funding, administration, and practice of science…",abstract_plus_keywords,0,0,0,0,
seed:Clasificados:48,seed,Clasificados,Three Studies in the Cultural Sociology of Science,"This dissertation is composed of three studies in the cultural sociology of science. The first chapter examines the accumulation of status within bioethics since 1990. Bioethics is important because it has life and death consequences across public policy, medical research, and the civil sphere. Despite several studies tracing the evolution of the field and possible ways that sociologists might intervene, less information exists about how status is accumulated within this relatively new field. I focus in Chapter One on how the categorization practices that authors use to position their paper within existing literature impact paper success, and I do so using data collected from the Web of Science. A series of negative binomial regression models produce a few key findings. Despite historical accounts that argue the institutional infrastructure of bioethics was largely in place by the early 1990s, results suggest that the social structure of the discipline continued to develop into the 2000s. Further, both the type of keywords used and the way in which authors couple certain keywords exhibit a positive statistically significant relationship with the number of citations a bioethics text is expected to receive.",2019,,Tipo 2 RM,Tipo 2 - Realismo moderado / critico,tipo_2_realismo_moderado_critico,fusionado,Approved alias merge into canonical Type 2.,False,True,three studies in the cultural sociology of science,,18e47451f0bc09223c82615e41102596f94fe891bd0474a1aeb6a4c01273eef6,empirico,empirico,cuantitativo,False,,,,False,False,"This dissertation is composed of three studies in the cultural sociology of science. The first chapter examines the accumulation of status within bioethics since 1990. Bioethics is important because it has life and death consequences across public policy, medical research, and the civil sphere. Despite several studies tracing the evolution of the field and possible ways that sociologists might intervene, less information exists about how status is accumulated within this relatively new field. I focus in Chapter One on how the categorization practices that authors use to position their paper within existing literature impact paper success, and I do so using data collected from the Web of Science. A series of negative binomial regression models produce a few key findings. Despite historical accounts that argue the institutional infrastructure of bioethics was largely in place by the early 1990s, results suggest that the social structure of the discipline continued to develop into the 2000s. Further, both the type of keywords used and the way in which authors couple certain keywords exhibit a positive statistically significant relationship with the number of citations a bioethics text is expected to receive.",abstract_plus_keywords,4,0,0,2,regression | statistical
seed:Clasificados:49,seed,Clasificados,The Sociology of Science in Africa,"… as the scientific production of African countries and trends in research collaboration … African countries and the rest of the world, as well as the changing regimes of science funding on the …",0,,Tipo 2 RM,Tipo 2 - Realismo moderado / critico,tipo_2_realismo_moderado_critico,fusionado,Approved alias merge into canonical Type 2.,False,True,the sociology of science in africa,,4a39e32ed4223c2f44b7040ce73c1a24dd890329fd2588928824b7674c733923,NN,NN,,False,,,,False,False,"… as the scientific production of African countries and trends in research collaboration … African countries and the rest of the world, as well as the changing regimes of science funding on the …",abstract_plus_keywords,0,0,0,0,
seed:Clasificados:50,seed,Clasificados,Political Sociology of Science and Technology and Science Policies in India: An Historical Throwback,"In this paper the researcher tried to trace the political sociology of science and technology and science policies in India. It is being observed that today science and technology play a key role in all domains of life. Science and technology were recognized as important means to achieve economic development and cultural transformation. In India the science policy resolution of 1958 is indication of this recognition. However, access to basic science and technology and their application still confined to a meager section of populace. It is in this …",2021,,Tipo 2 RM,Tipo 2 - Realismo moderado / critico,tipo_2_realismo_moderado_critico,fusionado,Approved alias merge into canonical Type 2.,False,True,political sociology of science and technology and science policies in india an historical throwback,,5d20a41c29f613e645920b4a0f5be1013b9702f56dffcab231d892b5b70d6096,NN,NN,,False,,,,False,False,"In this paper the researcher tried to trace the political sociology of science and technology and science policies in India. It is being observed that today science and technology play a key role in all domains of life. Science and technology were recognized as important means to achieve economic development and cultural transformation. In India the science policy resolution of 1958 is indication of this recognition. However, access to basic science and technology and their application still confined to a meager section of populace. It is in this …",abstract_plus_keywords,0,0,0,0,
seed:Clasificados:53,seed,Clasificados,The traditional approach of sociology of science in current pedagogical discourse: Evaluating key is,"This paper analyzes the traditional approach to the sociology of science based upon Karl Mannheim? s sociology of knowledge. Robert Merton? s program is discussed as the basis of sociology of science. Furthermore, Kuhn is acknowledged as having set up the foundation for a new paradigm in the sociology of science.",2023,,Tipo 2 RM,Tipo 2 - Realismo moderado / critico,tipo_2_realismo_moderado_critico,fusionado,Approved alias merge into canonical Type 2.,False,True,the traditional approach of sociology of science in current pedagogical discourse evaluating key is,,463558fb7eb4380dd7341060ed40f171659a028362b0d4eeab9243aec93917c3,NN,NN,,False,,,,False,False,"This paper analyzes the traditional approach to the sociology of science based upon Karl Mannheim? s sociology of knowledge. Robert Merton? s program is discussed as the basis of sociology of science. Furthermore, Kuhn is acknowledged as having set up the foundation for a new paradigm in the sociology of science.",abstract_plus_keywords,0,0,0,0,
seed:Clasificados:54,seed,Clasificados,"Science education and the pandemic, 1 year on: Emergence of new conceptual tools and re-calibration of existing educational approaches","One year has passed since my editorial about science education in the pandemic era was published online in March 2020. In one sense, it feels as though a longer period has elapsed. In another sense, it only seems a few weeks ago when I was pondering about what the impending pandemic meant for research on the applications of history, philosophy, and sociology of science in science education. Our experience of time can seem distorted and confused at times during this pandemic, as evidenced by the typographical error in that editorial where I referred to my doctoral student’s research taking place in February 2019 when only 1 month had elapsed. Time seems to have taken a different meaning in our everyday lives, but can “time” emerge from its benign presence in our research endeavours to become a focus of investigation for science education? In a recent paper, Levrini et al.(2021) have explored precisely this question by referring to concepts such has “alienation from time”,“time re-appropriation”, and “era of future shock” and drawing on perspectives from sociology of time to understand how students’ daily rituals in schools detach their science learning from broader societal issues. Such concepts are providing us with new ways of interpreting what the pandemic has meant for science education in the past year.
Indeed, the pandemic context is helping researchers galvanize new and fresh perspectives on how to understand and improve science education to make it relevant for today’s circumstances. In this issue of Science & Education, Pietrocola and colleagues characterize the Covid-19 pandemic as “manufactured risk”. The authors question new roles for science education based on “risk society theory”, a conceptual framework that can act as a tool for understanding how to align science education with the contemporary demands on problemsolving. They argue that students are unable to deal with manufactured risk because of the type of problems they are usually prepared to solve at school and the limited risk perception they possess. The authors propose the integration in science courses of “wicked problems” with a multidimensional schema that they refer to as “amplified risk perception space” in order to identify and assess students’ risk perception.",2021,,Tipo 4 PE,Tipo 4 - Pragmatismo epistemologico,tipo_4_pragmatismo_epistemologico,directo,Approved direct legacy label for the canonical Arbor contract.,False,True,science education and the pandemic 1 year on emergence of new conceptual tools and re calibration of existing educational approaches,,a8ec7d5f67b0603a9b8636a641ff2972aaa0ba655021c122e6305315ecf1ed90,no_empirico,no_empirico,,False,,,,False,False,"One year has passed since my editorial about science education in the pandemic era was published online in March 2020. In one sense, it feels as though a longer period has elapsed. In another sense, it only seems a few weeks ago when I was pondering about what the impending pandemic meant for research on the applications of history, philosophy, and sociology of science in science education. Our experience of time can seem distorted and confused at times during this pandemic, as evidenced by the typographical error in that editorial where I referred to my doctoral student’s research taking place in February 2019 when only 1 month had elapsed. Time seems to have taken a different meaning in our everyday lives, but can “time” emerge from its benign presence in our research endeavours to become a focus of investigation for science education? In a recent paper, Levrini et al.(2021) have explored precisely this question by referring to concepts such has “alienation from time”,“time re-appropriation”, and “era of future shock” and drawing on perspectives from sociology of time to understand how students’ daily rituals in schools detach their science learning from broader societal issues. Such concepts are providing us with new ways of interpreting what the pandemic has meant for science education in the past year.
Indeed, the pandemic context is helping researchers galvanize new and fresh perspectives on how to understand and improve science education to make it relevant for today’s circumstances. In this issue of Science & Education, Pietrocola and colleagues characterize the Covid-19 pandemic as “manufactured risk”. The authors question new roles for science education based on “risk society theory”, a conceptual framework that can act as a tool for understanding how to align science education with the contemporary demands on problemsolving. They argue that students are unable to deal with manufactured risk because of the type of problems they are usually prepared to solve at school and the limited risk perception they possess. The authors propose the integration in science courses of “wicked problems” with a multidimensional schema that they refer to as “amplified risk perception space” in order to identify and assess students’ risk perception.",abstract_plus_keywords,0,3,0,0,conceptual | conceptual framework | perspective
seed:Clasificados:56,seed,Clasificados,Sociology of Science and Problem of Method in Weber,"… (Weber did not use the word sociology until quite late in life, and even then usually in … issues in sociology and other disciplines. Thus, Weber is still cited frequently in the social sciences …",0,,Tipo 2 RM,Tipo 2 - Realismo moderado / critico,tipo_2_realismo_moderado_critico,fusionado,Approved alias merge into canonical Type 2.,False,True,sociology of science and problem of method in weber,,4ace9e89493e40ddef87724158fb8b23436e1ed0a93ac5a18ce2e8bd9004a9b3,NN,NN,,False,,,,False,False,"… (Weber did not use the word sociology until quite late in life, and even then usually in … issues in sociology and other disciplines. Thus, Weber is still cited frequently in the social sciences …",abstract_plus_keywords,0,0,0,0,
seed:Clasificados:57,seed,Clasificados,The geo-ecological turn in sociology and its implications for the sociology of the arts,"Accelerating climate change has set in motion a broad change in beliefs about human life that is affecting the social sciences and humanities (SSH). A deeper understanding of the social causes and consequences of climate change is evolving in sociology, yet some of the discipline’s subfields have not responded to climate change. Is this because climate change is perceived to be irrelevant or are scholars suppressing new beliefs that could disrupt the norms of their field? The sociology of the arts provides an illustrative case. This subfield has historically ignored environmental factors, but there is mounting pressure for correcting this oversight and rethinking the beliefs and norms of the field. This article argues that climate change is relevant to the sociology of the arts and that this subfield can become more aligned with the geo-ecological turn in sociology and the SSH. This turn is part of a wider epochal and existential transformation in public consciousness in response to broad changes in society and nature. Changing beliefs about the arts are therefore not explained by endogenous dynamics in the arts field. The article provides a meta-analysis of the geo-ecological turn in sociology and in interdisciplinary arts and cultural research where pioneering arguments have emerged. The analysis uses theory of disciplinary transformation in the sociology of science to analyze largely implicit sociological claims for a transformation of ‘normal science’ beliefs about (1) aesthetic exceptionalism, illustrated by a new conception of music as a study object, and (2) the role of the arts in economic growth. Some implications for the sociology of the arts are considered.",2022,,Tipo 5 CM ,Tipo 5 - Constructivismo moderado,tipo_5_constructivismo_moderado,directo,Approved direct legacy label for the canonical Arbor contract.,False,True,the geo ecological turn in sociology and its implications for the sociology of the arts,,d6965a240cb5433fdc3a7e3eedb4c1b255b79ba16b717facc19fc55bd8e25dd8,empirico,empirico,cuantitativo,False,,,,False,False,"Accelerating climate change has set in motion a broad change in beliefs about human life that is affecting the social sciences and humanities (SSH). A deeper understanding of the social causes and consequences of climate change is evolving in sociology, yet some of the discipline’s subfields have not responded to climate change. Is this because climate change is perceived to be irrelevant or are scholars suppressing new beliefs that could disrupt the norms of their field? The sociology of the arts provides an illustrative case. This subfield has historically ignored environmental factors, but there is mounting pressure for correcting this oversight and rethinking the beliefs and norms of the field. This article argues that climate change is relevant to the sociology of the arts and that this subfield can become more aligned with the geo-ecological turn in sociology and the SSH. This turn is part of a wider epochal and existential transformation in public consciousness in response to broad changes in society and nature. Changing beliefs about the arts are therefore not explained by endogenous dynamics in the arts field. The article provides a meta-analysis of the geo-ecological turn in sociology and in interdisciplinary arts and cultural research where pioneering arguments have emerged. The analysis uses theory of disciplinary transformation in the sociology of science to analyze largely implicit sociological claims for a transformation of ‘normal science’ beliefs about (1) aesthetic exceptionalism, illustrated by a new conception of music as a study object, and (2) the role of the arts in economic growth. Some implications for the sociology of the arts are considered.",abstract_plus_keywords,1,0,0,1,meta-analysis
seed:Clasificados:58,seed,Clasificados,"Book title: Digitalization & society: A sociology of technology perspective on current trends in data, digital security and the internet","Modern society is in the thick of digitalization. In almost all areas of social life, we find a wide array of different practices that are subject to digital change. The Internet and social media platforms have changed how we receive information and experience entertainment, socialize, shop, and present ourselves. We develop and are confronted with new digital business models that are based on the “new gold” of user and process data. Apps and “smart” machines are designed to make sense of these data in order to automatically understand patterns or to control industrial processes in the context of Industry 4.0 (the Fourth Industrial Revolution). Algorithms, autonomous vacuum cleaners, cars or weapons and humanoid robots are in different stages of development and implementation. All of these manifestations and practices are obviously connected to questions of digital security, democracy, and how politics and legislation deal with these new phenomena of digitalization. Against this background, it is no wonder that there are extensive and occasionally controversial discussions about this omnipresent process of digitalization. Political and economic leaders worldwide evoke its significance for the future of wealth and prosperity. For example, German chancellor Angela Merkel aims to continue to ensure a leading role for Germany and Europe in Artificial Intelligence (AI) in the future, arguing that future wealth is strongly dependent on this leading position. She continues by proposing not only that future economic wealth relies on this leading",2019,,Tipo 5 CM ,Tipo 5 - Constructivismo moderado,tipo_5_constructivismo_moderado,directo,Approved direct legacy label for the canonical Arbor contract.,False,True,book title digitalization society a sociology of technology perspective on current trends in data digital security and the internet,,d89aaaea02ebb20b0496cdb507759ec3b05e5542afaa143d8ce962741976b413,no_empirico,no_empirico,,False,,,,False,False,"Modern society is in the thick of digitalization. In almost all areas of social life, we find a wide array of different practices that are subject to digital change. The Internet and social media platforms have changed how we receive information and experience entertainment, socialize, shop, and present ourselves. We develop and are confronted with new digital business models that are based on the “new gold” of user and process data. Apps and “smart” machines are designed to make sense of these data in order to automatically understand patterns or to control industrial processes in the context of Industry 4.0 (the Fourth Industrial Revolution). Algorithms, autonomous vacuum cleaners, cars or weapons and humanoid robots are in different stages of development and implementation. All of these manifestations and practices are obviously connected to questions of digital security, democracy, and how politics and legislation deal with these new phenomena of digitalization. Against this background, it is no wonder that there are extensive and occasionally controversial discussions about this omnipresent process of digitalization. Political and economic leaders worldwide evoke its significance for the future of wealth and prosperity. For example, German chancellor Angela Merkel aims to continue to ensure a leading role for Germany and Europe in Artificial Intelligence (AI) in the future, arguing that future wealth is strongly dependent on this leading position. She continues by proposing not only that future economic wealth relies on this leading",abstract_plus_keywords,0,1,0,0,perspective
seed:Clasificados:59,seed,Clasificados,The history of science and the history of society,"In 1949, the general historian, Herbert Butterfield, staked out a dramatic claim for the part played by science over the last five centuries in shaping Western society. In Butterfield's view, the Scientific Revolution of the sixteenth and seventeenth centuries. outshines everything since the rise of Christianity, and reduces the Renaissance and Reformation to the rank of mere episodes, mere internal displacements, within the system of medieval Christendom. 1",2020,,Tipo 2 RC,Tipo 2 - Realismo moderado / critico,tipo_2_realismo_moderado_critico,fusionado,Approved alias merge into canonical Type 2.,False,True,the history of science and the history of society,,516ec1d19975f1d38171fd0af1a7c9b0d5392b4b76e5e4bc197a170c00058873,NN,NN,,False,,,,False,False,"In 1949, the general historian, Herbert Butterfield, staked out a dramatic claim for the part played by science over the last five centuries in shaping Western society. In Butterfield's view, the Scientific Revolution of the sixteenth and seventeenth centuries. outshines everything since the rise of Christianity, and reduces the Renaissance and Reformation to the rank of mere episodes, mere internal displacements, within the system of medieval Christendom. 1",abstract_plus_keywords,0,0,0,0,
seed:Clasificados:60,seed,Clasificados,Past as prologue: Approaches to the study of confirmation in science,"In the 1970s, quantitative science studies were being pursued by sociologists, historians, and information scientists. Philosophers were part of this discussion, but their role would diminish as sociology of science asserted itself. An antiscience bias within the sociology of science became evident in the late 1970s, which split the science studies community, notably causing the “citationists” to go their own way. The main point of contention was whether science was a rational, evidence-based activity. To reverse the antiscience trend, it will be necessary to revive philosophical models of science, such as Bayesian confirmation theory or explanatory coherence models, where theory-experiment agreement plays a decisive role. A case study from the history of science is used to illustrate these models, and bibliometric and text-based methods are proposed as a source of data to test these models.",2020,,Tipo 1 RF,Tipo 1 - Realismo fuerte,tipo_1_realismo_fuerte,directo,Approved direct legacy label for the canonical Arbor contract.,False,True,past as prologue approaches to the study of confirmation in science,,8b185e987f872885b0901e762da2e071f2c4d454a573e724c72caea2a685cf49,empirico,empirico,cuantitativo,False,,,,False,False,"In the 1970s, quantitative science studies were being pursued by sociologists, historians, and information scientists. Philosophers were part of this discussion, but their role would diminish as sociology of science asserted itself. An antiscience bias within the sociology of science became evident in the late 1970s, which split the science studies community, notably causing the “citationists” to go their own way. The main point of contention was whether science was a rational, evidence-based activity. To reverse the antiscience trend, it will be necessary to revive philosophical models of science, such as Bayesian confirmation theory or explanatory coherence models, where theory-experiment agreement plays a decisive role. A case study from the history of science is used to illustrate these models, and bibliometric and text-based methods are proposed as a source of data to test these models.",abstract_plus_keywords,8,1,1,3,bayesian | bibliometric | case study | experiment | philosophical | quantitative
seed:Clasificados:61,seed,Clasificados,Reflexive methodology and the empirical theory of science,"»Reflexive Methodologie und die empirische Wissenschaftstheorie«. Inspired by hermeneutics tradition, qualitative as well as quantitative social research has realized that the subject matter of the social sciences is always interpreted by the actors studied. Social studies of science have also demonstrated that science itself depends on preinterpreted knowledge. In recent decades, it therefore became increasingly clear that any scientific methodology needs to account for the positionality of researchers and their methodology. In addition to the abstract armchair methodologies of scientific “reasoning,” reflexive methodology has been proposed as an approach to empirical study of more than just the procedures and methods of the very researchers who are doing research, such as the videography of videography. It is one goal of this paper to stress that reflexive methodology is not a self-contained method describing and analyzing the practical methodology of one’s action. To the degree that the analysis of the “real live” method is intended to guide research, reflexive methodology has also normative implications. As these normative implications have been referred to by the label theory of science, the second goal of this presentation is to delineate the idea of empirical theory of science.",2021,,Tipo 5 CM ,Tipo 5 - Constructivismo moderado,tipo_5_constructivismo_moderado,directo,Approved direct legacy label for the canonical Arbor contract.,False,True,reflexive methodology and the empirical theory of science,,94e63eca2f0720c6416f5be13a1cfc9ce393aecab7b42e49700edede0e32478a,empirico,empirico,,True,conflicting_cues,,,False,False,"»Reflexive Methodologie und die empirische Wissenschaftstheorie«. Inspired by hermeneutics tradition, qualitative as well as quantitative social research has realized that the subject matter of the social sciences is always interpreted by the actors studied. Social studies of science have also demonstrated that science itself depends on preinterpreted knowledge. In recent decades, it therefore became increasingly clear that any scientific methodology needs to account for the positionality of researchers and their methodology. In addition to the abstract armchair methodologies of scientific “reasoning,” reflexive methodology has been proposed as an approach to empirical study of more than just the procedures and methods of the very researchers who are doing research, such as the videography of videography. It is one goal of this paper to stress that reflexive methodology is not a self-contained method describing and analyzing the practical methodology of one’s action. To the degree that the analysis of the “real live” method is intended to guide research, reflexive methodology has also normative implications. As these normative implications have been referred to by the label theory of science, the second goal of this presentation is to delineate the idea of empirical theory of science.",abstract_plus_keywords,3,0,1,1,empirical | qualitative | quantitative
seed:Clasificados:62,seed,Clasificados,Sociology or Psychology?: On Conceptual Architecture of David Bloor's Strong Programme in Sociology of Scientific Knowledge,"The article is an attempt at the reverse engineering of conceptual architecture and logic of David Bloor's Strong Programme (SP) in the sociology of scientific knowledge via explicating key resources and interpretative techniques for constructing it. To do this I show how problematic is a conventional interpretation of the SP as a radicalization of Kuhn's theory of science and as a sociologization of epistemology. This problematization allows me to put anew three questions concerning the SP. In what sense it is post-positivist? In what sense it is sociological? Does it belong to social epistemology? To answer these questions I set myself four tasks. First, Bloor’s theoretical position concerning the Kuhn-Popper debate is located. Second, I point to and present Mary Hesse’s network model of science (NM) as a crucial theoretical source for the early SP. Third, I analyze in detail how Bloor interpreted and appropriated NM. Finally, I show what theoretical and methodological effects this interpretation had for the SP as presented in 1976. The general layout of the conceptual architecture of SP is modeled on the Hesse’s NM. It combines the principle of correspondence and that of coherence and sees the language of science as a network of predicates and laws segmented by contingent and empirical boundaries and not a priori logical divisions between theory and observation. But Bloor creatively interprets and appropriates NM by the double move of generalization and specification. Whereas Hesse’s NM refers to the functioning of scientific language, in Bloor’s hands, it comes to describe human learning in general inscribed in psychological processes (perception and thinking). As a result, SP is based on a form of psychological empiricism that sees science as a two-storied building. The first floor (perception) ensures correspondence and the second one (thinking) provide conditions of coherence. SP of 1976 is a specific model for the sociological segmentation of the second floor.",2020,,Tipo 5 CM ,Tipo 5 - Constructivismo moderado,tipo_5_constructivismo_moderado,directo,Approved direct legacy label for the canonical Arbor contract.,False,True,sociology or psychology on conceptual architecture of david bloor s strong programme in sociology of scientific knowledge,,82108bf9f3e0c36a4557f7a909bae74891e86078da619b384707afa7994c49e0,no_empirico,no_empirico,,False,,,,False,False,"The article is an attempt at the reverse engineering of conceptual architecture and logic of David Bloor's Strong Programme (SP) in the sociology of scientific knowledge via explicating key resources and interpretative techniques for constructing it. To do this I show how problematic is a conventional interpretation of the SP as a radicalization of Kuhn's theory of science and as a sociologization of epistemology. This problematization allows me to put anew three questions concerning the SP. In what sense it is post-positivist? In what sense it is sociological? Does it belong to social epistemology? To answer these questions I set myself four tasks. First, Bloor’s theoretical position concerning the Kuhn-Popper debate is located. Second, I point to and present Mary Hesse’s network model of science (NM) as a crucial theoretical source for the early SP. Third, I analyze in detail how Bloor interpreted and appropriated NM. Finally, I show what theoretical and methodological effects this interpretation had for the SP as presented in 1976. The general layout of the conceptual architecture of SP is modeled on the Hesse’s NM. It combines the principle of correspondence and that of coherence and sees the language of science as a network of predicates and laws segmented by contingent and empirical boundaries and not a priori logical divisions between theory and observation. But Bloor creatively interprets and appropriates NM by the double move of generalization and specification. Whereas Hesse’s NM refers to the functioning of scientific language, in Bloor’s hands, it comes to describe human learning in general inscribed in psychological processes (perception and thinking). As a result, SP is based on a form of psychological empiricism that sees science as a two-storied building. The first floor (perception) ensures correspondence and the second one (thinking) provide conditions of coherence. SP of 1976 is a specific model for the sociological segmentation of the second floor.",abstract_plus_keywords,1,2,0,0,conceptual | empirical | theoretical
seed:Clasificados:63,seed,Clasificados,Big data in studies of science: New research field,"The article discusses the unprecedented opportunities of bringing big data for studies of science. Due to the dramatic change in how quickly and in what volumes data can be extracted from open sources, the science of science has been developed offering research of science based on large-scale metadata. The scale of the data is especially valuable for the study of science, which is characterized by a high level of stratification and segmentation. In turn, the techniques of network and computational text analysis have …",2021,,Tipo 2 RM,Tipo 2 - Realismo moderado / critico,tipo_2_realismo_moderado_critico,fusionado,Approved alias merge into canonical Type 2.,False,True,big data in studies of science new research field,,e0ad01d2a8c52d29022175d3020a4bd841974128aab7a46a92ce09802235d341,NN,NN,,False,,,,False,False,"The article discusses the unprecedented opportunities of bringing big data for studies of science. Due to the dramatic change in how quickly and in what volumes data can be extracted from open sources, the science of science has been developed offering research of science based on large-scale metadata. The scale of the data is especially valuable for the study of science, which is characterized by a high level of stratification and segmentation. In turn, the techniques of network and computational text analysis have …",abstract_plus_keywords,0,0,0,0,
seed:Clasificados:64,seed,Clasificados,Routledge handbook of public communication of science and technology,Communicating science and technology is a high priority of many research and policy … as well as a global approach to public communication of science and technology. It is a valuable …,2021,,Tipo 5 CM ,Tipo 5 - Constructivismo moderado,tipo_5_constructivismo_moderado,directo,Approved direct legacy label for the canonical Arbor contract.,False,True,routledge handbook of public communication of science and technology,,0dd4b7848cc59921897dad2220d17a4a42c2b03bedcae08f3cc86eab15d8d664,NN,NN,,False,,,,False,False,Communicating science and technology is a high priority of many research and policy … as well as a global approach to public communication of science and technology. It is a valuable …,abstract_plus_keywords,0,0,0,0,
seed:Clasificados:65,seed,Clasificados,Historiography and National Histories of Sociology: Methods and Methodologies,"Histories of Sociology have become increasingly popular in recent decades, particularly national histories of Sociology, yet there have been few attempts to articulate a methodology and methods appropriate for the tasks at hand. This chapter examines the History of Sociology as a speciality of the discipline, defining its boundaries and tracing its own history. It investigates many national histories of sociology to ascertain their methods and methodologies, and reveals the extent to which these engage with existing methods and methodologies as found in the disciplines of Sociology and History, but also their related specialities, including the History of Ideas and History of Intellectuals, as well as Historical Sociology, the Sociology of Science, the Sociology of Ideas, the Sociology of Intellectuals, the Sociology of Institutions, and the Sociology of Knowledge. This systematic review suggests the subspecialty has recently shifted from an emphasis on the Sociology of Ideas to a Sociology of Institutions, and begun to adopt, albeit implicitly, the principles of the Sociology of Knowledge in its increasing acknowledgement of the shaping of Sociology’s terrain by the geo-socio-political context.",2021,,Tipo 5 CM ,Tipo 5 - Constructivismo moderado,tipo_5_constructivismo_moderado,directo,Approved direct legacy label for the canonical Arbor contract.,False,True,historiography and national histories of sociology methods and methodologies,,5ca7919814d359bf21cdce2f13af66ad1f032fa283deb2702babb6ac04a7fecf,NN,NN,,False,,,,False,False,"Histories of Sociology have become increasingly popular in recent decades, particularly national histories of Sociology, yet there have been few attempts to articulate a methodology and methods appropriate for the tasks at hand. This chapter examines the History of Sociology as a speciality of the discipline, defining its boundaries and tracing its own history. It investigates many national histories of sociology to ascertain their methods and methodologies, and reveals the extent to which these engage with existing methods and methodologies as found in the disciplines of Sociology and History, but also their related specialities, including the History of Ideas and History of Intellectuals, as well as Historical Sociology, the Sociology of Science, the Sociology of Ideas, the Sociology of Intellectuals, the Sociology of Institutions, and the Sociology of Knowledge. This systematic review suggests the subspecialty has recently shifted from an emphasis on the Sociology of Ideas to a Sociology of Institutions, and begun to adopt, albeit implicitly, the principles of the Sociology of Knowledge in its increasing acknowledgement of the shaping of Sociology’s terrain by the geo-socio-political context.",abstract_plus_keywords,0,0,0,0,
seed:Clasificados:66,seed,Clasificados,Why we need a 'psychology of science',"… Suddenly, however, we find, on the one hand, a coterie of … is not science, is certainly not the brand of stuff we have ordinarily pigeonholed as philosophy; and, on the other hand, we 221 …",2024,,Tipo 3 AE,Tipo 3 - Antirrealismo epistemologico,tipo_3_antirrealismo_epistemologico,directo,Approved direct legacy label for the canonical Arbor contract.,False,True,why we need a psychology of science,,e1de2b246f6be3ef6f92fcc49430e6dfe7df449a37359547df4bf41b076a013b,NN,NN,,False,,,,False,False,"… Suddenly, however, we find, on the one hand, a coterie of … is not science, is certainly not the brand of stuff we have ordinarily pigeonholed as philosophy; and, on the other hand, we 221 …",abstract_plus_keywords,0,0,0,0,
seed:Clasificados:67,seed,Clasificados,Bioethics and sociology: the place of social studies of science and technology,"… bioethics and social studies of science and technology in a … , distribution, and access to new technologies in the health field. … bioethics with the substantive dynamics of the social studies …",2022,,Tipo 5 CM ,Tipo 5 - Constructivismo moderado,tipo_5_constructivismo_moderado,directo,Approved direct legacy label for the canonical Arbor contract.,False,True,bioethics and sociology the place of social studies of science and technology,,a3b4453d28c66867b5f96797037914721a537c3f0e0ee016c2c6e0610fc8842f,NN,NN,,False,,,,False,False,"… bioethics and social studies of science and technology in a … , distribution, and access to new technologies in the health field. … bioethics with the substantive dynamics of the social studies …",abstract_plus_keywords,0,0,0,0,
seed:Clasificados:70,seed,Clasificados,CHAPTER 4 MEASURING THE QUALITY OF SOCIOLOGICAL RESEARCH Problems in the Use of the Science Citation Index (1971),"102 VALUES AND REWARDS IN SCIENCE made in recent years to any particular article, book, or sociologist, and we will be able to quickly generate lists of these facts. 3 This should lead to major advances in the sociology of sociology. In practically all studies of the social organization of sociology the quality of work of individual sociologists and of particular institutions is an important variable. With the impending addition of sociological journals to the SCI file, this might be a propitious time to examine certain problems involved in the use of the SCI to measure the quality of work. We have been using this tool in our research in the sociology of science (basically physics) for several years, and we present below a discussion of several problems we have encountered and the solutions we have found for them. There is some supporting evidence for the assumption that the number of citations a person receives is a roughly valid indicator of the significance or “quality” of his publications. In a thorough study of measures of scientific output, Kenneth E. Clark (1957: chapter 3) asked a panel of experts in psychology to list the psychologists who had made the most significant contributions in their field. 4 He then investigated the correlation between the number of choices received by psychologists and other indices of eminence. The measure most highly correlated with number of choices was the number of journal citations to the man’s work (r=. 67). Clark concluded that the citation count was the best available indicator of the “worth” of research work by psychologists. Consider another kind of validating evidence for this measure. Recipients of the Nobel Prize are generally regarded as having contributed greatly to advances in physical and biological sciences. Since the number of those prizes is limited, however, there may be other like-sized aggregates of eminent scientists who have contributed as much. Nevertheless, the laureates as a group can be safely assumed to have made outstanding contributions. The average number of citations in the 1961 SCI to the work of Nobel laureates (who won the prize in physics between 1955 and 1965) was fifty-eight, compared to an average of 5.5 citations for other scientists. Only 1.08 percent of the quarter of a million scientists who appear in the 1961 SCI received fifty-eight or more citations (Sher and Garfield, 1965). 5
We thought it possible that winning the prize might make a scientist more visible and lead to a greater number of post-prize citations than the quality of his work warranted. We therefore divided the laureates into two groups: those who won the prize five or fewer years before 1961 and those who won the prize after. The 1957–1961 laureates were cited an average of forty-two times in the 1961 SCI; the future prize winners (those winning the prize between 1961 and 1965), an average of sixty-two times. Since the prospective laureates were more often cited than the actual laureates, we concluded that the larger number of citations primarily reflects the high quality of work rather than the visibility gained by winning the prize. 6 Here, we have used receipt of the Nobel Prize as an independent measure of the quality of a scientist’s work. In recent studies",2024,,Tipo 1 RF,Tipo 1 - Realismo fuerte,tipo_1_realismo_fuerte,directo,Approved direct legacy label for the canonical Arbor contract.,False,True,chapter 4 measuring the quality of sociological research problems in the use of the science citation index 1971,,d95c21e4fd9a2cefd530ab00114cee0a204d4d3fd6b6499b0088c993c2355092,empirico,empirico,cuantitativo,False,,,,False,False,"102 VALUES AND REWARDS IN SCIENCE made in recent years to any particular article, book, or sociologist, and we will be able to quickly generate lists of these facts. 3 This should lead to major advances in the sociology of sociology. In practically all studies of the social organization of sociology the quality of work of individual sociologists and of particular institutions is an important variable. With the impending addition of sociological journals to the SCI file, this might be a propitious time to examine certain problems involved in the use of the SCI to measure the quality of work. We have been using this tool in our research in the sociology of science (basically physics) for several years, and we present below a discussion of several problems we have encountered and the solutions we have found for them. There is some supporting evidence for the assumption that the number of citations a person receives is a roughly valid indicator of the significance or “quality” of his publications. In a thorough study of measures of scientific output, Kenneth E. Clark (1957: chapter 3) asked a panel of experts in psychology to list the psychologists who had made the most significant contributions in their field. 4 He then investigated the correlation between the number of choices received by psychologists and other indices of eminence. The measure most highly correlated with number of choices was the number of journal citations to the man’s work (r=. 67). Clark concluded that the citation count was the best available indicator of the “worth” of research work by psychologists. Consider another kind of validating evidence for this measure. Recipients of the Nobel Prize are generally regarded as having contributed greatly to advances in physical and biological sciences. Since the number of those prizes is limited, however, there may be other like-sized aggregates of eminent scientists who have contributed as much. Nevertheless, the laureates as a group can be safely assumed to have made outstanding contributions. The average number of citations in the 1961 SCI to the work of Nobel laureates (who won the prize in physics between 1955 and 1965) was fifty-eight, compared to an average of 5.5 citations for other scientists. Only 1.08 percent of the quarter of a million scientists who appear in the 1961 SCI received fifty-eight or more citations (Sher and Garfield, 1965). 5
We thought it possible that winning the prize might make a scientist more visible and lead to a greater number of post-prize citations than the quality of his work warranted. We therefore divided the laureates into two groups: those who won the prize five or fewer years before 1961 and those who won the prize after. The 1957–1961 laureates were cited an average of forty-two times in the 1961 SCI; the future prize winners (those winning the prize between 1961 and 1965), an average of sixty-two times. Since the prospective laureates were more often cited than the actual laureates, we concluded that the larger number of citations primarily reflects the high quality of work rather than the visibility gained by winning the prize. 6 Here, we have used receipt of the Nobel Prize as an independent measure of the quality of a scientist’s work. In recent studies",abstract_plus_keywords,1,0,0,1,correlation
seed:Clasificados:71,seed,Clasificados,The making of professors: Assessment and recognition in academic recruitment,"How do academics become professors? This paper considers the making of ‘professor’ as a subject position through which academics are acknowledged in both organizational contexts and disciplinary fields. The paper examines social processes of recognition in 145 appointment procedures for professorships in the discipline of history at sixteen German universities between 1950 and 1985. Based on an analysis of over 1500 documents from archived appointment records, I investigate how academics are acknowledged as professorial in appointment procedures. The procedures invoked both (1) processes of judgement, in which worth and qualities are attributed to candidates, and (2) processes of legitimation, in which said judgements are stabilized and made acceptable. Using insights from the sociology of valuation and evaluation, this paper sheds light on the fundamental processes of recognition and valorization in academia. The findings contribute to the sociology of scientific knowledge and science and technology studies, which have concentrated on academic recognition in the realm of research, but paid less attention to such recognition in organizational contexts. Complementing this literature, the paper allows for a more general understanding of ‘professor’ as a focal academic subject position.",2019,,Tipo 5 CM ,Tipo 5 - Constructivismo moderado,tipo_5_constructivismo_moderado,directo,Approved direct legacy label for the canonical Arbor contract.,False,True,the making of professors assessment and recognition in academic recruitment,,ea6c2043747402713566383c26c5908a6607241a6d4775f6221fb70458190ec9,NN,NN,,False,,,,False,False,"How do academics become professors? This paper considers the making of ‘professor’ as a subject position through which academics are acknowledged in both organizational contexts and disciplinary fields. The paper examines social processes of recognition in 145 appointment procedures for professorships in the discipline of history at sixteen German universities between 1950 and 1985. Based on an analysis of over 1500 documents from archived appointment records, I investigate how academics are acknowledged as professorial in appointment procedures. The procedures invoked both (1) processes of judgement, in which worth and qualities are attributed to candidates, and (2) processes of legitimation, in which said judgements are stabilized and made acceptable. Using insights from the sociology of valuation and evaluation, this paper sheds light on the fundamental processes of recognition and valorization in academia. The findings contribute to the sociology of scientific knowledge and science and technology studies, which have concentrated on academic recognition in the realm of research, but paid less attention to such recognition in organizational contexts. Complementing this literature, the paper allows for a more general understanding of ‘professor’ as a focal academic subject position.",abstract_plus_keywords,0,0,0,0,
seed:Clasificados:72,seed,Clasificados,Rethinking science as a vocation: One hundred years of bureaucratization of academic science,"One hundred years ago, in his lecture Science as a Vocation, Max Weber prefigured a transition from science as a calling to science as bureaucratically organized work. He argued that a calling for science is critical for sustaining scientific work. Using Weber's arguments for science as a vocation as a lens, in this paper, we discuss whether a calling for science may become difficult to maintain in increasingly bureaucratized scientific work—and also whether such a calling is necessary for the advance of science. We present empirical …",2022,,Tipo 5 CM ,Tipo 5 - Constructivismo moderado,tipo_5_constructivismo_moderado,directo,Approved direct legacy label for the canonical Arbor contract.,False,True,rethinking science as a vocation one hundred years of bureaucratization of academic science,,1327935ebd43427179eaa860189524325def426f4ac2e499a0d49c6350d8808d,empirico,empirico,,True,insufficient_evidence,,,False,False,"One hundred years ago, in his lecture Science as a Vocation, Max Weber prefigured a transition from science as a calling to science as bureaucratically organized work. He argued that a calling for science is critical for sustaining scientific work. Using Weber's arguments for science as a vocation as a lens, in this paper, we discuss whether a calling for science may become difficult to maintain in increasingly bureaucratized scientific work—and also whether such a calling is necessary for the advance of science. We present empirical …",abstract_plus_keywords,1,0,0,0,empirical
seed:Clasificados:73,seed,Clasificados,Sociology of science and technology in Brazil: an analysis of articles in A1 sociology journals published between 2010 and 2018,"Este trabalho analisa a produção em sociologia da ciência e da tecnologia publicada no Brasil entre 2010 e 2018 em periódicos nacionais Qualis A1 em sociologia. Foram examinados dados sobre o volume, tipo e distribuição das publicações, além das temáticas, objetos empíricos e conceitos mais frequentes. Analisou-se ainda o conteúdo das cinco temáticas a concentrarem o maior número de publicações. Com isso, espera-se i. esboçar um panorama sobre o perfil dos artigos; ii. identificar como estão distribuídos entre as …",2022,,Tipo 2 RM,Tipo 2 - Realismo moderado / critico,tipo_2_realismo_moderado_critico,fusionado,Approved alias merge into canonical Type 2.,False,True,sociology of science and technology in brazil an analysis of articles in a1 sociology journals published between 2010 and 2018,,f217ff18d3b6bab552eccdf5317df4c0724fb8d25820484f77ad6b20cdca90d4,NN,NN,,False,,,,False,False,"Este trabalho analisa a produção em sociologia da ciência e da tecnologia publicada no Brasil entre 2010 e 2018 em periódicos nacionais Qualis A1 em sociologia. Foram examinados dados sobre o volume, tipo e distribuição das publicações, além das temáticas, objetos empíricos e conceitos mais frequentes. Analisou-se ainda o conteúdo das cinco temáticas a concentrarem o maior número de publicações. Com isso, espera-se i. esboçar um panorama sobre o perfil dos artigos; ii. identificar como estão distribuídos entre as …",abstract_plus_keywords,0,0,0,0,
seed:Clasificados:74,seed,Clasificados,Towards periodizations of science in the history of science,"In literature, a plenty of differentiation schemes were proposed in the history of science. All of them are temporal because being based on chronological ordering of science history events. In some cases, they are explicitly temporal (see, eg, Aspray & Kitcher, 1988; Burns, 2003); Hamblin, 2005; Kline, 1990; Kwok, 2017; Olby, Cantor, Christie, & Hodge, 1990; Reimer, 2014; Srinivasiengar, 1988). In other cases, they are implicitly temporal:(i) territorial (see, eg, Gutting, 2005; Sherratt, Y. 2005),(ii) national (see, eg, Brenner & Gayon, 2009; Montgomery & Largent, 2015; Rashed, 1996; Rothenberg, 2001),(iii) transnational (see, eg, Krige, 2019),(iv) economical (see, eg, Grigoryan, 1986),(v) personal/biographical (see, eg, Gavrilyuk, 2014; Ghosh, A. 2018; Lyczkowski, 2015; Zecchina & Califano 2017), cultural (see, eg, Borck, 2018),(vi) confessional (see, eg, Davis, 2003; Ferngren, 2000; Iqbal, 2009; Zachhuber, 2013), and (vi) contextual (see, eg, Grant, 1996) ones. It should be noted that those schemes are essentially intertwined and each scheme can include, to a certain extent, characteristics from its other counterparts.",2019,,Tipo 3 AE,Tipo 3 - Antirrealismo epistemologico,tipo_3_antirrealismo_epistemologico,directo,Approved direct legacy label for the canonical Arbor contract.,False,True,towards periodizations of science in the history of science,,881bc78cbccbdc3305b328c5cd6ea7639424631201d3b33f91c5a7601becaeea,NN,NN,,False,,,,False,False,"In literature, a plenty of differentiation schemes were proposed in the history of science. All of them are temporal because being based on chronological ordering of science history events. In some cases, they are explicitly temporal (see, eg, Aspray & Kitcher, 1988; Burns, 2003); Hamblin, 2005; Kline, 1990; Kwok, 2017; Olby, Cantor, Christie, & Hodge, 1990; Reimer, 2014; Srinivasiengar, 1988). In other cases, they are implicitly temporal:(i) territorial (see, eg, Gutting, 2005; Sherratt, Y. 2005),(ii) national (see, eg, Brenner & Gayon, 2009; Montgomery & Largent, 2015; Rashed, 1996; Rothenberg, 2001),(iii) transnational (see, eg, Krige, 2019),(iv) economical (see, eg, Grigoryan, 1986),(v) personal/biographical (see, eg, Gavrilyuk, 2014; Ghosh, A. 2018; Lyczkowski, 2015; Zecchina & Califano 2017), cultural (see, eg, Borck, 2018),(vi) confessional (see, eg, Davis, 2003; Ferngren, 2000; Iqbal, 2009; Zachhuber, 2013), and (vi) contextual (see, eg, Grant, 1996) ones. It should be noted that those schemes are essentially intertwined and each scheme can include, to a certain extent, characteristics from its other counterparts.",abstract_plus_keywords,0,0,0,0,
seed:Clasificados:75,seed,Clasificados,Images of Science: A Reality Check,"… and how it has impregnated our image of science, is essential for my argument to understand the origins and persistence of the problems of science and academia. One can without a …",2022,,Tipo 3 AE,Tipo 3 - Antirrealismo epistemologico,tipo_3_antirrealismo_epistemologico,directo,Approved direct legacy label for the canonical Arbor contract.,False,True,images of science a reality check,,39cbec1bac0c49032e55b38b7bc14c0e86af6ec7b5d901caefbb66fbb5e73fd9,NN,NN,,False,,,,False,False,"… and how it has impregnated our image of science, is essential for my argument to understand the origins and persistence of the problems of science and academia. One can without a …",abstract_plus_keywords,0,0,0,0,
seed:Clasificados:76,seed,Clasificados,At the Crossroads of Sociology and STS,"Since its origins in the 1970s, the intellectual histories of STS and sociology have been intimately intertwined. This has been clear, at least symbolically, since 1975, when Robert Merton became the first president of the Society for Social Studies of Science. Ever since that moment, both fields have continued to influence and shape each other, to the point that it would be difficult to tell the history of either one of them over the last decades without mentioning the other. Sociologists, for example, have been behind of some of the key intellectual programs that gave the initial impulse to, and then helped define, the core identity of STS, from the Strong Program (eg, Bloor & Chalmers), and Actor Network Theory (eg, Latour, Law, Callon), to feminist STS (eg, Clarke, Wajcman), infrastructure studies (eg, Leigh Star), or the social studies of finance (eg, Mackenzie, Knorr-Cetina). At the same time, as STS grew into a full-fledged discipline over the 1980s and 1990s, it exerted a growing influence on sociology through a panoply of concepts and methods that have not only shaped sociological sensibilities and orientations but also redefined some of the key concepts of the discipline, like that of the social. It is safe to say that sociology would not be the same today without STS’s emphasis on the agency of non-humans, materiality, or infrastructures, to name just a few obvious ones. The aim of this Symposium is to map out some of the current points of contact between both disciplines. Our motivation for this exercise came from the awkward relations between these two fields that many of us coinhabit. Over the last years, a growing estrangement between sociology and STS has become apparent, one that reflects not only on divergent thematic priorities, theoretical perspectives, and methodological orientations but also in how scholars in both disciplines imagine and position themselves vis-à-vis each other, as well as in the wider academic field. It is true that there is still a good level of communication between sociology and STS today. However, it is not less true that this is not what it used to be. In this context, we felt that it would be good to pause and take stock of the growing rift between both disciplines to task: What are the current points of contact between STS and sociology? What can we learn from these exchanges or their absence to inform possible futures of collaboration between both disciplines? While the aim of this Symposium is not to reassess the entire history of the relationship between sociology and STS, answering these questions requires stepping back and briefly sketching the trajectories of both disciplines over the last couple of decades. On the one hand, STS has been growing away from sociology thanks, to a large extent, to its own success. It is well known that STS was born out of the sociology of science and knowledge in the 1960s as part of growing preoccupation with the power that science and technology had garnered since WWII, and especially after the Cold War, in most Western countries (Clarke 2016; Law 2008). In the face of the expansion of increasingly powerful technoscientific systems, some scholars grew dissatisfied with longstanding Mertonian, Marxist, and politico-economic frameworks that had set clear limits on the kind of inquiry sociology could pursue when studying these systems (Hess 2013). Limits which effectively prevented sociologists from analyzing scientific knowledge and practices themselves, which confined sociological enquiry to the study of the external social and cultural contexts surrounding science. Different scholars introduced critical approaches that sought to move beyond traditional sociological analyses by reclaiming …",2023,,Tipo 5 CM ,Tipo 5 - Constructivismo moderado,tipo_5_constructivismo_moderado,directo,Approved direct legacy label for the canonical Arbor contract.,False,True,at the crossroads of sociology and sts,,269a976d0cf0e9721ba7d61b4404645695e676fd6a63d3e49a7bada60dcb49a7,no_empirico,no_empirico,,False,,,,False,False,"Since its origins in the 1970s, the intellectual histories of STS and sociology have been intimately intertwined. This has been clear, at least symbolically, since 1975, when Robert Merton became the first president of the Society for Social Studies of Science. Ever since that moment, both fields have continued to influence and shape each other, to the point that it would be difficult to tell the history of either one of them over the last decades without mentioning the other. Sociologists, for example, have been behind of some of the key intellectual programs that gave the initial impulse to, and then helped define, the core identity of STS, from the Strong Program (eg, Bloor & Chalmers), and Actor Network Theory (eg, Latour, Law, Callon), to feminist STS (eg, Clarke, Wajcman), infrastructure studies (eg, Leigh Star), or the social studies of finance (eg, Mackenzie, Knorr-Cetina). At the same time, as STS grew into a full-fledged discipline over the 1980s and 1990s, it exerted a growing influence on sociology through a panoply of concepts and methods that have not only shaped sociological sensibilities and orientations but also redefined some of the key concepts of the discipline, like that of the social. It is safe to say that sociology would not be the same today without STS’s emphasis on the agency of non-humans, materiality, or infrastructures, to name just a few obvious ones. The aim of this Symposium is to map out some of the current points of contact between both disciplines. Our motivation for this exercise came from the awkward relations between these two fields that many of us coinhabit. Over the last years, a growing estrangement between sociology and STS has become apparent, one that reflects not only on divergent thematic priorities, theoretical perspectives, and methodological orientations but also in how scholars in both disciplines imagine and position themselves vis-à-vis each other, as well as in the wider academic field. It is true that there is still a good level of communication between sociology and STS today. However, it is not less true that this is not what it used to be. In this context, we felt that it would be good to pause and take stock of the growing rift between both disciplines to task: What are the current points of contact between STS and sociology? What can we learn from these exchanges or their absence to inform possible futures of collaboration between both disciplines? While the aim of this Symposium is not to reassess the entire history of the relationship between sociology and STS, answering these questions requires stepping back and briefly sketching the trajectories of both disciplines over the last couple of decades. On the one hand, STS has been growing away from sociology thanks, to a large extent, to its own success. It is well known that STS was born out of the sociology of science and knowledge in the 1960s as part of growing preoccupation with the power that science and technology had garnered since WWII, and especially after the Cold War, in most Western countries (Clarke 2016; Law 2008). In the face of the expansion of increasingly powerful technoscientific systems, some scholars grew dissatisfied with longstanding Mertonian, Marxist, and politico-economic frameworks that had set clear limits on the kind of inquiry sociology could pursue when studying these systems (Hess 2013). Limits which effectively prevented sociologists from analyzing scientific knowledge and practices themselves, which confined sociological enquiry to the study of the external social and cultural contexts surrounding science. Different scholars introduced critical approaches that sought to move beyond traditional sociological analyses by reclaiming …",abstract_plus_keywords,0,2,0,0,perspective | theoretical
muestras:Muestras:2,muestras,Muestras,The Sociological Spirituality of W. E. B. Du Bois's Prayers for Dark People,"Scholarship on W. E. B. Du Bois's understanding of religion is in the midst of a renaissance. Yet, few engage Du Bois's Prayers for Dark People, written over 1909–10 at Atlanta University. As a remedy, I first provide historical context on the production and reception of Prayers. I then delve into the content of Prayers, identifying the tenets of a Du Boisian “sociological spirituality” brought to bear on the study and navigation of “race” and the “color-line.” Through four strategies, Du Bois blended sociological empiricism and theorization with appeals to spirituality in the form of moral realism, stoicism, hypostasis, and metaphysics: (1) a critical deism that conserves belief in sacred divinity; (2) pedagogical racial uplift strategies that help resolve theodicies; (3) symbolic interactionism that sanctifies the Black self, and; (4) a sociology of knowledge based on otherworldly dimensions. I conclude that Du Bois's Prayers serves as a liturgy for Black liberation. Prayers emphasizes a transgressive rhetoric that exceeds the confines of social theory through a sacralization of sociological knowledge as a prophetic anticipation of moral Black lifeworlds. © 2023 The Society for the Scientific Study of Religion.",2023,10.1111/jssr.12849,Tipo 5 CM,Tipo 5 - Constructivismo moderado,tipo_5_constructivismo_moderado,directo,Approved direct legacy label for the canonical Arbor contract.,False,True,the sociological spirituality of w e b du bois s prayers for dark people,10.1111/jssr.12849,377618b0e131c0dd9bf9c09fc4a2e9b4424e35e0cbb4416e4358d2520fbcb270,NN,NN,,False,,Du Bois; liturgy; Prayers; race; spirituality,,True,True,"Scholarship on W. E. B. Du Bois's understanding of religion is in the midst of a renaissance. Yet, few engage Du Bois's Prayers for Dark People, written over 1909–10 at Atlanta University. As a remedy, I first provide historical context on the production and reception of Prayers. I then delve into the content of Prayers, identifying the tenets of a Du Boisian “sociological spirituality” brought to bear on the study and navigation of “race” and the “color-line.” Through four strategies, Du Bois blended sociological empiricism and theorization with appeals to spirituality in the form of moral realism, stoicism, hypostasis, and metaphysics: (1) a critical deism that conserves belief in sacred divinity; (2) pedagogical racial uplift strategies that help resolve theodicies; (3) symbolic interactionism that sanctifies the Black self, and; (4) a sociology of knowledge based on otherworldly dimensions. I conclude that Du Bois's Prayers serves as a liturgy for Black liberation. Prayers emphasizes a transgressive rhetoric that exceeds the confines of social theory through a sacralization of sociological knowledge as a prophetic anticipation of moral Black lifeworlds. © 2023 The Society for the Scientific Study of Religion.

Author Keywords: Du Bois; liturgy; Prayers; race; spirituality",abstract_plus_keywords,0,0,0,0,
muestras:Muestras:3,muestras,Muestras,Framing bovine tuberculosis: a ‘political ecology of health’ approach to circulation of knowledge(s) about animal disease control,"Bovine tuberculosis (bTB) remains a significant animal health problem with a global distribution. In addition to the ecological complexities, socio-economic and socio-cultural factors also affect efforts to control and eliminate the disease. Interrogating bTB from the author's positionality of being both a veterinary epidemiologist and a human geographer, this interdisciplinary engagement in the political ecology of health investigates the experiences and opinions of the actors involved in disease control. The findings of this research in one part of the United Kingdom – Northern Ireland – demonstrate gaps between expert scientific discourse and circulating on-the-ground perceptions and lay knowledges of the disease. bTB is therefore known and framed in multiple, often antithetical, ways by those who meet and experience the disease on farms. The paper concludes that farmers, vets and state policy-makers must accept the heterogeneity of the disease; make it visible again; and create new imaginaries for a future where bTB is no longer an everyday ubiquity. The information, practices and views in this article are those of the author(s) and do not necessarily reflect the opinion of the Royal Geographical Society (with IBG). © 2017 Royal Geographical Society (with the Institute of British Geographers)",2017,10.1111/geoj.12217,Tipo 6 CF - R,Tipo 6 - Constructivismo fuerte / relativismo,tipo_6_constructivismo_fuerte_relativismo,directo,Approved direct legacy label for the canonical Arbor contract.,False,True,framing bovine tuberculosis a political ecology of health approach to circulation of knowledge s about animal disease control,10.1111/geoj.12217,f466ac00bd0e34367311c747474a8bd870f1776e82675a524fa0a559b28411c3,NN,NN,,False,,biosecurity; bovine tuberculosis; framing; knowledge circulations; political ecology of health; Science and Technology Studies,Northern Ireland; United Kingdom; Animalia; Bovinae; animal; bovine tuberculosis; disease control; heterogeneity; interdisciplinary approach; knowledge; science and technology,True,True,"Bovine tuberculosis (bTB) remains a significant animal health problem with a global distribution. In addition to the ecological complexities, socio-economic and socio-cultural factors also affect efforts to control and eliminate the disease. Interrogating bTB from the author's positionality of being both a veterinary epidemiologist and a human geographer, this interdisciplinary engagement in the political ecology of health investigates the experiences and opinions of the actors involved in disease control. The findings of this research in one part of the United Kingdom – Northern Ireland – demonstrate gaps between expert scientific discourse and circulating on-the-ground perceptions and lay knowledges of the disease. bTB is therefore known and framed in multiple, often antithetical, ways by those who meet and experience the disease on farms. The paper concludes that farmers, vets and state policy-makers must accept the heterogeneity of the disease; make it visible again; and create new imaginaries for a future where bTB is no longer an everyday ubiquity. The information, practices and views in this article are those of the author(s) and do not necessarily reflect the opinion of the Royal Geographical Society (with IBG). © 2017 Royal Geographical Society (with the Institute of British Geographers)

Author Keywords: biosecurity; bovine tuberculosis; framing; knowledge circulations; political ecology of health; Science and Technology Studies | Index Keywords: Northern Ireland; United Kingdom; Animalia; Bovinae; animal; bovine tuberculosis; disease control; heterogeneity; interdisciplinary approach; knowledge; science and technology",abstract_plus_keywords,0,0,0,0,
muestras:Muestras:4,muestras,Muestras,Multi-spatiality of Social Media Platforms: The Enactment of Trust in Fluid Space,"This research explores how a firm engenders trust in and initiates relations with entities or actors lying in autonomous online communities or personal networks of its employees, but beyond the firmâ€™s boundaries. It problematizes the boundaries of online communities and personal networks on a social media platform, and explores the engendering of trust in an Indian e-commerce firm by foreign designers who were initially reluctant to partner with it, through specific enactments of trust by diverse actors on the platform. By using the conceptual categories of network space and fluid space developed in Science and Technology Studies, this research shows that social media platforms provide integrated social contexts where spatial objects, like online communities and personal networks, occupy both network and fluid space, and hence exhibit multi-spatiality. Additionally, the transient fluidity of these objects is found to enable the enactment of trust and its subsequent import across the objectâ€™s boundaries.",2018,,Tipo 6 CF - R,Tipo 6 - Constructivismo fuerte / relativismo,tipo_6_constructivismo_fuerte_relativismo,directo,Approved direct legacy label for the canonical Arbor contract.,False,True,multi spatiality of social media platforms the enactment of trust in fluid space,,8c086e33ffb7f1d9b10fbb6f7bb857f0886851601cce1d31b9ce3596fe2b13d4,no_empirico,no_empirico,,False,,Fluid space; Network space; Online community; Social media; Trust,Online systems; Space platforms; Network space; On-line communities; Personal networks; Science and technology studies; Social media; Social media platforms; Spatial objects; Trust; Social networking (online),True,True,"This research explores how a firm engenders trust in and initiates relations with entities or actors lying in autonomous online communities or personal networks of its employees, but beyond the firmâ€™s boundaries. It problematizes the boundaries of online communities and personal networks on a social media platform, and explores the engendering of trust in an Indian e-commerce firm by foreign designers who were initially reluctant to partner with it, through specific enactments of trust by diverse actors on the platform. By using the conceptual categories of network space and fluid space developed in Science and Technology Studies, this research shows that social media platforms provide integrated social contexts where spatial objects, like online communities and personal networks, occupy both network and fluid space, and hence exhibit multi-spatiality. Additionally, the transient fluidity of these objects is found to enable the enactment of trust and its subsequent import across the objectâ€™s boundaries.

Author Keywords: Fluid space; Network space; Online community; Social media; Trust | Index Keywords: Online systems; Space platforms; Network space; On-line communities; Personal networks; Science and technology studies; Social media; Social media platforms; Spatial objects; Trust; Social networking (online)",abstract_plus_keywords,0,1,0,0,conceptual
muestras:Muestras:5,muestras,Muestras,Old and New Perspectives on the Nature/Culture Opposition in Biology and Anthropology,"The article explores a change taking place today in the fields of biology and social anthropology, signaling a shared desire to transcend the heuristic effects of the opposition between nature and culture. Acceptance of the idea that random mutations are the sole driving force behind the process of natural selection overlooks the agentive capacity of non-human living beings, revealing an anthropocentric inspiration. To critique the rhetoric surrounding the principle of natural selection, I turn to the anthropology of Tim Ingold and his analysis of the metaphors that illustrate the principle. I disagree with the author, however, when he argues that these metaphors do not adequately illustrate neo-Darwinian premises. Instead, I believe that they are faithful since their apparent contradiction expresses the unease of neo-Darwinian theory itself when it combines randomness and teleology. New currents in biology, such as biosemiotics, attribute evolutionary importance to epigenetic changes. From the evolutionary perspective, they also highlight the importance of recognizing that the entire lived world possesses the capacity for agency, not just human beings. Within social anthropology, the so-called ontological turn and multispecies ethnography have been working with a new conception of the person, extendible to non-human beings, including the latter to compose a single collective with humans. Thus we can observe an attempt on the part of biologists and anthropologists alike to move beyond anthropocentrism, producer and product of the opposition between nature and culture. © 2021, The Author(s), under exclusive licence to Springer Nature B.V.",2021,10.1007/s12304-021-09436-w,Tipo 6 CF - R,Tipo 6 - Constructivismo fuerte / relativismo,tipo_6_constructivismo_fuerte_relativismo,directo,Approved direct legacy label for the canonical Arbor contract.,False,True,old and new perspectives on the nature culture opposition in biology and anthropology,10.1007/s12304-021-09436-w,75a139e7f281fe48274173e2b2117a310b06657a907da2675e8f9dce2858a602,empirico,empirico,cualitativo,False,,Anthropology of science; Biosemiotics; Multispecies ethnography; Natural selection,,True,True,"The article explores a change taking place today in the fields of biology and social anthropology, signaling a shared desire to transcend the heuristic effects of the opposition between nature and culture. Acceptance of the idea that random mutations are the sole driving force behind the process of natural selection overlooks the agentive capacity of non-human living beings, revealing an anthropocentric inspiration. To critique the rhetoric surrounding the principle of natural selection, I turn to the anthropology of Tim Ingold and his analysis of the metaphors that illustrate the principle. I disagree with the author, however, when he argues that these metaphors do not adequately illustrate neo-Darwinian premises. Instead, I believe that they are faithful since their apparent contradiction expresses the unease of neo-Darwinian theory itself when it combines randomness and teleology. New currents in biology, such as biosemiotics, attribute evolutionary importance to epigenetic changes. From the evolutionary perspective, they also highlight the importance of recognizing that the entire lived world possesses the capacity for agency, not just human beings. Within social anthropology, the so-called ontological turn and multispecies ethnography have been working with a new conception of the person, extendible to non-human beings, including the latter to compose a single collective with humans. Thus we can observe an attempt on the part of biologists and anthropologists alike to move beyond anthropocentrism, producer and product of the opposition between nature and culture. © 2021, The Author(s), under exclusive licence to Springer Nature B.V.

Author Keywords: Anthropology of science; Biosemiotics; Multispecies ethnography; Natural selection",abstract_plus_keywords,2,1,1,0,ethnograph | perspective
muestras:Muestras:6,muestras,Muestras,Towards productive critique of large-scale comparisons in education,"International large-scale assessments and comparisons (ILSAs) in education have become significant policy phenomena. How a country fares in these assessments has come to signify not only how a nation’s education system is performing, but also its future prospects in a global economic ‘race’. These assessments provoke passionate arguments at specialist conferences and in scholarly journals and they are just as passionately debated in the media. Within academe, ILSAs are researched by sociologists and psychometricians, policy experts and statisticians. This multidisciplinary, multi-voice discussion has not always served to highlight the complexity of the issues involved. Instead, discussions across various groups of actors have often led to a polarisation of views and a hardening of stances. Large-scale comparisons have deeply divided academic opinion with regard to their validity, usefulness and use. The divergence in ontological commitments, methodologies and paradigms of research makes discussions among one set of scholars almost incomprehensible to another. New theories, concepts and vocabularies are urgently required to engage productively with this important phenomenon. Borrowing concepts from Science and Technology Studies (STS) and the history and sociology of numbers, I argue that understanding such comparative exercises as socio-technical assemblages would move the critique of large-scale comparisons in education in more productive directions. © 2017 Informa UK Limited, trading as Taylor & Francis Group.",2017,10.1080/17508487.2017.1327876,Tipo 6 CF - R,Tipo 6 - Constructivismo fuerte / relativismo,tipo_6_constructivismo_fuerte_relativismo,directo,Approved direct legacy label for the canonical Arbor contract.,False,True,towards productive critique of large scale comparisons in education,10.1080/17508487.2017.1327876,c6c2b372477b154bd9ecae6fd592000b9882f6a3980202ac1d76e596bd4ec39e,NN,NN,,False,,Global metrics; international comparisons; PISA; socio-technical assemblages; STS,,True,True,"International large-scale assessments and comparisons (ILSAs) in education have become significant policy phenomena. How a country fares in these assessments has come to signify not only how a nation’s education system is performing, but also its future prospects in a global economic ‘race’. These assessments provoke passionate arguments at specialist conferences and in scholarly journals and they are just as passionately debated in the media. Within academe, ILSAs are researched by sociologists and psychometricians, policy experts and statisticians. This multidisciplinary, multi-voice discussion has not always served to highlight the complexity of the issues involved. Instead, discussions across various groups of actors have often led to a polarisation of views and a hardening of stances. Large-scale comparisons have deeply divided academic opinion with regard to their validity, usefulness and use. The divergence in ontological commitments, methodologies and paradigms of research makes discussions among one set of scholars almost incomprehensible to another. New theories, concepts and vocabularies are urgently required to engage productively with this important phenomenon. Borrowing concepts from Science and Technology Studies (STS) and the history and sociology of numbers, I argue that understanding such comparative exercises as socio-technical assemblages would move the critique of large-scale comparisons in education in more productive directions. © 2017 Informa UK Limited, trading as Taylor & Francis Group.

Author Keywords: Global metrics; international comparisons; PISA; socio-technical assemblages; STS",abstract_plus_keywords,0,0,0,0,
muestras:Muestras:7,muestras,Muestras,To see that which cannot be seen: Ontological differences and public health policies in Southern Chile,"In this article, I explore different visual practices performed by Pehuenche Indigenous healers and state public health professionals in Southern Chile. While non-Indigenous health workers seek to make 'traditional' Pehuenche healing visible within or alongside their own 'modern' practices, Pehuenche people are concerned with making visible the evil spirits whose 'eating' of persons produces illness. Focusing in particular on different healing practices triggered by the existence of Pehuenche spiritual illnesses that are 'seen' by both Indigenous healers and state professionals, this article discusses how different ontologies ground differences between the Indigenous healers and what they 'see'; as well as how a broader and substantive binary between Pehuenche and non-Pehuenche realities goes above and beyond these multiplicities. By exploring and discussing the endurance of Pehuenche cosmo-political relations in a world inhabited by visible and invisible eaters, I hope to create awareness about how a failure to recognize these different realities limits current multicultural policies in Southern Chile, and Indigenous health policies more broadly. At a more theoretical level, the following ethnographic account sheds light on unresolved tensions between the ways ontological difference has been conceptualized within the so-called 'ontological turn' in anthropology and within the field of Science and Technology Studies (STS). © 2015 Royal Anthropological Institute.",2015,10.1111/1467-9655.12292,Tipo 6 CF - R,Tipo 6 - Constructivismo fuerte / relativismo,tipo_6_constructivismo_fuerte_relativismo,directo,Approved direct legacy label for the canonical Arbor contract.,False,True,to see that which cannot be seen ontological differences and public health policies in southern chile,10.1111/1467-9655.12292,e88021d7fc618ea9437d723deb5f8cfe2adcd55c94d4bca9d3e26b210527bf3e,empirico,empirico,cualitativo,False,,,,False,False,"In this article, I explore different visual practices performed by Pehuenche Indigenous healers and state public health professionals in Southern Chile. While non-Indigenous health workers seek to make 'traditional' Pehuenche healing visible within or alongside their own 'modern' practices, Pehuenche people are concerned with making visible the evil spirits whose 'eating' of persons produces illness. Focusing in particular on different healing practices triggered by the existence of Pehuenche spiritual illnesses that are 'seen' by both Indigenous healers and state professionals, this article discusses how different ontologies ground differences between the Indigenous healers and what they 'see'; as well as how a broader and substantive binary between Pehuenche and non-Pehuenche realities goes above and beyond these multiplicities. By exploring and discussing the endurance of Pehuenche cosmo-political relations in a world inhabited by visible and invisible eaters, I hope to create awareness about how a failure to recognize these different realities limits current multicultural policies in Southern Chile, and Indigenous health policies more broadly. At a more theoretical level, the following ethnographic account sheds light on unresolved tensions between the ways ontological difference has been conceptualized within the so-called 'ontological turn' in anthropology and within the field of Science and Technology Studies (STS). © 2015 Royal Anthropological Institute.",abstract_plus_keywords,3,2,2,0,conceptual | ethnograph | ethnographic | theoretical
muestras:Muestras:8,muestras,Muestras,Interests and the Growth of Uncertainty,"The sociology of knowledge and related work in social psychology have been biased towards overvaluing shared perspectives and the attainment of certainty. This paper moves to fill a theoretical gap created by relative inattention to the roles of nonshared perspectives and uncertainty by outlining a middle‐range theory of the connections between human interests and uncertainty. It is proposed that individuals and groups find instrumental uses for uncertainty, just as they do for other states of mind, and that these uses arise from particular interests which characteristically belong to certain types of individuals or groups. Copyright © 1980, Wiley Blackwell. All rights reserved",1980,10.1111/j.1468-5914.1980.tb00013.x,Tipo 5 CM,Tipo 5 - Constructivismo moderado,tipo_5_constructivismo_moderado,directo,Approved direct legacy label for the canonical Arbor contract.,False,True,interests and the growth of uncertainty,10.1111/j.1468-5914.1980.tb00013.x,ed442131716a1ee39b4c9384099eab62ba3260c64233b17571b5f6bebcedb74e,no_empirico,no_empirico,,False,,,,False,False,"The sociology of knowledge and related work in social psychology have been biased towards overvaluing shared perspectives and the attainment of certainty. This paper moves to fill a theoretical gap created by relative inattention to the roles of nonshared perspectives and uncertainty by outlining a middle‐range theory of the connections between human interests and uncertainty. It is proposed that individuals and groups find instrumental uses for uncertainty, just as they do for other states of mind, and that these uses arise from particular interests which characteristically belong to certain types of individuals or groups. Copyright © 1980, Wiley Blackwell. All rights reserved",abstract_plus_keywords,0,2,0,0,perspective | theoretical
muestras:Muestras:9,muestras,Muestras,"Weberian perspectives on science, technology and the economy","Several disciplines have contributed to the understanding of the relationship between science, technology, and economic change. Weber's perspective on this relationship, however, has not been properly explored. In the first part of this paper, we give an account of Weber's perspective. In the second part, we critically assess Weber's ideas, indicating those that are useful and those that deserve to be abandoned. We also confront a revised Weberian perspective with those of the main contemporary competitors, the key ideas of economists and economic historians on one side and social constructivists on the other. We conclude that a Weberian comparative-historical approach compares favourably with these competitors, and suggest where his approach still requires further work.",2002,10.1080/0007131022000000563,Tipo 2 RC,Tipo 2 - Realismo moderado / critico,tipo_2_realismo_moderado_critico,fusionado,Approved alias merge into canonical Type 2.,False,True,weberian perspectives on science technology and the economy,10.1080/0007131022000000563,c4cb60200080ccda22367bc5ddfd21bdfaf2d61a1386a28b6d02ee01958e9486,no_empirico,no_empirico,,False,,Economic change; Economics; Science; Sociology of science and technology; Technology; Weber,Capitalism; Economics; Science; Sociology; Technology; economics; political system; review; science; sociology; technology,True,True,"Several disciplines have contributed to the understanding of the relationship between science, technology, and economic change. Weber's perspective on this relationship, however, has not been properly explored. In the first part of this paper, we give an account of Weber's perspective. In the second part, we critically assess Weber's ideas, indicating those that are useful and those that deserve to be abandoned. We also confront a revised Weberian perspective with those of the main contemporary competitors, the key ideas of economists and economic historians on one side and social constructivists on the other. We conclude that a Weberian comparative-historical approach compares favourably with these competitors, and suggest where his approach still requires further work.

Author Keywords: Economic change; Economics; Science; Sociology of science and technology; Technology; Weber | Index Keywords: Capitalism; Economics; Science; Sociology; Technology; economics; political system; review; science; sociology; technology",abstract_plus_keywords,0,1,0,0,perspective
muestras:Muestras:10,muestras,Muestras,"Harm Reduction in Process: The ACON Rovers, GHB, and the Art of Paying Attention","In recent work on environmental and health risks, Isabelle Stengers has suggested that governing logics have been seized by a strange injunction: “the right not to pay attention.” She characterizes “paying attention” as an art that brings into play connections we are in the habit of keeping separate. In this article, we use this insight to characterize different forms of prevention in the drugs field, arguing that “modes of attention” are an important consideration for harm reduction and counterpublic health. Our case study centers on the ACON Rovers, a team of volunteers who rove around gay dance events on the lookout for people in trouble. Through certain “arts of interception” and through an immanent practice of working with possibilities, the Rovers aim to avert certain dangers, especially those associated with use of the drug gamma-hydroxybutyric acid. But doing this work well involves a certain mode of attending to risk, derived from embodied knowledge, that has regard to the affective relations of surveillance. In this article, we seek to describe and theorize the work of the ACON Rovers. We discuss the historical emergence of the program, the forms of knowledge it draws upon and mobilizes, the attention the project pays to affective relations between different actors in the party environment, and the mechanisms the project has installed to assess and reflect upon its work. Since they seek to intervene in drug effects, we argue that the Rovers are engaged in ontological work. Their mode of operation can be contrasted with that of drug enforcement, which often assumes “the right not to pay attention.” © 2016, © The Author(s) 2016.",2016,10.1177/0091450916661821,Tipo 6 CF - R,Tipo 6 - Constructivismo fuerte / relativismo,tipo_6_constructivismo_fuerte_relativismo,directo,Approved direct legacy label for the canonical Arbor contract.,False,True,harm reduction in process the acon rovers ghb and the art of paying attention,10.1177/0091450916661821,cfe7863c590676f8d0e19497c638a4588fc6da82cc845715d525d3988d423106,empirico,empirico,cualitativo,False,,cultural studies; embodiment; harm reduction; LGBTQ culture and politics; party drugs; science and technology studies,,True,True,"In recent work on environmental and health risks, Isabelle Stengers has suggested that governing logics have been seized by a strange injunction: “the right not to pay attention.” She characterizes “paying attention” as an art that brings into play connections we are in the habit of keeping separate. In this article, we use this insight to characterize different forms of prevention in the drugs field, arguing that “modes of attention” are an important consideration for harm reduction and counterpublic health. Our case study centers on the ACON Rovers, a team of volunteers who rove around gay dance events on the lookout for people in trouble. Through certain “arts of interception” and through an immanent practice of working with possibilities, the Rovers aim to avert certain dangers, especially those associated with use of the drug gamma-hydroxybutyric acid. But doing this work well involves a certain mode of attending to risk, derived from embodied knowledge, that has regard to the affective relations of surveillance. In this article, we seek to describe and theorize the work of the ACON Rovers. We discuss the historical emergence of the program, the forms of knowledge it draws upon and mobilizes, the attention the project pays to affective relations between different actors in the party environment, and the mechanisms the project has installed to assess and reflect upon its work. Since they seek to intervene in drug effects, we argue that the Rovers are engaged in ontological work. Their mode of operation can be contrasted with that of drug enforcement, which often assumes “the right not to pay attention.” © 2016, © The Author(s) 2016.

Author Keywords: cultural studies; embodiment; harm reduction; LGBTQ culture and politics; party drugs; science and technology studies",abstract_plus_keywords,2,0,1,0,case study
muestras:Muestras:11,muestras,Muestras,"History, philosophy, and sociology of science and science-technology-society traditions in science education: Continuities and discontinuities","In the last decades, a great amount of research has advocated innovating science education through teaching contents of the history, sociology, and philosophy of science in order for the students to get a reliable image of science, significant and relevant learning experiences, and higher interest and engagement in science. Given the embeddedness of techno-scientific systems in contemporary societies, the science-technology-society (STS) movement suggested the simple initiative of teaching science through making explicit the interrelationships between science, scientists, technology, and society to achieve these aims. Since then, the STS tradition has evolved and produced some conceptual variations. This paper deals with three of these variations that are currently the key areas of school science education research and teaching: '‘socio-scientific issues,'' '‘scientific literacy for all,'’ and 'ŉature of science.'’ As heirs of the STS tradition, these mottos embody, at the same time, a clear continuity with STS origins, and some discontinuities, which arise from the development of their own paradigms, adding original elements to the STS movement. © Springer Science+Business Media Dordrecht 2014.",2014,10.1007/978-94-007-7654-8_58,Tipo 5 CM,Tipo 5 - Constructivismo moderado,tipo_5_constructivismo_moderado,directo,Approved direct legacy label for the canonical Arbor contract.,False,True,history philosophy and sociology of science and science technology society traditions in science education continuities and discontinuities,10.1007/978-94-007-7654-8_58,6a50c71de47b454937015135d12211d24da4eb8d0323772b9fa87043bdd8d895,no_empirico,no_empirico,,False,,,,False,False,"In the last decades, a great amount of research has advocated innovating science education through teaching contents of the history, sociology, and philosophy of science in order for the students to get a reliable image of science, significant and relevant learning experiences, and higher interest and engagement in science. Given the embeddedness of techno-scientific systems in contemporary societies, the science-technology-society (STS) movement suggested the simple initiative of teaching science through making explicit the interrelationships between science, scientists, technology, and society to achieve these aims. Since then, the STS tradition has evolved and produced some conceptual variations. This paper deals with three of these variations that are currently the key areas of school science education research and teaching: '‘socio-scientific issues,'' '‘scientific literacy for all,'’ and 'ŉature of science.'’ As heirs of the STS tradition, these mottos embody, at the same time, a clear continuity with STS origins, and some discontinuities, which arise from the development of their own paradigms, adding original elements to the STS movement. © Springer Science+Business Media Dordrecht 2014.",abstract_plus_keywords,0,1,0,0,conceptual
muestras:Muestras:12,muestras,Muestras,The modality of the textual institutionalisation of literary studies: Towards a sociology,"This paper aims to present a sociology of literary studies that is distinguished from the sociology of literature in that its focus is on literary studies as a social practice rather than as a socio-cultural institution: how literary studies is institutionalized as such not how it functions in relation to literature. The sociological analysis of literary studies in this paper entails two tasks. Firstly, it constructs a methodological frame within which literary studies can be observed and analysed in terms of the rules of discursive formation rather than as a pre-discursive entity. This is achieved through conceptualizing the Foucauldian notion of discursive formation and knowledge practice as an analytic strategy and operationalising it via Paul Dowling's Social Activity Method. Empirically, the analysis produces a description of the practice of literary studies as instantiated in the particular region of the practice constituted with what I refer to as the crisis discourse. The analysis describes literary studies as that which is emergent upon differing institutionalising strategies articulated by its participants to mark out literary studies from other practices and to maintain its disciplinarity through regulating the distribution and the access of the distribution of the discourse within and beyond the practice. The generalisability of the research in this paper lies in the applicability of the analytical method that can be employed at any given level of analysis to examine discursive practice-such as literary studies-as the effects of the particular discourses in terms of how they articulate and sustain the institutionalised identity of the practice.",2011,,Tipo 6 CF - R,Tipo 6 - Constructivismo fuerte / relativismo,tipo_6_constructivismo_fuerte_relativismo,directo,Approved direct legacy label for the canonical Arbor contract.,False,True,the modality of the textual institutionalisation of literary studies towards a sociology,,dcd560e60615348c86965632b18e49b4a54fb49a3d1611f2841b30fe0c0f614d,empirico,empirico,,True,insufficient_evidence,Cultural studies; Disciplinarity; Discursive formation; Foucault; Institutionalisation; Research methodology; Social activity method; Sociology of knowledge; Sociology of literary studies; Sociology of literature,,True,True,"This paper aims to present a sociology of literary studies that is distinguished from the sociology of literature in that its focus is on literary studies as a social practice rather than as a socio-cultural institution: how literary studies is institutionalized as such not how it functions in relation to literature. The sociological analysis of literary studies in this paper entails two tasks. Firstly, it constructs a methodological frame within which literary studies can be observed and analysed in terms of the rules of discursive formation rather than as a pre-discursive entity. This is achieved through conceptualizing the Foucauldian notion of discursive formation and knowledge practice as an analytic strategy and operationalising it via Paul Dowling's Social Activity Method. Empirically, the analysis produces a description of the practice of literary studies as instantiated in the particular region of the practice constituted with what I refer to as the crisis discourse. The analysis describes literary studies as that which is emergent upon differing institutionalising strategies articulated by its participants to mark out literary studies from other practices and to maintain its disciplinarity through regulating the distribution and the access of the distribution of the discourse within and beyond the practice. The generalisability of the research in this paper lies in the applicability of the analytical method that can be employed at any given level of analysis to examine discursive practice-such as literary studies-as the effects of the particular discourses in terms of how they articulate and sustain the institutionalised identity of the practice.

Author Keywords: Cultural studies; Disciplinarity; Discursive formation; Foucault; Institutionalisation; Research methodology; Social activity method; Sociology of knowledge; Sociology of literary studies; Sociology of literature",abstract_plus_keywords,2,1,0,0,conceptual | empirical | participants
muestras:Muestras:13,muestras,Muestras,Situated Listening: Attending to the Unheard,"Grounded in a conviction that how we listen matters deeply in the context of ongoing social, political, and ecological crises, Situated Listening: Attending to the Unheard sets forth a collection of methodologies and creative proposals for listening, advancing the framework of situated listening as both a theoretical concept and a methodological practice that investigates relationships between the listening body and the politics of place, space, and culture. Drawing from an array of scholarship that engages sound studies broadly, this 15-chapter book is written entirely collaboratively and from a multidisciplinary perspective. Each section includes scores for situated listening, which take the form of diagrams, instructions, exercises, images, and meditations. The scores offer alternate modes of sharing the central ideas of the associated chapters, inviting the reader to shift from theory into practice. This book contributes to decolonial, feminist, anti-racist, and anti-capitalist scholarship in the field of sound studies, by centering listening as a relational practice. This book brings together a roster of accomplished, international contributors, making it essential supplementary reading for advanced undergraduates and researchers in sound studies. It will be of interest to faculty and students in the fields of Sound Studies, Music, Feminist Science and Technology Studies, Urban Design, and Sound Art. © 2025 selection and editorial matter, Stephanie Loveless, Tullis Rennie, Morten Søndergaard, and Freya Zinovieff; individual chapters, the contributors.",2025,10.4324/9781003348528,Tipo 5 CM,Tipo 5 - Constructivismo moderado,tipo_5_constructivismo_moderado,directo,Approved direct legacy label for the canonical Arbor contract.,False,True,situated listening attending to the unheard,10.4324/9781003348528,88a78a95bd243ee3d724b8cfd68f2bc5e4b0eca3d1363f14ec75d6aa860ef703,no_empirico,no_empirico,,False,,,Students; Creatives; Ecological crisis; Multidisciplinary perspectives; Political crisis; Science and technology studies; Urban design; Engineering education,True,True,"Grounded in a conviction that how we listen matters deeply in the context of ongoing social, political, and ecological crises, Situated Listening: Attending to the Unheard sets forth a collection of methodologies and creative proposals for listening, advancing the framework of situated listening as both a theoretical concept and a methodological practice that investigates relationships between the listening body and the politics of place, space, and culture. Drawing from an array of scholarship that engages sound studies broadly, this 15-chapter book is written entirely collaboratively and from a multidisciplinary perspective. Each section includes scores for situated listening, which take the form of diagrams, instructions, exercises, images, and meditations. The scores offer alternate modes of sharing the central ideas of the associated chapters, inviting the reader to shift from theory into practice. This book contributes to decolonial, feminist, anti-racist, and anti-capitalist scholarship in the field of sound studies, by centering listening as a relational practice. This book brings together a roster of accomplished, international contributors, making it essential supplementary reading for advanced undergraduates and researchers in sound studies. It will be of interest to faculty and students in the fields of Sound Studies, Music, Feminist Science and Technology Studies, Urban Design, and Sound Art. © 2025 selection and editorial matter, Stephanie Loveless, Tullis Rennie, Morten Søndergaard, and Freya Zinovieff; individual chapters, the contributors.

Index Keywords: Students; Creatives; Ecological crisis; Multidisciplinary perspectives; Political crisis; Science and technology studies; Urban design; Engineering education",abstract_plus_keywords,0,2,0,0,perspective | theoretical
muestras:Muestras:14,muestras,Muestras,New problems of a New Health System: the Creation of A National Public Policy of Rare Diseases Care in Brazil (1990s-2010s),"This study discusses actors and institution movements leading to the disclosure in 2014 of Resolution 199 by the Brazilian Ministry of Health, which establishes the National Policy for the Comprehensive Care of Persons with Rare Diseases. Taking as sources the mainstream newspapers, drafts law, and secondary literature on the subject, we begin our analysis in the early 1990s when the first patient associations were created in Brazil - mainly for claiming more funds for research on genetic diseases - and arrive at the late 2010s when negotiations for a national policy are taking place in the National Congress. Resolution 199 is part of an ongoing process and the path towards its disclosure and the complications that followed have given us elements to discuss contemporary aspects of the Brazilian public health. Based on the references of the history of the present time and the social studies of science, we argue that two aspects have been fundamental to creating a national policy: framing different illnesses within the terminology &#x201C;rare diseases&#x201D; and the construction of a public perception about the right of health which is guaranteed by the 1988 Brazilian Constitution.",2019,10.18294/sc.2020.2210,Tipo 5 CM,Tipo 5 - Constructivismo moderado,tipo_5_constructivismo_moderado,directo,Approved direct legacy label for the canonical Arbor contract.,False,True,new problems of a new health system the creation of a national public policy of rare diseases care in brazil 1990s 2010s,10.18294/sc.2020.2210,e7bf1bce1da29051b08ffff98d268be4317954ab3b2f72967b8084f2d3d3b709,empirico,empirico,,True,insufficient_evidence,Brazil.; Comprehensive Health Care; Health System; Public Policy; Rare Diseases,,True,True,"This study discusses actors and institution movements leading to the disclosure in 2014 of Resolution 199 by the Brazilian Ministry of Health, which establishes the National Policy for the Comprehensive Care of Persons with Rare Diseases. Taking as sources the mainstream newspapers, drafts law, and secondary literature on the subject, we begin our analysis in the early 1990s when the first patient associations were created in Brazil - mainly for claiming more funds for research on genetic diseases - and arrive at the late 2010s when negotiations for a national policy are taking place in the National Congress. Resolution 199 is part of an ongoing process and the path towards its disclosure and the complications that followed have given us elements to discuss contemporary aspects of the Brazilian public health. Based on the references of the history of the present time and the social studies of science, we argue that two aspects have been fundamental to creating a national policy: framing different illnesses within the terminology &#x201C;rare diseases&#x201D; and the construction of a public perception about the right of health which is guaranteed by the 1988 Brazilian Constitution.

Author Keywords: Brazil.; Comprehensive Health Care; Health System; Public Policy; Rare Diseases",abstract_plus_keywords,1,0,0,0,this study
muestras:Muestras:15,muestras,Muestras,Prestige drives epistemic inequality in the diffusion of scientific ideas,"The spread of ideas in the scientific community is often viewed as a competition, in which good ideas spread further because of greater intrinsic fitness, and publication venue and citation counts correlate with importance and impact. However, relatively little is known about how structural factors influence the spread of ideas, and specifically how where an idea originates might influence how it spreads. Here, we investigate the role of faculty hiring networks, which embody the set of researcher transitions from doctoral to faculty institutions, in shaping the spread of ideas in computer science, and the importance of where in the network an idea originates. We consider comprehensive data on the hiring events of 5032 faculty at all 205 Ph.D.-granting departments of computer science in the U.S. and Canada, and on the timing and titles of 200,476 associated publications. Analyzing five popular research topics, we show empirically that faculty hiring can and does facilitate the spread of ideas in science. Having established such a mechanism, we then analyze its potential consequences using epidemic models to simulate the generic spread of research ideas and quantify the impact of where an idea originates on its longterm diffusion across the network. We find that research from prestigious institutions spreads more quickly and completely than work of similar quality originating from less prestigious institutions. Our analyses establish the theoretical trade-offs between university prestige and the quality of ideas necessary for efficient circulation. Our results establish faculty hiring as an underlying mechanism that drives the persistent epistemic advantage observed for elite institutions, and provide a theoretical lower bound for the impact of structural inequality in shaping the spread of ideas in science. © 2018, The Author(s).",2018,10.1140/epjds/s13688-018-0166-4,Tipo 2 RC,Tipo 2 - Realismo moderado / critico,tipo_2_realismo_moderado_critico,fusionado,Approved alias merge into canonical Type 2.,False,True,prestige drives epistemic inequality in the diffusion of scientific ideas,10.1140/epjds/s13688-018-0166-4,eac75e1ff11173775894e19e498ee2a004f4fe7997ff16d0915fe0e3a197e41d,,,,True,conflicting_cues,Computational social science; Faculty hiring networks; Information diffusion; Social inequality; Sociology of science,Digital storage; Economic and social effects; Citation counts; Computational social science; Epidemic models; Information diffusion; Scientific community; Social inequalities; Sociology of science; Structural factor; Employment,True,True,"The spread of ideas in the scientific community is often viewed as a competition, in which good ideas spread further because of greater intrinsic fitness, and publication venue and citation counts correlate with importance and impact. However, relatively little is known about how structural factors influence the spread of ideas, and specifically how where an idea originates might influence how it spreads. Here, we investigate the role of faculty hiring networks, which embody the set of researcher transitions from doctoral to faculty institutions, in shaping the spread of ideas in computer science, and the importance of where in the network an idea originates. We consider comprehensive data on the hiring events of 5032 faculty at all 205 Ph.D.-granting departments of computer science in the U.S. and Canada, and on the timing and titles of 200,476 associated publications. Analyzing five popular research topics, we show empirically that faculty hiring can and does facilitate the spread of ideas in science. Having established such a mechanism, we then analyze its potential consequences using epidemic models to simulate the generic spread of research ideas and quantify the impact of where an idea originates on its longterm diffusion across the network. We find that research from prestigious institutions spreads more quickly and completely than work of similar quality originating from less prestigious institutions. Our analyses establish the theoretical trade-offs between university prestige and the quality of ideas necessary for efficient circulation. Our results establish faculty hiring as an underlying mechanism that drives the persistent epistemic advantage observed for elite institutions, and provide a theoretical lower bound for the impact of structural inequality in shaping the spread of ideas in science. © 2018, The Author(s).

Author Keywords: Computational social science; Faculty hiring networks; Information diffusion; Social inequality; Sociology of science | Index Keywords: Digital storage; Economic and social effects; Citation counts; Computational social science; Epidemic models; Information diffusion; Scientific community; Social inequalities; Sociology of science; Structural factor; Employment",abstract_plus_keywords,1,1,0,0,empirical | theoretical
muestras:Muestras:16,muestras,Muestras,"DOGS, history, and agency","Drawing on posthumanist theories from geography, anthropology, and science and technology studies (STS), this article argues that agency is shared unevenly between humans and nonhumans. It proposes that conceptualizing animals as agents allows them to enter history as active beings rather than static objects. Agency has become a key concept within history, especially since the rise of the ""new"" social history. But many historians treat agency as a uniquely human attribute, arguing that animals lack the cognitive abilities, self-awareness, and intentionality to be agents. This article argues that human levels of intentionality are not a precondition of agency. Furthermore, it draws on research into canine psychology to propose that dogs display some degree of intentionality and self-directed action. The aim is not to turn dogs, or any other animals, into human-style agents nor to suggest that they display the same levels of skill, intentionality, and intelligence as humans. Instead, the objective is to show how dogs are purposeful and capable agents in their own way and to explore how they interact with human agents. The article particularly considers the agency of militarized dogs, especially those on the Western Front (1914-1918), to suggest how historians can use primary sources to uncover how individuals in the past have treated dogs as capable creatures and to capture some sense of dogs'embodied and purposeful agency. © Wesleyan University 2013.",2013,10.1111/hith.10683,Tipo 6 CF - R,Tipo 6 - Constructivismo fuerte / relativismo,tipo_6_constructivismo_fuerte_relativismo,directo,Approved direct legacy label for the canonical Arbor contract.,False,True,dogs history and agency,10.1111/hith.10683,26fbea70ed12004eaa0b792c9f8a72b2c06a952b3fc94abf5a2b4f5a04058974,no_empirico,no_empirico,,False,,Canine psychology; Dogs; Intentionality; Nonhuman agency; World War I,,True,True,"Drawing on posthumanist theories from geography, anthropology, and science and technology studies (STS), this article argues that agency is shared unevenly between humans and nonhumans. It proposes that conceptualizing animals as agents allows them to enter history as active beings rather than static objects. Agency has become a key concept within history, especially since the rise of the ""new"" social history. But many historians treat agency as a uniquely human attribute, arguing that animals lack the cognitive abilities, self-awareness, and intentionality to be agents. This article argues that human levels of intentionality are not a precondition of agency. Furthermore, it draws on research into canine psychology to propose that dogs display some degree of intentionality and self-directed action. The aim is not to turn dogs, or any other animals, into human-style agents nor to suggest that they display the same levels of skill, intentionality, and intelligence as humans. Instead, the objective is to show how dogs are purposeful and capable agents in their own way and to explore how they interact with human agents. The article particularly considers the agency of militarized dogs, especially those on the Western Front (1914-1918), to suggest how historians can use primary sources to uncover how individuals in the past have treated dogs as capable creatures and to capture some sense of dogs'embodied and purposeful agency. © Wesleyan University 2013.

Author Keywords: Canine psychology; Dogs; Intentionality; Nonhuman agency; World War I",abstract_plus_keywords,0,1,0,0,conceptual
muestras:Muestras:17,muestras,Muestras,Tracing the Atom: Nuclear Legacies in Russia and Central Asia,"This book is about nuclear legacies in Russia and Central Asia, focusing on selected sites of the Soviet atomic program, many of which have remained understudied. Nuclear operations, for energy or military purposes, demanded a vast infrastructure of production and supply chains that have transformed entire regions. In following the material traces of the atomic programs, contributors pay particular attention to memory practices and memorialization concerning nuclear legacies. Tracing the Atom foregrounds historical and contemporary engagements with nuclear politics: how have institutions and governments responded to the legacies of the atomic era? How do communities and artists articulate concerns over radioactive matters? What was the role of radiation expertise in a broader Soviet and international context of the Cold War? Examining nuclear legacies together with past atomic futures and post-Soviet memorialization and nuclear heritage shines light on how modes of knowing intersect with livelihoods, compensation policies, and historiography. Bringing together a range of disciplines – history, science and technology studies, social anthropology, literary studies, and art history – this volume offers insights that broaden our understanding of twentieth-century atomic programs and their long aftermaths. © 2022 selection and editorial matter, Susanne Bauer and Tanja Penter.",2022,10.4324/9781003246893,Tipo 2 RC,Tipo 2 - Realismo moderado / critico,tipo_2_realismo_moderado_critico,fusionado,Approved alias merge into canonical Type 2.,False,True,tracing the atom nuclear legacies in russia and central asia,10.4324/9781003246893,b1bccf21473f322a32e73cddc0e77f652f40320bf241f9ef4c781e8f7a12f914,NN,NN,,False,,,,False,False,"This book is about nuclear legacies in Russia and Central Asia, focusing on selected sites of the Soviet atomic program, many of which have remained understudied. Nuclear operations, for energy or military purposes, demanded a vast infrastructure of production and supply chains that have transformed entire regions. In following the material traces of the atomic programs, contributors pay particular attention to memory practices and memorialization concerning nuclear legacies. Tracing the Atom foregrounds historical and contemporary engagements with nuclear politics: how have institutions and governments responded to the legacies of the atomic era? How do communities and artists articulate concerns over radioactive matters? What was the role of radiation expertise in a broader Soviet and international context of the Cold War? Examining nuclear legacies together with past atomic futures and post-Soviet memorialization and nuclear heritage shines light on how modes of knowing intersect with livelihoods, compensation policies, and historiography. Bringing together a range of disciplines – history, science and technology studies, social anthropology, literary studies, and art history – this volume offers insights that broaden our understanding of twentieth-century atomic programs and their long aftermaths. © 2022 selection and editorial matter, Susanne Bauer and Tanja Penter.",abstract_plus_keywords,0,0,0,0,
muestras:Muestras:18,muestras,Muestras,The cognitive and the social structure of STS,"The differentiation of scientific fields into sub-fields can be studied on the level of the 'scientific content' of the sub-field, that is on the level of the products, as well as on the level of the 'social structures' of the sub-field, that is on the level of the producers of the content. By comparing the behavior of the constructs with the behavior of the constructors, we are able to demonstrate the analytical distinction between a cognitive and a social approach in an empirical way. This will be illustrated using the case of integration and differentiation in Science and Technology Studies (STS). Elsewhere, using relations between documents, I showed how STS is characterized by strong differentiation tendencies. In this paper I address the question to what extent this differentiation is also reflected in the social structure of the STS field. Can STS scholars and STS research groups be classified in terms of the sub-fields? Or do researchers and institutes carry an integrative role in the STS field? Are the relations between the sub-fields of STS maintained by individual researchers or research institutes, and to what extent? The analysis in this paper reveals that this is generally not the case. Although we are able to distinguish analytically between the cognitive and social dimension of the development of the research field, we find similar patterns of differentiation on the social level too. At the same time, this differentiation differs in some respects from the cognitive differentiation pattern. Consequently, the social and the cognitive dimensions of the STS field are not independent -as no serious STS scholar would argue - but also not identical, as radical constructivists claim, but are strongly interacting. Further analysis may reveal the leading dynamics, that is answering the question whether the 'social' follows the 'cognitive', the other way around, or whether the dynamics has the pattern of 'co-evolution'.",2001,10.1023/A:1012714020453,Tipo 1 RF,Tipo 1 - Realismo fuerte,tipo_1_realismo_fuerte,directo,Approved direct legacy label for the canonical Arbor contract.,False,True,the cognitive and the social structure of sts,10.1023/a:1012714020453,c0655096def627f8b4366183254b51672d49bb49e6863490ca53364c1cc630f9,empirico,empirico,,True,insufficient_evidence,,,False,False,"The differentiation of scientific fields into sub-fields can be studied on the level of the 'scientific content' of the sub-field, that is on the level of the products, as well as on the level of the 'social structures' of the sub-field, that is on the level of the producers of the content. By comparing the behavior of the constructs with the behavior of the constructors, we are able to demonstrate the analytical distinction between a cognitive and a social approach in an empirical way. This will be illustrated using the case of integration and differentiation in Science and Technology Studies (STS). Elsewhere, using relations between documents, I showed how STS is characterized by strong differentiation tendencies. In this paper I address the question to what extent this differentiation is also reflected in the social structure of the STS field. Can STS scholars and STS research groups be classified in terms of the sub-fields? Or do researchers and institutes carry an integrative role in the STS field? Are the relations between the sub-fields of STS maintained by individual researchers or research institutes, and to what extent? The analysis in this paper reveals that this is generally not the case. Although we are able to distinguish analytically between the cognitive and social dimension of the development of the research field, we find similar patterns of differentiation on the social level too. At the same time, this differentiation differs in some respects from the cognitive differentiation pattern. Consequently, the social and the cognitive dimensions of the STS field are not independent -as no serious STS scholar would argue - but also not identical, as radical constructivists claim, but are strongly interacting. Further analysis may reveal the leading dynamics, that is answering the question whether the 'social' follows the 'cognitive', the other way around, or whether the dynamics has the pattern of 'co-evolution'.",abstract_plus_keywords,1,0,0,0,empirical
muestras:Muestras:19,muestras,Muestras,Young brains at risk: Co-constituting youth and addiction in neuroscience-informed Australian drug education,"This article explores the developing relationship between neuroscientific understandings of 'addiction' and 'youth'. Drawing on science and technology studies theory and social scientific analyses of both these concepts, it identifies a co-constitutive relationship between notions of addiction as a brain disease and of youth as a stage of brain development. These two concepts are then tracked in a series of drug education documents concerned with alcohol and other drug (AOD) use and addiction among young people, and their implications and effects and analysed together. The aim is to investigate the impact on drug education of neuroscientific approaches to youth and addiction. Are new concepts and directions for harm reduction created in the encounters between neuroscience, youth and addiction, or do they simply reinstate and reinforce existing assumptions and judgments? Is drug education shaped by these concepts likely to achieve its aim, that is, to increase young people's sensitivity to harm and safety? The article begins by introducing neuroscientific accounts of youth and addiction, arguing that the two concepts share three key assumptions. First, both emphasise biology and sideline social context in the making of drug use practices and outcomes. Second, both reproduce uncritical treatments of brain scans (PET and fMRI images) as windows into minds and subjects. Third, both understand the brain as ontologically separate from its environment. These assumptions and their implications are then tracked through an analysis of Australian drug education resources, focusing on how drug education constitutes youthfulness and addiction as pathological disorders. In its reliance on neuroscientific understandings of youth and addiction, we conclude, drug education is unlikely to achieve its goal of reducing drug-related harm. © 2017 Macmillan Publishers Ltd.",2017,10.1057/s41292-017-0047-2,Tipo 6 CF - R,Tipo 6 - Constructivismo fuerte / relativismo,tipo_6_constructivismo_fuerte_relativismo,directo,Approved direct legacy label for the canonical Arbor contract.,False,True,young brains at risk co constituting youth and addiction in neuroscience informed australian drug education,10.1057/s41292-017-0047-2,06416ca618330176dab55ac0688032542dcf949041fb1f11073ae865043d5e88,NN,NN,,False,,addiction; Annemarie Mol and John Law; Bruno Latour; drug education; neuroscience; youth,,True,True,"This article explores the developing relationship between neuroscientific understandings of 'addiction' and 'youth'. Drawing on science and technology studies theory and social scientific analyses of both these concepts, it identifies a co-constitutive relationship between notions of addiction as a brain disease and of youth as a stage of brain development. These two concepts are then tracked in a series of drug education documents concerned with alcohol and other drug (AOD) use and addiction among young people, and their implications and effects and analysed together. The aim is to investigate the impact on drug education of neuroscientific approaches to youth and addiction. Are new concepts and directions for harm reduction created in the encounters between neuroscience, youth and addiction, or do they simply reinstate and reinforce existing assumptions and judgments? Is drug education shaped by these concepts likely to achieve its aim, that is, to increase young people's sensitivity to harm and safety? The article begins by introducing neuroscientific accounts of youth and addiction, arguing that the two concepts share three key assumptions. First, both emphasise biology and sideline social context in the making of drug use practices and outcomes. Second, both reproduce uncritical treatments of brain scans (PET and fMRI images) as windows into minds and subjects. Third, both understand the brain as ontologically separate from its environment. These assumptions and their implications are then tracked through an analysis of Australian drug education resources, focusing on how drug education constitutes youthfulness and addiction as pathological disorders. In its reliance on neuroscientific understandings of youth and addiction, we conclude, drug education is unlikely to achieve its goal of reducing drug-related harm. © 2017 Macmillan Publishers Ltd.

Author Keywords: addiction; Annemarie Mol and John Law; Bruno Latour; drug education; neuroscience; youth",abstract_plus_keywords,0,0,0,0,
muestras:Muestras:20,muestras,Muestras,Making Health Policy: Networks in Research and Policy after 1945,"Science and policy in health and medicine have interacted in new ways in Britain since 1945.The relationship between research and policy has a history. The changing role of social medicine, the rise of health services research and 'customer contractor' policies in government have been important. The relationship between research and policy has been analysed by different schools of thought. This chapter categorises them as several groups: 'evidence-based', 'journalism', 'sociology of scientific knowledge' and 'science policy studies'. The chapters in the book illuminate aspects of these changing relationships. The role of chronic disease epidemiology, of new networks in public health, of mediafocussed activism, and of health technology and its advocates have been more important than political interest. © 2005 by Koninklijke Brill NV, Leiden, The Netherlands.",2005,10.1163/9789004333109_004,Tipo 2 RC,Tipo 2 - Realismo moderado / critico,tipo_2_realismo_moderado_critico,fusionado,Approved alias merge into canonical Type 2.,False,True,making health policy networks in research and policy after 1945,10.1163/9789004333109_004,d0bd88efc5da7a5acba4476732af3108681b5c04bdcc86cd03d720c4e48d9704,NN,NN,,False,,,"Biomedical Research; Great Britain; Health Policy; Health Services Research; History, 20th Century; History, 21st Century; Humans; Policy Making; MLCS; MLOWN; article; health care policy; health services research; history; human; management; medical research; United Kingdom",True,True,"Science and policy in health and medicine have interacted in new ways in Britain since 1945.The relationship between research and policy has a history. The changing role of social medicine, the rise of health services research and 'customer contractor' policies in government have been important. The relationship between research and policy has been analysed by different schools of thought. This chapter categorises them as several groups: 'evidence-based', 'journalism', 'sociology of scientific knowledge' and 'science policy studies'. The chapters in the book illuminate aspects of these changing relationships. The role of chronic disease epidemiology, of new networks in public health, of mediafocussed activism, and of health technology and its advocates have been more important than political interest. © 2005 by Koninklijke Brill NV, Leiden, The Netherlands.

Index Keywords: Biomedical Research; Great Britain; Health Policy; Health Services Research; History, 20th Century; History, 21st Century; Humans; Policy Making; MLCS; MLOWN; article; health care policy; health services research; history; human; management; medical research; United Kingdom",abstract_plus_keywords,0,0,0,0,
muestras:Muestras:21,muestras,Muestras,STS confronts the vocaloid: Assemblage thinking with hatsune miku,"In recent years, a number of interlocking theoretical tendencies in science and technology studies have mustered around the idea that societies and cultures are part of a complex web of enrollments, networks, and human-nonhuman conjunctions enacted across a fluid domain of materialities. Drawn to non-totalizing ways of thinking, these tendencies embrace opportunities to reveal the heterogeneous, contingent, and emergent nature of sociotechnical relations and the interwoven mesh-works of technologies and bodies. Wataru Sasaki is a voice snatcher: his main job is to scour the internet for arresting voices. When he finds a voice that interests him, he will often invite the owner of that voice into the recording studio for a few days to record tiny fragments of that person’s singing and speaking voice. The Vocaloid environment itself resembles other music-making software insofar as it represents musical data on a timeline, the data subject to multiple forms of manipulation courtesy of the editing tools. © 2021 selection and editorial matter, Antoine Hennion and Christophe Levaux.",2021,10.4324/9780429268830-14,Tipo 5 CM,Tipo 5 - Constructivismo moderado,tipo_5_constructivismo_moderado,directo,Approved direct legacy label for the canonical Arbor contract.,False,True,sts confronts the vocaloid assemblage thinking with hatsune miku,10.4324/9780429268830-14,7671e15dd33b4087178a02ff71bb19fd187cbc6aced040447949250f6e016e76,no_empirico,no_empirico,,False,,,,False,False,"In recent years, a number of interlocking theoretical tendencies in science and technology studies have mustered around the idea that societies and cultures are part of a complex web of enrollments, networks, and human-nonhuman conjunctions enacted across a fluid domain of materialities. Drawn to non-totalizing ways of thinking, these tendencies embrace opportunities to reveal the heterogeneous, contingent, and emergent nature of sociotechnical relations and the interwoven mesh-works of technologies and bodies. Wataru Sasaki is a voice snatcher: his main job is to scour the internet for arresting voices. When he finds a voice that interests him, he will often invite the owner of that voice into the recording studio for a few days to record tiny fragments of that person’s singing and speaking voice. The Vocaloid environment itself resembles other music-making software insofar as it represents musical data on a timeline, the data subject to multiple forms of manipulation courtesy of the editing tools. © 2021 selection and editorial matter, Antoine Hennion and Christophe Levaux.",abstract_plus_keywords,0,1,0,0,theoretical
muestras:Muestras:22,muestras,Muestras,"Bitcoin and beyond: Cryptocurrencies, blockchains, and global governance","Since the launch of Bitcoin in 2009 several hundred different 'cryptocurrencies' have been developed and become accepted for a wide variety of transactions in leading online commercial marketplaces and the 'sharing economy', as well as by more traditional retailers, manufacturers, and even by charities and political parties. Bitcoin and its competitors have also garnered attention for their wildly fluctuating values as well as implication in international money laundering, Ponzi schemes and online trade in illicit goods and services across borders. These and other controversies surrounding cryptocurrencies have induced varying governance responses by central banks, government ministries, international organizations, and industry regulators worldwide. Besides formal attempts to ban Bitcoin, there have been multifaceted efforts to incorporate elements of blockchains, the peer-to-peer technology underlying cryptocurrencies, in the wider exchange, recording, and broadcasting of digital transactions. Blockchains are being mobilized to support and extend an array of governance activities. The novelty and breadth of growing blockchain-based activities have fuelled both utopian promises and dystopian fears regarding applications of the emergent technology to Bitcoin and beyond. This volume brings scholars of anthropology, economics, Science and Technology Studies, and sociology together with GPE scholars in assessing the actual implications posed by Bitcoin and blockchains for contemporary global governance. Its interdisciplinary contributions provide academics, policymakers, industry practitioners and the general public with more nuanced understandings of technological change in the changing character of governance within and across the borders of nation-states. © 2018 Malcolm Campbell-Verduyn. All rights reserved.",2017,10.4324/9781315211909,Tipo 5 CM,Tipo 5 - Constructivismo moderado,tipo_5_constructivismo_moderado,directo,Approved direct legacy label for the canonical Arbor contract.,False,True,bitcoin and beyond cryptocurrencies blockchains and global governance,10.4324/9781315211909,566feb25eca22eb28052c69eabcd79de07c0df78f14ae261891a03be9488b849,NN,NN,,False,,,,False,False,"Since the launch of Bitcoin in 2009 several hundred different 'cryptocurrencies' have been developed and become accepted for a wide variety of transactions in leading online commercial marketplaces and the 'sharing economy', as well as by more traditional retailers, manufacturers, and even by charities and political parties. Bitcoin and its competitors have also garnered attention for their wildly fluctuating values as well as implication in international money laundering, Ponzi schemes and online trade in illicit goods and services across borders. These and other controversies surrounding cryptocurrencies have induced varying governance responses by central banks, government ministries, international organizations, and industry regulators worldwide. Besides formal attempts to ban Bitcoin, there have been multifaceted efforts to incorporate elements of blockchains, the peer-to-peer technology underlying cryptocurrencies, in the wider exchange, recording, and broadcasting of digital transactions. Blockchains are being mobilized to support and extend an array of governance activities. The novelty and breadth of growing blockchain-based activities have fuelled both utopian promises and dystopian fears regarding applications of the emergent technology to Bitcoin and beyond. This volume brings scholars of anthropology, economics, Science and Technology Studies, and sociology together with GPE scholars in assessing the actual implications posed by Bitcoin and blockchains for contemporary global governance. Its interdisciplinary contributions provide academics, policymakers, industry practitioners and the general public with more nuanced understandings of technological change in the changing character of governance within and across the borders of nation-states. © 2018 Malcolm Campbell-Verduyn. All rights reserved.",abstract_plus_keywords,0,0,0,0,
muestras:Muestras:23,muestras,Muestras,"Dead Meat: Competing Vitalities, Cultivated Meat Imaginaries and Anthropocene Diets","As we confront the environmental challenges of the Anthropocene, cellular agriculture has emerged as a revolutionary technology promising to reshape global food systems. Dead Meat offers a critical examination of this biotechnological shift, exploring how cultivated meat production reconfigures the relationship between life, death, and food in the context of competing ecological, social, and ethical imperatives. Elisabeth Abergel provides a compelling analysis of cultivated meat through the lens of “competing vitalities”, questioning how these new forms of food production are narrated and imagined in the Anthropocene. She delves into the sociotechnical imaginaries that promise sustainability, animal welfare, and climate resilience, while probing the tensions between these narratives and the political economy of industrial food production. Drawing on interdisciplinary perspectives from the environmental humanities, science and technology studies, political economy, and political ecology, Abergel critiques the idea that cultivated meat is a simple technological fix to the climate crisis. Instead, she exposes how these innovations both challenge and reinforce capitalist logics that dominate agricultural systems. Dead Meat is essential reading for scholars and students in environmental sociology, food politics, science and technology studies, environmental humanities, and political economy, as well as for activists and policymakers interested in sustainable food futures and planetary health. © The Editor(s) (if applicable) and The Author(s), under exclusive license to Springer Nature Singapore Pte Ltd. 2024.",2024,10.1007/978-981-97-9049-4,Tipo 6 CF - R,Tipo 6 - Constructivismo fuerte / relativismo,tipo_6_constructivismo_fuerte_relativismo,directo,Approved direct legacy label for the canonical Arbor contract.,False,True,dead meat competing vitalities cultivated meat imaginaries and anthropocene diets,10.1007/978-981-97-9049-4,7bec6a0893f1becadf376eda7b7b6d23179ffd3f885af03a49cfad5faa6d7456,no_empirico,no_empirico,,False,,bio-objects; bioeconomy of meat; biofabrication of meat; bodily objects; carnism; cell-based meat; cellular agriculture; cellular economies; clean meat; flexitarianism; food biotechnology; future of meat; human-animal entanglements; in vitro meat; new materialism; slaughter-free meat; STS,Agricultural economics; Agriculture; Animals; Biotechnology; Ecology; Environmental technology; Industrial economics; Sociology; Sustainable development; Bio-object; Bioeconomy of meat; Biofabrication; Biofabrication of meat; Bodily object; Carnism; Cell-based; Cell-based meat; Cellular agriculture; Cellular economy; Cellulars; Clean meat; Flexitarianism; Food biotechnology; Future of meat; Human-animal entanglement; In vitro meat; In-vitro; New materialism; Slaughter-free meat; STS; Meats,True,True,"As we confront the environmental challenges of the Anthropocene, cellular agriculture has emerged as a revolutionary technology promising to reshape global food systems. Dead Meat offers a critical examination of this biotechnological shift, exploring how cultivated meat production reconfigures the relationship between life, death, and food in the context of competing ecological, social, and ethical imperatives. Elisabeth Abergel provides a compelling analysis of cultivated meat through the lens of “competing vitalities”, questioning how these new forms of food production are narrated and imagined in the Anthropocene. She delves into the sociotechnical imaginaries that promise sustainability, animal welfare, and climate resilience, while probing the tensions between these narratives and the political economy of industrial food production. Drawing on interdisciplinary perspectives from the environmental humanities, science and technology studies, political economy, and political ecology, Abergel critiques the idea that cultivated meat is a simple technological fix to the climate crisis. Instead, she exposes how these innovations both challenge and reinforce capitalist logics that dominate agricultural systems. Dead Meat is essential reading for scholars and students in environmental sociology, food politics, science and technology studies, environmental humanities, and political economy, as well as for activists and policymakers interested in sustainable food futures and planetary health. © The Editor(s) (if applicable) and The Author(s), under exclusive license to Springer Nature Singapore Pte Ltd. 2024.

Author Keywords: bio-objects; bioeconomy of meat; biofabrication of meat; bodily objects; carnism; cell-based meat; cellular agriculture; cellular economies; clean meat; flexitarianism; food biotechnology; future of meat; human-animal entanglements; in vitro meat; new materialism; slaughter-free meat; STS | Index Keywords: Agricultural economics; Agriculture; Animals; Biotechnology; Ecology; Environmental technology; Industrial economics; Sociology; Sustainable development; Bio-object; Bioeconomy of meat; Biofabrication; Biofabrication of meat; Bodily object; Carnism; Cell-based; Cell-based meat; Cellular agriculture; Cellular economy; Cellulars; Clean meat; Flexitarianism; Food biotechnology; Future of meat; Human-animal entanglement; In vitro meat; In-vitro; New materialism; Slaughter-free meat; STS; Meats",abstract_plus_keywords,0,1,0,0,perspective
muestras:Muestras:24,muestras,Muestras,"Manufacturing refused knowledge in the age of epistemic pluralism: Discourses, imaginaries, and practices on the border of science","This open access book explores contemporary practices that challenge science, arguing that this matter cannot be simply disregarded as a new manifestation of ""anti-scientism"". It scrutinizes the processes through which knowledge claims, refused by established institutions and the scientific community, seek legitimacy. Assuming an agnostic analytical stance, it explores the actors involved in such processes and their social worlds, their interactions with epistemic institutions, and the ways in which they enact such refused knowledge in their daily lives. Drawing on a three-year mixed-method research project, this collection demonstrates how refused knowledge can be seen as a distinct mode of knowing, employed in response to the uncertainties of everyday life. Thus, it offers a deeper understanding not only of how refused knowledge garners credibility, but also of how knowledge at large - including scientific knowledge - emerges from specific sociotechnical assemblages. © The Editor(s) (if applicable) and The Author(s) 2024. All rights reserved.",2024,10.1007/978-981-99-7188-6,Tipo 6 CF - R,Tipo 6 - Constructivismo fuerte / relativismo,tipo_6_constructivismo_fuerte_relativismo,directo,Approved direct legacy label for the canonical Arbor contract.,False,True,manufacturing refused knowledge in the age of epistemic pluralism discourses imaginaries and practices on the border of science,10.1007/978-981-99-7188-6,8ad1d4cba498d81aaed099be9d0c1edfa581dc949b2436c9e21e8c6d648be461,empirico,empirico,cuantitativo,False,,Actor-network theory; Anti-science; Epistemic democracy; Expertise; Feminist epistemology; Fringe science; Media analysis; Open access; Post-truth; Refused knowledge; Science and technology studies; Science contestation; Science-denialism; Situated knowledge; Social imaginaries; Social network analysis; STS; Symmetry Principle,,True,True,"This open access book explores contemporary practices that challenge science, arguing that this matter cannot be simply disregarded as a new manifestation of ""anti-scientism"". It scrutinizes the processes through which knowledge claims, refused by established institutions and the scientific community, seek legitimacy. Assuming an agnostic analytical stance, it explores the actors involved in such processes and their social worlds, their interactions with epistemic institutions, and the ways in which they enact such refused knowledge in their daily lives. Drawing on a three-year mixed-method research project, this collection demonstrates how refused knowledge can be seen as a distinct mode of knowing, employed in response to the uncertainties of everyday life. Thus, it offers a deeper understanding not only of how refused knowledge garners credibility, but also of how knowledge at large - including scientific knowledge - emerges from specific sociotechnical assemblages. © The Editor(s) (if applicable) and The Author(s) 2024. All rights reserved.

Author Keywords: Actor-network theory; Anti-science; Epistemic democracy; Expertise; Feminist epistemology; Fringe science; Media analysis; Open access; Post-truth; Refused knowledge; Science and technology studies; Science contestation; Science-denialism; Situated knowledge; Social imaginaries; Social network analysis; STS; Symmetry Principle",abstract_plus_keywords,1,0,0,1,network analysis
muestras:Muestras:25,muestras,Muestras,Epidemiology and policy: The post-war context,"Chronic disease epidemiology emerged after the Second World War as the dominant public health research technology. It was important in the developing relationship between research and policy. The post-war years saw the rise of the randomized controlled trial and of the ""evidence-based"" movement, which also influenced the drugs field. Research collaboration between the United States of America and the United Kingdom of Great Britain and Northern Ireland was strong. A multitude of theories has been used to explain the relationship between research and policy. The present article outlines four broad tendencies: the evidence-based model, the journalistic view, sociology of scientific knowledge and science policy approaches. Four examples from the field of substance use underline the relationship: the discovery by Doll and Hill of the relationship between smoking and lung cancer; the Ledermann hypothesis that limiting alcohol consumption in a society reduces drinking problems and its impact on the alcohol field; the study by Hartnoll and Mitcheson of prescribing injectable heroin versus oral methadone; and the evaluation of needle exchange in 1987. Conclusions are drawn about why research had an impact and the forms of impact that can be identified. Quantitative methodologies, epidemiology above all, dominated research in the post-war period. There has been a complex process of mutual accommodation between policy makers and researchers, to which this public health technology has been central.",2002,,Tipo 2 RC,Tipo 2 - Realismo moderado / critico,tipo_2_realismo_moderado_critico,fusionado,Approved alias merge into canonical Type 2.,False,True,epidemiology and policy the post war context,,f2e044971d9f9526544bf53552646e6a72db7f05d74e68a30917cd20bd59b3ba,empirico,empirico,cuantitativo,False,,Alcohol; Drugs; Epidemiology; Harm reduction; History; Policy; Smoking,diamorphine; methadone; alcohol consumption; chronic disease; correlation analysis; drug use; epidemiological data; harm reduction; human; lung cancer; model; policy; preventive health service; review; smoking; substance abuse; war,True,True,"Chronic disease epidemiology emerged after the Second World War as the dominant public health research technology. It was important in the developing relationship between research and policy. The post-war years saw the rise of the randomized controlled trial and of the ""evidence-based"" movement, which also influenced the drugs field. Research collaboration between the United States of America and the United Kingdom of Great Britain and Northern Ireland was strong. A multitude of theories has been used to explain the relationship between research and policy. The present article outlines four broad tendencies: the evidence-based model, the journalistic view, sociology of scientific knowledge and science policy approaches. Four examples from the field of substance use underline the relationship: the discovery by Doll and Hill of the relationship between smoking and lung cancer; the Ledermann hypothesis that limiting alcohol consumption in a society reduces drinking problems and its impact on the alcohol field; the study by Hartnoll and Mitcheson of prescribing injectable heroin versus oral methadone; and the evaluation of needle exchange in 1987. Conclusions are drawn about why research had an impact and the forms of impact that can be identified. Quantitative methodologies, epidemiology above all, dominated research in the post-war period. There has been a complex process of mutual accommodation between policy makers and researchers, to which this public health technology has been central.

Author Keywords: Alcohol; Drugs; Epidemiology; Harm reduction; History; Policy; Smoking | Index Keywords: diamorphine; methadone; alcohol consumption; chronic disease; correlation analysis; drug use; epidemiological data; harm reduction; human; lung cancer; model; policy; preventive health service; review; smoking; substance abuse; war",abstract_plus_keywords,2,0,0,2,correlation | quantitative
muestras:Muestras:26,muestras,Muestras,How do potential knowledge users evaluate new claims about a contested resource? Problems of power and politics in knowledge exchange and mobilization,"This article examines how potential users of scientific and local/traditional/experiential knowledge evaluate new claims to knowing, using 67 interviews with government employees and non-governmental stakeholders involved in co-managing salmon fisheries in Canada's Fraser River. Research has consistently shown that there are major obstacles to moving new knowledge into policy, management, and public domains. New concepts such as Knowledge Exchange (KE) and Knowledge Mobilization (KMb) are being used to investigate these obstacles, but the processes by which potential users evaluate (sometimes competing) knowledge claims remain poorly understood. We use concepts from the sociology of science and find that potential users evaluate new knowledge claims based on three broad criteria: (1) the perceived merits of the claim, (2) perceptions of the character and motivation of the claimant, and (3) considerations of the social and political context of the claim. However, government employees and stakeholders have different interpretations of these criteria, leading to different knowledge preferences and normative expectations of scientists and other claimants. We draw both theoretical and practical lessons from these findings. With respect to theory, we argue that the sociology of science provides valuable insights into the political dimensions of knowledge and should be explicitly incorporated into KE/KMb research. With respect to practice, our findings underline the need for scientists and other claimants to make conscious decisions about whose expectations they hope to meet in their communications and engagement activities. © 2016 Elsevier Ltd",2016,10.1016/j.jenvman.2016.10.006,Tipo 5 CM,Tipo 5 - Constructivismo moderado,tipo_5_constructivismo_moderado,directo,Approved direct legacy label for the canonical Arbor contract.,False,True,how do potential knowledge users evaluate new claims about a contested resource problems of power and politics in knowledge exchange and mobilization,10.1016/j.jenvman.2016.10.006,4109e66e463ceca6d34f28190e6c4de0a9dc7a594005afeb1bd8bb95d18933fd,empirico,empirico,cuantitativo,True,conflicting_cues,Co-management; Fisheries; Knowledge exchange; Knowledge mobilization; Knowledge perception; Sociology of science,Animals; British Columbia; Canada; Communication; Fisheries; Humans; Information Dissemination; Knowledge; Organizations; Perception; Politics; Public Opinion; Rivers; Salmon; Sociology; British Columbia; Canada; Fraser River; Knowledge management; Co-management; Experiential knowledge; Government employees; Knowledge exchange; Knowledge mobilization; Knowledge perception; Mobilisation; Potential users; Power; Sociology of science; comanagement; decision making; knowledge; perception; policy development; politics; public sector; questionnaire survey; salmonid fishery; social characteristics; stakeholder; Canada; employee; expectation; fishery; government; human; human experiment; interview; motivation; perception; river; scientist; sociology; theoretical model; animal; British Columbia; information dissemination; interpersonal communication; knowledge; organization; perception; politics; procedures; public opinion; salmonine; sociology; Fisheries,True,True,"This article examines how potential users of scientific and local/traditional/experiential knowledge evaluate new claims to knowing, using 67 interviews with government employees and non-governmental stakeholders involved in co-managing salmon fisheries in Canada's Fraser River. Research has consistently shown that there are major obstacles to moving new knowledge into policy, management, and public domains. New concepts such as Knowledge Exchange (KE) and Knowledge Mobilization (KMb) are being used to investigate these obstacles, but the processes by which potential users evaluate (sometimes competing) knowledge claims remain poorly understood. We use concepts from the sociology of science and find that potential users evaluate new knowledge claims based on three broad criteria: (1) the perceived merits of the claim, (2) perceptions of the character and motivation of the claimant, and (3) considerations of the social and political context of the claim. However, government employees and stakeholders have different interpretations of these criteria, leading to different knowledge preferences and normative expectations of scientists and other claimants. We draw both theoretical and practical lessons from these findings. With respect to theory, we argue that the sociology of science provides valuable insights into the political dimensions of knowledge and should be explicitly incorporated into KE/KMb research. With respect to practice, our findings underline the need for scientists and other claimants to make conscious decisions about whose expectations they hope to meet in their communications and engagement activities. © 2016 Elsevier Ltd

Author Keywords: Co-management; Fisheries; Knowledge exchange; Knowledge mobilization; Knowledge perception; Sociology of science | Index Keywords: Animals; British Columbia; Canada; Communication; Fisheries; Humans; Information Dissemination; Knowledge; Organizations; Perception; Politics; Public Opinion; Rivers; Salmon; Sociology; British Columbia; Canada; Fraser River; Knowledge management; Co-management; Experiential knowledge; Government employees; Knowledge exchange; Knowledge mobilization; Knowledge perception; Mobilisation; Potential users; Power; Sociology of science; comanagement; decision making; knowledge; perception; policy development; politics; public sector; questionnaire survey; salmonid fishery; social characteristics; stakeholder; Canada; employee; expectation; fishery; government; human; human experiment; interview; motivation; perception; river; scientist; sociology; theoretical model; animal; British Columbia; information dissemination; interpersonal communication; knowledge; organization; perception; politics; procedures; public opinion; salmonine; sociology; Fisheries",abstract_plus_keywords,6,1,1,2,experiment | interview | questionnaire | survey | theoretical
muestras:Muestras:27,muestras,Muestras,Experiments in Lay Cues to the Relative Validity of Positions Taken by Disputing Groups of Scientists,"Risk analysis and hazard management can prompt varied intra-scientific disputes, some which have or will become public, and thus potentially available for lay judgments of the relative validity of the positions taken. As attentive laypeople may include elites as well as the general public, understanding whether and how cues to credibility of disputing groups of scientists might shape those lay judgments can be important. Relevant literatures from philosophy, social studies of science, risk analysis, and elsewhere have identified potential cues, but not tested their absolute or relative effects. Two experiments with U.S. online panel members tested multiple cues (e.g., credentials, experience, majority opinions, research quality) across topics varying in familiarity subject to actual intra-science disputes (dark matter, marijuana, sea-level rise). If cues supported a position, laypeople were more likely to choose it as relatively more valid, with information quality, majority “vote,” experience, and degree source as the strongest, and interest, demographic, and values similarity as the weakest, cues. These results were similar in overall rankings to those from implicit rankings of cue reliability ratings from an earlier U.S. online survey. Proposed moderators were generally nonsignificant, but topic familiarity and subjective topic knowledge tended to reduce cue effects. Further research to confirm and extend these findings can inform both theory about citizen engagement with scientific and risk disputes, and practice in communication about science and risk. © 2019 Society for Risk Analysis",2019,10.1111/risa.13298,Tipo 2 RC,Tipo 2 - Realismo moderado / critico,tipo_2_realismo_moderado_critico,fusionado,Approved alias merge into canonical Type 2.,False,True,experiments in lay cues to the relative validity of positions taken by disputing groups of scientists,10.1111/risa.13298,e0bcf84cf6bc93381bede0f57e2b8e12a2cd32bb0c7c8cd04acc885b760d2cdf,empirico,empirico,cuantitativo,False,,Credibility; cues; scientists; trust,Cues; Dissent and Disputes; Humans; Reproducibility of Results; Risk; Science; United States; Cannabis sativa; Risk assessment; Sea level; Citizen engagements; Credibility; cues; Hazard management; Information quality; Research quality; scientists; trust; credit provision; dispute resolution; experimental study; Internet; philosophy; risk assessment; association; conflict; human; reproducibility; risk; science; Risk analysis,True,True,"Risk analysis and hazard management can prompt varied intra-scientific disputes, some which have or will become public, and thus potentially available for lay judgments of the relative validity of the positions taken. As attentive laypeople may include elites as well as the general public, understanding whether and how cues to credibility of disputing groups of scientists might shape those lay judgments can be important. Relevant literatures from philosophy, social studies of science, risk analysis, and elsewhere have identified potential cues, but not tested their absolute or relative effects. Two experiments with U.S. online panel members tested multiple cues (e.g., credentials, experience, majority opinions, research quality) across topics varying in familiarity subject to actual intra-science disputes (dark matter, marijuana, sea-level rise). If cues supported a position, laypeople were more likely to choose it as relatively more valid, with information quality, majority “vote,” experience, and degree source as the strongest, and interest, demographic, and values similarity as the weakest, cues. These results were similar in overall rankings to those from implicit rankings of cue reliability ratings from an earlier U.S. online survey. Proposed moderators were generally nonsignificant, but topic familiarity and subjective topic knowledge tended to reduce cue effects. Further research to confirm and extend these findings can inform both theory about citizen engagement with scientific and risk disputes, and practice in communication about science and risk. © 2019 Society for Risk Analysis

Author Keywords: Credibility; cues; scientists; trust | Index Keywords: Cues; Dissent and Disputes; Humans; Reproducibility of Results; Risk; Science; United States; Cannabis sativa; Risk assessment; Sea level; Citizen engagements; Credibility; cues; Hazard management; Information quality; Research quality; scientists; trust; credit provision; dispute resolution; experimental study; Internet; philosophy; risk assessment; association; conflict; human; reproducibility; risk; science; Risk analysis",abstract_plus_keywords,3,0,0,1,experiment | survey
muestras:Muestras:28,muestras,Muestras,Soft computing confronting philosophical and sociological critiques to classical AI,"Artificial Intelligence has been one of the fields within Computer Science that has generated more interest and debates among philosophers. Later on, the most recent field of Science and Technology Studies (STS) also has shown some interest in AI. In both cases most of the authors have been quite critical about the promises, the practices and particularly the epistemological basis of Classical AI The first part of the paper consists on an enumeration of the most important authors and their critiques to AI in Philosophy and STS studies. Since Soft Computing implies important changes with respect to traditional AI approaches like Symbolic AI, the second part of the paper will be devoted to confront Soft Computing with the critiques and challenges and to weight up to what extent Soft Computing could (or could not) answer differently than other AI approaches regarding the critiques received.",2009,,Tipo 5 CM,Tipo 5 - Constructivismo moderado,tipo_5_constructivismo_moderado,directo,Approved direct legacy label for the canonical Arbor contract.,False,True,soft computing confronting philosophical and sociological critiques to classical ai,,9bffc74b6e1c5796264ec07c917a8530e206e824a2c081dca46bfad55f30c00e,no_empirico,no_empirico,,False,,Epistemology; Philosophical critiques to AI; Science and Technology Studies (STS); Soft Computing,Artificial intelligence; Fuzzy logic; Fuzzy systems; Philosophical aspects; Epistemology; Science and technology studies; Soft computing,True,True,"Artificial Intelligence has been one of the fields within Computer Science that has generated more interest and debates among philosophers. Later on, the most recent field of Science and Technology Studies (STS) also has shown some interest in AI. In both cases most of the authors have been quite critical about the promises, the practices and particularly the epistemological basis of Classical AI The first part of the paper consists on an enumeration of the most important authors and their critiques to AI in Philosophy and STS studies. Since Soft Computing implies important changes with respect to traditional AI approaches like Symbolic AI, the second part of the paper will be devoted to confront Soft Computing with the critiques and challenges and to weight up to what extent Soft Computing could (or could not) answer differently than other AI approaches regarding the critiques received.

Author Keywords: Epistemology; Philosophical critiques to AI; Science and Technology Studies (STS); Soft Computing | Index Keywords: Artificial intelligence; Fuzzy logic; Fuzzy systems; Philosophical aspects; Epistemology; Science and technology studies; Soft computing",abstract_plus_keywords,0,1,0,0,philosophical
muestras:Muestras:30,muestras,Muestras,Competition and collaboration in male shaping of computing: A study of a norwegian hacker culture,"The perception of knowledge as gendered is at the centre of feminist theory. This has been a critical position, allowing feminists to undermine existing bodies of knowledge as male-biased and to argue the need for more women in knowledge-producing institutions. Masculinity or maleness becomes a pre-given factor that shapes technology, independent of the process of design and development. Male shaping of technology has been deconstructed by applying concepts like control and hierarchy. Through an analysis of a male, Norwegian hacker culture the chapter explores the interrelationship between gender and technology, or, to be more precise, between maleness and computing. The hackers emerged as a possibly important example of an extremely masculine technological culture. In science and technology studies the concept ‘hacker’ describes a particular infatuation with computers usually found among young men in a university environment. There is competition either between the hacker and the game software, or between the hacker and other players. © Selection and editorial material copyright Keith Grint and Rosalind Gill 1995.",2018,10.4324/9781315041032-8,Tipo 5 CM,Tipo 5 - Constructivismo moderado,tipo_5_constructivismo_moderado,directo,Approved direct legacy label for the canonical Arbor contract.,False,True,competition and collaboration in male shaping of computing a study of a norwegian hacker culture,10.4324/9781315041032-8,09cf75ea9892ed523d79d27fb21e58c3959a039d37ccbc52d6593b58a2044b4f,NN,NN,,False,,,,False,False,"The perception of knowledge as gendered is at the centre of feminist theory. This has been a critical position, allowing feminists to undermine existing bodies of knowledge as male-biased and to argue the need for more women in knowledge-producing institutions. Masculinity or maleness becomes a pre-given factor that shapes technology, independent of the process of design and development. Male shaping of technology has been deconstructed by applying concepts like control and hierarchy. Through an analysis of a male, Norwegian hacker culture the chapter explores the interrelationship between gender and technology, or, to be more precise, between maleness and computing. The hackers emerged as a possibly important example of an extremely masculine technological culture. In science and technology studies the concept ‘hacker’ describes a particular infatuation with computers usually found among young men in a university environment. There is competition either between the hacker and the game software, or between the hacker and other players. © Selection and editorial material copyright Keith Grint and Rosalind Gill 1995.",abstract_plus_keywords,0,0,0,0,
muestras:Muestras:31,muestras,Muestras,Driving the self-driving vehicle: Expanding the technological design horizon,"Drawing perspectives from science and technology studies, philosophy of science, and literature from ethics and social justice, this paper examines the promises and challenges in the development of self-driving vehicle (SDV) technology. We start with the premise that the combination of different computing technologies embedded in SDVs is a powerful tool for efficiency in communications, information gathering, processing, and storage. However, by focusing on efficiency, SDVs provide a new mode of industrialized transportation whose users can only choose between transportation services, but have little or no say about the broader social implications of the technology. We argue that perspectives from social justice and ethics show that SDVs have implications beyond transportation, with profound consequences for users and societies. In particular, values such as privacy, security, and responsibility may be changed for good or bad, in both the short and long-term. The examination of these changes, while the technology is still under foundational development, is as urgent as it is needed. © 2015 IEEE.",2016,10.1109/ISTAS.2015.7439419,Tipo 5 CM,Tipo 5 - Constructivismo moderado,tipo_5_constructivismo_moderado,directo,Approved direct legacy label for the canonical Arbor contract.,False,True,driving the self driving vehicle expanding the technological design horizon,10.1109/istas.2015.7439419,74e4bf70b3b3945253568a16a28e066d0eb211b370a7269e737729aa6515832d,no_empirico,no_empirico,,False,,Automated vehicles; automobility; engineering ethics; SDV; self-driving vehicles; social justice; transportation,Efficiency; Philosophical aspects; Transportation; Automated vehicles; automobility; Engineering ethics; Self drivings; Social justice; Autonomous vehicles,True,True,"Drawing perspectives from science and technology studies, philosophy of science, and literature from ethics and social justice, this paper examines the promises and challenges in the development of self-driving vehicle (SDV) technology. We start with the premise that the combination of different computing technologies embedded in SDVs is a powerful tool for efficiency in communications, information gathering, processing, and storage. However, by focusing on efficiency, SDVs provide a new mode of industrialized transportation whose users can only choose between transportation services, but have little or no say about the broader social implications of the technology. We argue that perspectives from social justice and ethics show that SDVs have implications beyond transportation, with profound consequences for users and societies. In particular, values such as privacy, security, and responsibility may be changed for good or bad, in both the short and long-term. The examination of these changes, while the technology is still under foundational development, is as urgent as it is needed. © 2015 IEEE.

Author Keywords: Automated vehicles; automobility; engineering ethics; SDV; self-driving vehicles; social justice; transportation | Index Keywords: Efficiency; Philosophical aspects; Transportation; Automated vehicles; automobility; Engineering ethics; Self drivings; Social justice; Autonomous vehicles",abstract_plus_keywords,0,2,0,0,perspective | philosophical
muestras:Muestras:32,muestras,Muestras,From market to market: Bioprospecting's idioms of inclusion,"In this article I explore how ""community"" and its foil, the (urban) market, provide competing models for the market-mediated modes of inclusion and exclusion on offer through bioprospecting agreements. Focusing on the collecting strategies of Mexican scientists implementing one such agreement, I show how community and market inform prospecting participants' ideas not just about (re)distributing benefits but also about managing the political liabilities now haunting corporate resource extraction in the South.",2003,10.1525/ae.2003.30.3.359,Tipo 6 CF - R,Tipo 6 - Constructivismo fuerte / relativismo,tipo_6_constructivismo_fuerte_relativismo,directo,Approved direct legacy label for the canonical Arbor contract.,False,True,from market to market bioprospecting s idioms of inclusion,10.1525/ae.2003.30.3.359,3ea1d29e1a68415b15099ec203ce94412c8ad0358519e8bfa5b4325196865761,empirico,empirico,,True,insufficient_evidence,Anthropology of science; Bioprospecting; Globalization; Indigenous rights; Intellectual property; Latin America; Mexico,,True,True,"In this article I explore how ""community"" and its foil, the (urban) market, provide competing models for the market-mediated modes of inclusion and exclusion on offer through bioprospecting agreements. Focusing on the collecting strategies of Mexican scientists implementing one such agreement, I show how community and market inform prospecting participants' ideas not just about (re)distributing benefits but also about managing the political liabilities now haunting corporate resource extraction in the South.

Author Keywords: Anthropology of science; Bioprospecting; Globalization; Indigenous rights; Intellectual property; Latin America; Mexico",abstract_plus_keywords,1,0,0,0,participants
muestras:Muestras:33,muestras,Muestras,Biopolitics of othering during the COVID-19 pandemic,"The COVID-19 pandemic as a global threat caused the introduction of different biopolitical measures accompanied by discourses on otherness, including xenophobic, racist, nationalist, or new orientalist discourses. The aim of this research is to map discourses on otherness during the COVID-19 pandemic. Our general hypothesis is that, despite the differences in social and cultural contexts, discourses on otherness generated during the pandemic legitimized biopolitical actions and/or measures in addition to exacerbating social, political and cultural differences. The research is based on a semi-systematic approach to literature review using Situational Analysis and Sociology of Knowledge Approach to Discourse. In conclusion, we discuss the impact of discourse studies in the context of the global emergency. © 2022, The Author(s).",2022,10.1057/s41599-022-01435-7,Tipo 6 CF - R,Tipo 6 - Constructivismo fuerte / relativismo,tipo_6_constructivismo_fuerte_relativismo,directo,Approved direct legacy label for the canonical Arbor contract.,False,True,biopolitics of othering during the covid 19 pandemic,10.1057/s41599-022-01435-7,7e6570dfc22580f0d1d7892accc9e9ab70366b1b011e7543cde39a4836ac16f2,no_empirico,no_empirico,,False,,,,False,False,"The COVID-19 pandemic as a global threat caused the introduction of different biopolitical measures accompanied by discourses on otherness, including xenophobic, racist, nationalist, or new orientalist discourses. The aim of this research is to map discourses on otherness during the COVID-19 pandemic. Our general hypothesis is that, despite the differences in social and cultural contexts, discourses on otherness generated during the pandemic legitimized biopolitical actions and/or measures in addition to exacerbating social, political and cultural differences. The research is based on a semi-systematic approach to literature review using Situational Analysis and Sociology of Knowledge Approach to Discourse. In conclusion, we discuss the impact of discourse studies in the context of the global emergency. © 2022, The Author(s).",abstract_plus_keywords,0,1,0,0,literature review
muestras:Muestras:34,muestras,Muestras,"Expanding the politics of measurement in sustainable finance: Reconceptualizing environmental, social and governance information as infrastructure","The integration of environmental, social, and governance (ESG) considerations into investment processes, often termed “sustainable finance,” has gained significant traction in the global financial system. Yet, despite its growing significance there remains widespread ambiguity about what sustainable finance refers to. Macro-political oriented studies from different disciplines have traced the evolution of sustainable finance and related it to broader financial and political dynamics like financialization or the rise of private environmental governance. By foregrounding these elements, they have, however, tended to paint a too monolithic picture of sustainable finance and related it to abstract discussions such as whether it is controlled by public or private actors. Micro-political accounts, inspired by Science and Technology Studies, have, by contrast, focused on the nuances and contingencies of amongst other metrics, accounting standards or green bond classification frameworks that make the connection of finance and sustainability possible. While these treatments have provided rich accounts of these technical devices, they de-emphasize the connections and evolutionary dynamics of their objects of study. This article aims to bridge macro- and micro-political treatments of sustainable finance by (re-)conceptualizing the evolution of the field in terms of an emerging and expanding infrastructure of Environmental, Social and Governance (ESG) information. Drawing from secondary literature, interviews, and participant observation data, it provides a three-staged history of sustainable finance from the perspective of the technical devices making up ESG information. It, thereby, offers a comprehensive view that goes beyond attributing sustainable finance to macro-level trends or isolated micro-level occurrences. © The Author(s) 2023.",2024,10.1177/23996544231209149,Tipo 5 CM,Tipo 5 - Constructivismo moderado,tipo_5_constructivismo_moderado,directo,Approved direct legacy label for the canonical Arbor contract.,False,True,expanding the politics of measurement in sustainable finance reconceptualizing environmental social and governance information as infrastructure,10.1177/23996544231209149,f1e33a99c812d3f2c3292281743f0788fa101d3f4e55f5677261ad74faeb194b,empirico,empirico,cualitativo,False,,"Environmental, social, and governance; infrastructure; socially responsible investment; sustainable finance",capital flow; environmental protection; financial system; infrastructure; investment; political economy; social impact; sustainability,True,True,"The integration of environmental, social, and governance (ESG) considerations into investment processes, often termed “sustainable finance,” has gained significant traction in the global financial system. Yet, despite its growing significance there remains widespread ambiguity about what sustainable finance refers to. Macro-political oriented studies from different disciplines have traced the evolution of sustainable finance and related it to broader financial and political dynamics like financialization or the rise of private environmental governance. By foregrounding these elements, they have, however, tended to paint a too monolithic picture of sustainable finance and related it to abstract discussions such as whether it is controlled by public or private actors. Micro-political accounts, inspired by Science and Technology Studies, have, by contrast, focused on the nuances and contingencies of amongst other metrics, accounting standards or green bond classification frameworks that make the connection of finance and sustainability possible. While these treatments have provided rich accounts of these technical devices, they de-emphasize the connections and evolutionary dynamics of their objects of study. This article aims to bridge macro- and micro-political treatments of sustainable finance by (re-)conceptualizing the evolution of the field in terms of an emerging and expanding infrastructure of Environmental, Social and Governance (ESG) information. Drawing from secondary literature, interviews, and participant observation data, it provides a three-staged history of sustainable finance from the perspective of the technical devices making up ESG information. It, thereby, offers a comprehensive view that goes beyond attributing sustainable finance to macro-level trends or isolated micro-level occurrences. © The Author(s) 2023.

Author Keywords: Environmental, social, and governance; infrastructure; socially responsible investment; sustainable finance | Index Keywords: capital flow; environmental protection; financial system; infrastructure; investment; political economy; social impact; sustainability",abstract_plus_keywords,3,2,2,0,conceptual | interview | participant observation | perspective
muestras:Muestras:35,muestras,Muestras,Feasibility documents as critical structuring objects: An approach to the study of documents in digital research production,"Documents have been increasingly recognised as important objects of investigation in Science and Technology Studies (STS); however, so far, much less attention has been given to the study of documents produced in Digital Humanities. The author proposes therefore to use the method of the ‘STS of documents’ and analyse Feasibility documents that aim to assess technical and design requirements based on research questions and to organise a project workflow. Drawing on the ethnography of King’s Digital Lab, the article investigates Feasibility documents produced by the lab within the Agile-based Software Development Lifecycle framework. The article aims to show that Feasibility documents (1) inform ethnographic work about lab workflow and management and in doing so, are able to capture the interconnectedness of work layers and practices; (2) enable an empirical analysis of digital research projects and the process of translation from research questions, to methods, to technical solutions; (3) are critical structuring objects that structure the research process and relationships between involved actors and are structured by local institutional strategies and decisions. The author conducts a ‘feasibility analysis’ that reveals the project management and development stages: the analytical process (the translation of research questions into technical solutions); the production process (the move from technical and design practices to research answers) and the infrastructure and management process (project workflow and sustainability solutions). Drawing on Agre’s critical technical practice and Digital Humanities’ theories of critical production, the article seeks to shift attention from end-product digital artefacts towards the complex process of their creation, which can unpack a range of social, technological and management issues. In doing so, it also aims to provide a methodological framework for the analysis of documents produced in Digital Humanities that have the potential to unearth new questions about the socio-technical nature of digital production. © The Author(s) 2022.",2023,10.1177/13548565221111073,Tipo 2 RC,Tipo 2 - Realismo moderado / critico,tipo_2_realismo_moderado_critico,fusionado,Approved alias merge into canonical Type 2.,False,True,feasibility documents as critical structuring objects an approach to the study of documents in digital research production,10.1177/13548565221111073,3fe2c7fc5990540b15866738fc41db80ed21e311ee822de4274452ac5cb5d068,empirico,empirico,cualitativo,False,,agile project management; critical technical practices; Digital humanities; digital research production; ethnography of documents; feasibility documents; infrastructure; king’s digital lab; laboratory ethnography; software development lifecycle,,True,True,"Documents have been increasingly recognised as important objects of investigation in Science and Technology Studies (STS); however, so far, much less attention has been given to the study of documents produced in Digital Humanities. The author proposes therefore to use the method of the ‘STS of documents’ and analyse Feasibility documents that aim to assess technical and design requirements based on research questions and to organise a project workflow. Drawing on the ethnography of King’s Digital Lab, the article investigates Feasibility documents produced by the lab within the Agile-based Software Development Lifecycle framework. The article aims to show that Feasibility documents (1) inform ethnographic work about lab workflow and management and in doing so, are able to capture the interconnectedness of work layers and practices; (2) enable an empirical analysis of digital research projects and the process of translation from research questions, to methods, to technical solutions; (3) are critical structuring objects that structure the research process and relationships between involved actors and are structured by local institutional strategies and decisions. The author conducts a ‘feasibility analysis’ that reveals the project management and development stages: the analytical process (the translation of research questions into technical solutions); the production process (the move from technical and design practices to research answers) and the infrastructure and management process (project workflow and sustainability solutions). Drawing on Agre’s critical technical practice and Digital Humanities’ theories of critical production, the article seeks to shift attention from end-product digital artefacts towards the complex process of their creation, which can unpack a range of social, technological and management issues. In doing so, it also aims to provide a methodological framework for the analysis of documents produced in Digital Humanities that have the potential to unearth new questions about the socio-technical nature of digital production. © The Author(s) 2022.

Author Keywords: agile project management; critical technical practices; Digital humanities; digital research production; ethnography of documents; feasibility documents; infrastructure; king’s digital lab; laboratory ethnography; software development lifecycle",abstract_plus_keywords,4,0,2,0,empirical | ethnograph | ethnographic
muestras:Muestras:36,muestras,Muestras,"Of Canals, Rivers and the Right to Exist: New (?) Methodological Tools for a Changed World","What can a dying river teach us about post/de-colonial science and technology? In a post-COVID world, absence and loss will be a constant presence in the lives of most. While thinking with erasures and absence in science and technology studies is not new, our current moment pushes us to burrow deeper into the histories of technologies that produce manufactured empty space, examine histories that pushed groups to the fringes of documented memory and encourage us to ponder how we must deal with these moments. This essay examines what the Yaqui River and the history of the Yaqui in Sonora can teach us about historical erasures and new meanings in landscapes and waterways lost to agro-business. © 2022 SAGE Publications.",2023,10.1177/09717218221102613,Tipo 6 CF - R,Tipo 6 - Constructivismo fuerte / relativismo,tipo_6_constructivismo_fuerte_relativismo,directo,Approved direct legacy label for the canonical Arbor contract.,False,True,of canals rivers and the right to exist new methodological tools for a changed world,10.1177/09717218221102613,9cc69c12239ca4c1ab7127b228ab8bf11f40b92bd56c9f4de236af5ea99f5d1e,no_empirico,no_empirico,,False,,agriculture; de-colonial STS; historical erasure; Sonora; water management; Yaqui; Yaqui River,Mexico [North America]; Sonora; Yaqui River; COVID-19; historical perspective; water management,True,True,"What can a dying river teach us about post/de-colonial science and technology? In a post-COVID world, absence and loss will be a constant presence in the lives of most. While thinking with erasures and absence in science and technology studies is not new, our current moment pushes us to burrow deeper into the histories of technologies that produce manufactured empty space, examine histories that pushed groups to the fringes of documented memory and encourage us to ponder how we must deal with these moments. This essay examines what the Yaqui River and the history of the Yaqui in Sonora can teach us about historical erasures and new meanings in landscapes and waterways lost to agro-business. © 2022 SAGE Publications.

Author Keywords: agriculture; de-colonial STS; historical erasure; Sonora; water management; Yaqui; Yaqui River | Index Keywords: Mexico [North America]; Sonora; Yaqui River; COVID-19; historical perspective; water management",abstract_plus_keywords,0,2,0,0,essay | perspective
muestras:Muestras:37,muestras,Muestras,Fleck and the social constitution of scientific objectivity,"Ludwik Fleck's theory of thought-styles has been hailed as a pioneer of constructivist science studies and sociology of scientific knowledge. But this consensus ignores an important feature of Fleck's epistemology. At the core of his account is the ideal of 'objective truth, clarity, and accuracy'. I begin with Fleck's account of modern natural science, locating the ideal of scientific objectivity within his general social epistemology. I then draw on Fleck's view of scientific objectivity to improve upon reflexive accounts of the origin and development of the theory of thought-styles, and reply to objections that Fleck's epistemological stance is self-undermining or inconsistent. Explicating the role of scientific objectivity in Fleck's epistemology reveals his view to be an internally consistent alternative to recent social accounts of scientific objectivity by Harding, Daston and Galison. I use these contrasts to indicate the strengths and weaknesses of Fleck's innovative social epistemology, and propose modifications to address the latter. The result is a renewed version of Fleck's social epistemology, which reconciles commitment to scientific objectivity with integrated sociology, history and philosophy of science. © 2009 Elsevier Ltd. All rights reserved.",2009,10.1016/j.shpsc.2009.09.005,Tipo 2 RC,Tipo 2 - Realismo moderado / critico,tipo_2_realismo_moderado_critico,fusionado,Approved alias merge into canonical Type 2.,False,True,fleck and the social constitution of scientific objectivity,10.1016/j.shpsc.2009.09.005,e295f1eaa1a1ff91b0a873368819aa754746c96332ff3692d4b95edaba6e56f1,NN,NN,,False,,History and philosophy of medicine; Ludwik Fleck; Objectivity; Social construction; Social epistemology,"Bias (Epidemiology); History, 20th Century; Knowledge; Philosophy; Poland; Science; article; epidemiology; history; knowledge; philosophy; Poland; science",True,True,"Ludwik Fleck's theory of thought-styles has been hailed as a pioneer of constructivist science studies and sociology of scientific knowledge. But this consensus ignores an important feature of Fleck's epistemology. At the core of his account is the ideal of 'objective truth, clarity, and accuracy'. I begin with Fleck's account of modern natural science, locating the ideal of scientific objectivity within his general social epistemology. I then draw on Fleck's view of scientific objectivity to improve upon reflexive accounts of the origin and development of the theory of thought-styles, and reply to objections that Fleck's epistemological stance is self-undermining or inconsistent. Explicating the role of scientific objectivity in Fleck's epistemology reveals his view to be an internally consistent alternative to recent social accounts of scientific objectivity by Harding, Daston and Galison. I use these contrasts to indicate the strengths and weaknesses of Fleck's innovative social epistemology, and propose modifications to address the latter. The result is a renewed version of Fleck's social epistemology, which reconciles commitment to scientific objectivity with integrated sociology, history and philosophy of science. © 2009 Elsevier Ltd. All rights reserved.

Author Keywords: History and philosophy of medicine; Ludwik Fleck; Objectivity; Social construction; Social epistemology | Index Keywords: Bias (Epidemiology); History, 20th Century; Knowledge; Philosophy; Poland; Science; article; epidemiology; history; knowledge; philosophy; Poland; science",abstract_plus_keywords,0,0,0,0,
muestras:Muestras:39,muestras,Muestras,Feminising Innovation: Challenges in Science and Technology Studies (STS),"This article explores why innovation, conventionally associated with the masculine (e.g., Andersson et al., 2012; Lindberg, 2012), might also be framed as feminine, indeed on occasion feminist. It does so via an exploration of the embedding of a new academic discipline, in this instance Digital Humanities, in existing higher education institutions in the Nordic countries. Drawing on qualitative research conducted in 2017-18 with Digital Humanities practitioners in Finland, Sweden and Norway, this article argues that the feminisation of innovation in higher education institutions can lead to the material and symbolic marginalisation of those disciplines, with specific consequences both for their practitioners and for those disciplines. As part of this, the article analyses how innovation can be considered both desirable and disruptive (innovation as such constitutes a disruptive technology), and utilises Fiona Mackay’s (2014) notions of ‘embedded newness’ and the ‘liability of newness’ to explore the gendered implications of the feminising of innovation. © 2021 by Author/s and Licensed by Lectito BV, Netherlands.",2021,10.20897/femenc/11161,Tipo 6 CF - R,Tipo 6 - Constructivismo fuerte / relativismo,tipo_6_constructivismo_fuerte_relativismo,directo,Approved direct legacy label for the canonical Arbor contract.,False,True,feminising innovation challenges in science and technology studies sts,10.20897/femenc/11161,7a7558a73ca7abbee01dcbcc2a145bbcc2882d560d09b23c4bee24a33b3bd1a1,empirico,empirico,cualitativo,False,,Digital Humanities; feminising innovation; innovation and gender; nested newness; Nordic countries,,True,True,"This article explores why innovation, conventionally associated with the masculine (e.g., Andersson et al., 2012; Lindberg, 2012), might also be framed as feminine, indeed on occasion feminist. It does so via an exploration of the embedding of a new academic discipline, in this instance Digital Humanities, in existing higher education institutions in the Nordic countries. Drawing on qualitative research conducted in 2017-18 with Digital Humanities practitioners in Finland, Sweden and Norway, this article argues that the feminisation of innovation in higher education institutions can lead to the material and symbolic marginalisation of those disciplines, with specific consequences both for their practitioners and for those disciplines. As part of this, the article analyses how innovation can be considered both desirable and disruptive (innovation as such constitutes a disruptive technology), and utilises Fiona Mackay’s (2014) notions of ‘embedded newness’ and the ‘liability of newness’ to explore the gendered implications of the feminising of innovation. © 2021 by Author/s and Licensed by Lectito BV, Netherlands.

Author Keywords: Digital Humanities; feminising innovation; innovation and gender; nested newness; Nordic countries",abstract_plus_keywords,1,0,1,0,qualitative
muestras:Muestras:40,muestras,Muestras,Zoo veterinarians: Governing care on a diseased planet,"Despite their centrality to the operation of contemporary accredited zoo and aquarium institutions, the work of zoo veterinarians has rarely been the focus of a critical analysis in the social science and humanities. Drawing on in-depth interviews and observations of zoo and aquarium veterinarians, mainly in Europe and North America, this book highlights the recent transformation that has occurred in the zoo veterinarian profession during a time of ecological crisis, and what these changes can teach us about our rapidly changing planet. Zoo vets, Braverman instructs us with a wink, have ""gone wild."" Originally an individual welfare-centered profession, these experts are increasingly concerned with the sustainability of wild animal populations and with ecological health. The story of zoo vets going wild-in their subjects of care, their motivations, and their ethical standards, as well as in their professional practices and scientific techniques-is also a story about zoo animals gone wild, wild animals encroaching the zoo, and, more generally, a wild world that is becoming ""zoo-ified."" Such transformations have challenged existing veterinary standards and practices. Exploring the regulatory landscape that governs the work of zoo and aquarium veterinarians, Braverman traverses the gap between the hard and soft sciences and between humans and nonhumans. At the intersection of animal studies, socio-legal studies, and science and technology studies, this book will appeal not only to those interested in zoos and in animal welfare, but also to scholars in the posthumanities. © 2021 Irus Braverman. All right reserved.",2020,10.4324/9780367823276,Tipo 5 CM,Tipo 5 - Constructivismo moderado,tipo_5_constructivismo_moderado,directo,Approved direct legacy label for the canonical Arbor contract.,False,True,zoo veterinarians governing care on a diseased planet,10.4324/9780367823276,9db406d658735dd1fc9103987b723876824f9123101d477b455bbfb5b3d1589b,empirico,empirico,cualitativo,False,,,,False,False,"Despite their centrality to the operation of contemporary accredited zoo and aquarium institutions, the work of zoo veterinarians has rarely been the focus of a critical analysis in the social science and humanities. Drawing on in-depth interviews and observations of zoo and aquarium veterinarians, mainly in Europe and North America, this book highlights the recent transformation that has occurred in the zoo veterinarian profession during a time of ecological crisis, and what these changes can teach us about our rapidly changing planet. Zoo vets, Braverman instructs us with a wink, have ""gone wild."" Originally an individual welfare-centered profession, these experts are increasingly concerned with the sustainability of wild animal populations and with ecological health. The story of zoo vets going wild-in their subjects of care, their motivations, and their ethical standards, as well as in their professional practices and scientific techniques-is also a story about zoo animals gone wild, wild animals encroaching the zoo, and, more generally, a wild world that is becoming ""zoo-ified."" Such transformations have challenged existing veterinary standards and practices. Exploring the regulatory landscape that governs the work of zoo and aquarium veterinarians, Braverman traverses the gap between the hard and soft sciences and between humans and nonhumans. At the intersection of animal studies, socio-legal studies, and science and technology studies, this book will appeal not only to those interested in zoos and in animal welfare, but also to scholars in the posthumanities. © 2021 Irus Braverman. All right reserved.",abstract_plus_keywords,2,0,1,0,interview
muestras:Muestras:41,muestras,Muestras,Machine aurality: uncanny resonances and the sonic anxieties of surveillance capitalism,"This paper examines the aurality of voice-activated AIs (VA AIs) through uncanny encounters with the devices. Glitches such as Alexa spontaneously bursting into laughter or accidental activations putting users’ privacy at risk, have incited suspicions among users as to the motives of tech companies and the technical capabilities of their devices. Building on previous contributions that show that the feminised voices of VA AIs are strategically designed to display reassuring attributes and obscure surveillance practices, I discuss the aural moments in which VA AIs fail to reassure, shifting from a convenience to a threat through the experience of the uncanny. I argue that anxieties tied to VA AIs are both produced and mediated by their aurality: both their voices and listening practices. I theorise uncanny encounters with the voice and listening capacities of VA AIs such as glitches, features which seek to imitate humans, disembodied voices and disembodied listening, and invasions of privacy as enacting perversions of care and inducing fear of impersonation and intrusion. This paper contributes to the literature on the specificity of sound in conceptions of the uncanny valley, and also seeks to enrich conception of vocality and listening as vector of anxieties within the neoliberal condition. © 2023 Informa UK Limited, trading as Taylor & Francis Group.",2024,10.1080/20551940.2023.2286769,Tipo 5 CM,Tipo 5 - Constructivismo moderado,tipo_5_constructivismo_moderado,directo,Approved direct legacy label for the canonical Arbor contract.,False,True,machine aurality uncanny resonances and the sonic anxieties of surveillance capitalism,10.1080/20551940.2023.2286769,6d85dcc09da821dfb3225cf663219c155ce31dca3217313f54052fb4a137da64,NN,NN,,False,,gender; labour; neoliberalism; race; science and technology studies; Surveillance; uncanny; voice,,True,True,"This paper examines the aurality of voice-activated AIs (VA AIs) through uncanny encounters with the devices. Glitches such as Alexa spontaneously bursting into laughter or accidental activations putting users’ privacy at risk, have incited suspicions among users as to the motives of tech companies and the technical capabilities of their devices. Building on previous contributions that show that the feminised voices of VA AIs are strategically designed to display reassuring attributes and obscure surveillance practices, I discuss the aural moments in which VA AIs fail to reassure, shifting from a convenience to a threat through the experience of the uncanny. I argue that anxieties tied to VA AIs are both produced and mediated by their aurality: both their voices and listening practices. I theorise uncanny encounters with the voice and listening capacities of VA AIs such as glitches, features which seek to imitate humans, disembodied voices and disembodied listening, and invasions of privacy as enacting perversions of care and inducing fear of impersonation and intrusion. This paper contributes to the literature on the specificity of sound in conceptions of the uncanny valley, and also seeks to enrich conception of vocality and listening as vector of anxieties within the neoliberal condition. © 2023 Informa UK Limited, trading as Taylor & Francis Group.

Author Keywords: gender; labour; neoliberalism; race; science and technology studies; Surveillance; uncanny; voice",abstract_plus_keywords,0,0,0,0,
muestras:Muestras:42,muestras,Muestras,Critical Constructivism: An Exposition and Defense,"In this paper, I explain in detail Critical Constructivism, which I situate as a political philosophy of technology that draws from the Frankfurt School, Heideggerian phenomenology, Marxist labour process theory, and Science and Technology Studies (STS). Critical constructivism thus addresses the study of specific designs and the public controversies they provoke, while at the same time reconstructing aspects of the Heideggerian and Frankfurt School critiques of instrumental reason. Critical constructivism “de-ontologizes” these philosophies of technology, capturing their critique of rationality while affirming nevertheless the value of modern science and technology. To clarify my approach to technology and to address a number of misunderstandings regarding my approach to technology, this paper is organized around different aspects of my theory, including Marxism, technology and political theory, operational autonomy, the democratization of technology, formal bias, and instrumentalization theory. © 2022, The Author(s), under exclusive license to Springer Nature Switzerland AG.",2022,10.1007/978-3-031-07877-4_2,Tipo 5 CM,Tipo 5 - Constructivismo moderado,tipo_5_constructivismo_moderado,directo,Approved direct legacy label for the canonical Arbor contract.,False,True,critical constructivism an exposition and defense,10.1007/978-3-031-07877-4_2,a339a1f85db62b6f5f64361153a040c3082765d238da88823afcb3b407994ccc,NN,NN,,False,,Critical constructivism; Democracy; Formal bias; Instrumentalization theory; Labour; Marx; Operational autonomy; Rationality; Technical code; Technology; Technosystem,,True,True,"In this paper, I explain in detail Critical Constructivism, which I situate as a political philosophy of technology that draws from the Frankfurt School, Heideggerian phenomenology, Marxist labour process theory, and Science and Technology Studies (STS). Critical constructivism thus addresses the study of specific designs and the public controversies they provoke, while at the same time reconstructing aspects of the Heideggerian and Frankfurt School critiques of instrumental reason. Critical constructivism “de-ontologizes” these philosophies of technology, capturing their critique of rationality while affirming nevertheless the value of modern science and technology. To clarify my approach to technology and to address a number of misunderstandings regarding my approach to technology, this paper is organized around different aspects of my theory, including Marxism, technology and political theory, operational autonomy, the democratization of technology, formal bias, and instrumentalization theory. © 2022, The Author(s), under exclusive license to Springer Nature Switzerland AG.

Author Keywords: Critical constructivism; Democracy; Formal bias; Instrumentalization theory; Labour; Marx; Operational autonomy; Rationality; Technical code; Technology; Technosystem",abstract_plus_keywords,0,0,0,0,
muestras:Muestras:43,muestras,Muestras,Materializing risk in the pregnant athlete: Using material-semiotic tools to examine black-boxed and dis-qualified “facts” in the IOC evidence summaries,"In this chapter, I examine the difficulties associated with establishing risk “facts” specific to pregnant elite athletes, using as my empirical site the International Olympic Committee (IOC) evidence summaries on exercise and pregnancy in recreational and elite athletes. I argue that, in the case of the pregnant elite athlete, scientists have been unable to assemble sufficient entities (human and non-human) to enact evidence-based risk “facts” about how much and how far is safe. To support my argument, I employ theoretical and methodological insights from the field of Science and Technology Studies (STS), namely a material-semiotic approach. Material-semiotics provides the tools and sensibilities to explore how a scientific “fact” is assembled into a dense network of human and non-human entities that are simultaneously semiotic (they are relational and carry meanings) and material (human and non-human entities are caught up and given meaning in these relations) (Law, 2019). I mobilize the concepts of black-boxes and patterning to elucidate how knowledge networks – and risk “facts” – about elite pregnant athletes and high-intensity exercise have largely been “dis-qualified” when judged by the scientific standard of evidence-based medicine (EBM). Future directions for research utilizing a material-semiotic approach are suggested, including a study of a proposed international registry of elite athletes and a bibliometric examination of the IOC evidence summaries. © 2023 selection and editorial matter, Lucy Spowart and Kerry R. McGannon; individual chapters, the contributors.",2022,10.4324/9781003140757-7,Tipo 5 CM,Tipo 5 - Constructivismo moderado,tipo_5_constructivismo_moderado,directo,Approved direct legacy label for the canonical Arbor contract.,False,True,materializing risk in the pregnant athlete using material semiotic tools to examine black boxed and dis qualified facts in the ioc evidence summaries,10.4324/9781003140757-7,e2b0440d718e9bc229f1ecea67e6a5832d4797c1484e0ff417f825fed0ce2405,empirico,empirico,cuantitativo,False,,,,False,False,"In this chapter, I examine the difficulties associated with establishing risk “facts” specific to pregnant elite athletes, using as my empirical site the International Olympic Committee (IOC) evidence summaries on exercise and pregnancy in recreational and elite athletes. I argue that, in the case of the pregnant elite athlete, scientists have been unable to assemble sufficient entities (human and non-human) to enact evidence-based risk “facts” about how much and how far is safe. To support my argument, I employ theoretical and methodological insights from the field of Science and Technology Studies (STS), namely a material-semiotic approach. Material-semiotics provides the tools and sensibilities to explore how a scientific “fact” is assembled into a dense network of human and non-human entities that are simultaneously semiotic (they are relational and carry meanings) and material (human and non-human entities are caught up and given meaning in these relations) (Law, 2019). I mobilize the concepts of black-boxes and patterning to elucidate how knowledge networks – and risk “facts” – about elite pregnant athletes and high-intensity exercise have largely been “dis-qualified” when judged by the scientific standard of evidence-based medicine (EBM). Future directions for research utilizing a material-semiotic approach are suggested, including a study of a proposed international registry of elite athletes and a bibliometric examination of the IOC evidence summaries. © 2023 selection and editorial matter, Lucy Spowart and Kerry R. McGannon; individual chapters, the contributors.",abstract_plus_keywords,3,1,0,1,bibliometric | empirical | theoretical
muestras:Muestras:44,muestras,Muestras,"Knowing cases: Biomedicine in Edinburgh, 1887-1920","This paper examines the scientific work of the Laboratory of the Royal College of Physicians of Edinburgh from its foundation in 1887 to 1920. It looks in particular at the pivotal role of clinical cases in the work of the Laboratory, using the concept of 'triangulation' to analyse how cases served both as objects of scientific knowledge and as sites for articulating and aligning the concerns of medical practitioners and career scientists. It goes on to propose a general model for thinking about the role of cases in scientific knowledge production, based on a rereading of Kuhn as seen through the lens of the sociology of scientific knowledge. It concludes with some general reflections on how this analysis of the work of the Laboratory helps us to rethink the relations between basic and applied medical science in the period before the emergence of modern biomedicine. © SSS and SAGE Publications.",2007,10.1177/0306312707076597,Tipo 6 CF - R,Tipo 6 - Constructivismo fuerte / relativismo,tipo_6_constructivismo_fuerte_relativismo,directo,Approved direct legacy label for the canonical Arbor contract.,False,True,knowing cases biomedicine in edinburgh 1887 1920,10.1177/0306312707076597,97abf37db23755f28ce7b82f257a085c0be3197281f9fabad949551832d43790,NN,NN,,False,,Cases; Edinburgh; Laboratories; Medicine; Sociology of scientific knowledge; Triangulation,"Biomedical Research; History, 19th Century; History, 20th Century; Laboratories; Scotland; Societies, Medical; article; history; laboratory; medical research; medical society; United Kingdom",True,True,"This paper examines the scientific work of the Laboratory of the Royal College of Physicians of Edinburgh from its foundation in 1887 to 1920. It looks in particular at the pivotal role of clinical cases in the work of the Laboratory, using the concept of 'triangulation' to analyse how cases served both as objects of scientific knowledge and as sites for articulating and aligning the concerns of medical practitioners and career scientists. It goes on to propose a general model for thinking about the role of cases in scientific knowledge production, based on a rereading of Kuhn as seen through the lens of the sociology of scientific knowledge. It concludes with some general reflections on how this analysis of the work of the Laboratory helps us to rethink the relations between basic and applied medical science in the period before the emergence of modern biomedicine. © SSS and SAGE Publications.

Author Keywords: Cases; Edinburgh; Laboratories; Medicine; Sociology of scientific knowledge; Triangulation | Index Keywords: Biomedical Research; History, 19th Century; History, 20th Century; Laboratories; Scotland; Societies, Medical; article; history; laboratory; medical research; medical society; United Kingdom",abstract_plus_keywords,0,0,0,0,
muestras:Muestras:45,muestras,Muestras,Health consumption as work: The home pregnancy test as a domesticated health tool,"A growing array of biomedical goods and services has become central to the North American experience of navigating illness and pursuing good health. Yet despite the utility of consumption as an analytical framework within the social sciences, the selection, purchase, and use of biomedical goods and services has been understudied. By using the home pregnancy test as a case study, we suggest new approaches to thinking about the consumption of these goods and services. We chose the home pregnancy test because it is the best-known example of a mass-produced diagnostic tool used by consumers. We draw on two sources of data for this qualitative analysis: a set of stories submitted between 2003 and 2005 by women and men to an online exhibit mounted by the National Institutes of Health called ""A Thin Blue Line: The History of the Pregnancy Test Kit,"" which we analysed between 2006 and 2007; and web sampling conducted in 2009 and 2010 of personal web and video logs of women and men who have posted stories and opinions about their experiences with contemporary home pregnancy testing products. We adapt the term ""domestication"" from Science and Technology Studies scholarship to describe the movement of diagnostic devices into homes for use by consumers. Specifically, we propose that the consumption of domesticated biomedical devices, goods, and services should be theorized as work performed by consumers, in two senses: as a form of tool use that allows non-experts to produce diagnostic knowledge about their own bodies and health; and as the ongoing biopolitical work that is expected of citizens to produce healthy bodies. Our paper draws attention to these understudied phenomena, while suggesting new approaches to theorizing the social and cultural elements of goods and services for health. © 2013 Elsevier Ltd.",2013,10.1016/j.socscimed.2013.02.035,Tipo 5 CM,Tipo 5 - Constructivismo moderado,tipo_5_constructivismo_moderado,directo,Approved direct legacy label for the canonical Arbor contract.,False,True,health consumption as work the home pregnancy test as a domesticated health tool,10.1016/j.socscimed.2013.02.035,717a0a040d5ca8ed510acb36729088a014964d5d8f77f7bfbbce8c4fc8d444e5,empirico,empirico,cualitativo,False,,Biopolitics; Diagnostic tools; Domestication; Health consumption; Home pregnancy test; Knowledge production,Female; Home Care Services; Humans; Pregnancy; Pregnancy Tests; North America; consumption behavior; domestication; health risk; knowledge; pregnancy; qualitative analysis; testing method; anthropology; article; domestication; government; health care access; health care system; health care utilization; health consumption; health service; home care; human; medical device; politics; pregnancy test; sociology,True,True,"A growing array of biomedical goods and services has become central to the North American experience of navigating illness and pursuing good health. Yet despite the utility of consumption as an analytical framework within the social sciences, the selection, purchase, and use of biomedical goods and services has been understudied. By using the home pregnancy test as a case study, we suggest new approaches to thinking about the consumption of these goods and services. We chose the home pregnancy test because it is the best-known example of a mass-produced diagnostic tool used by consumers. We draw on two sources of data for this qualitative analysis: a set of stories submitted between 2003 and 2005 by women and men to an online exhibit mounted by the National Institutes of Health called ""A Thin Blue Line: The History of the Pregnancy Test Kit,"" which we analysed between 2006 and 2007; and web sampling conducted in 2009 and 2010 of personal web and video logs of women and men who have posted stories and opinions about their experiences with contemporary home pregnancy testing products. We adapt the term ""domestication"" from Science and Technology Studies scholarship to describe the movement of diagnostic devices into homes for use by consumers. Specifically, we propose that the consumption of domesticated biomedical devices, goods, and services should be theorized as work performed by consumers, in two senses: as a form of tool use that allows non-experts to produce diagnostic knowledge about their own bodies and health; and as the ongoing biopolitical work that is expected of citizens to produce healthy bodies. Our paper draws attention to these understudied phenomena, while suggesting new approaches to theorizing the social and cultural elements of goods and services for health. © 2013 Elsevier Ltd.

Author Keywords: Biopolitics; Diagnostic tools; Domestication; Health consumption; Home pregnancy test; Knowledge production | Index Keywords: Female; Home Care Services; Humans; Pregnancy; Pregnancy Tests; North America; consumption behavior; domestication; health risk; knowledge; pregnancy; qualitative analysis; testing method; anthropology; article; domestication; government; health care access; health care system; health care utilization; health consumption; health service; home care; human; medical device; politics; pregnancy test; sociology",abstract_plus_keywords,4,0,2,0,case study | qualitative | we analysed
muestras:Muestras:46,muestras,Muestras,"Education for Political Life: Critique, Theory, and Practice in Karl Mannheim's Sociology of Knowledge","Through a detailed reading of Karl Mannheim's early explorations in the sociology of knowledge, this book argues for Mannheim's relevance for contemporary social and political theory. As a philosophical project of self-reflection, the early sociology of knowledge is distinctive for its blend of Marxist social theory and phenomenological investigation, making it a valuable resource for current philosophical attempts to relate thought to its social conditions. Furthermore, the struggle documented in the early days of this project – against social critique's tendency to obscure its own perspective – provides the best standard by which to assess its own limitations. © 2023 by The Rowman & Littlefield Publishing Group, Inc. All rights reserved.",2023,10.5040/9798881813482,Tipo 5 CM,Tipo 5 - Constructivismo moderado,tipo_5_constructivismo_moderado,directo,Approved direct legacy label for the canonical Arbor contract.,False,True,education for political life critique theory and practice in karl mannheim s sociology of knowledge,10.5040/9798881813482,9f6a3a9725df02756a447bda5e34896277293160da44fdcd017d9c4e5279babe,no_empirico,no_empirico,,False,,,Ethical technology; 'current; Mannheim; Self reflection; Social conditions; Social theory; Theory and practice; Sociology,True,True,"Through a detailed reading of Karl Mannheim's early explorations in the sociology of knowledge, this book argues for Mannheim's relevance for contemporary social and political theory. As a philosophical project of self-reflection, the early sociology of knowledge is distinctive for its blend of Marxist social theory and phenomenological investigation, making it a valuable resource for current philosophical attempts to relate thought to its social conditions. Furthermore, the struggle documented in the early days of this project – against social critique's tendency to obscure its own perspective – provides the best standard by which to assess its own limitations. © 2023 by The Rowman & Littlefield Publishing Group, Inc. All rights reserved.

Index Keywords: Ethical technology; 'current; Mannheim; Self reflection; Social conditions; Social theory; Theory and practice; Sociology",abstract_plus_keywords,0,2,0,0,perspective | philosophical
muestras:Muestras:48,muestras,Muestras,Remaking Participation in Science and Democracy,"Over the past few decades, significant advances have been made in public engagement with, and the democratization of, science and technology. Despite notable successes, such developments have often struggled to enhance public trust, avert crises of expertise and democracy, and build more socially responsive and responsible science and innovation. A central reason for this is that mainstream approaches to public engagement harbor what we call “residual realist” assumptions about participation and publics. Recent coproductionist accounts in science and technology studies (STS) offer an alternative way of seeing participation as coproduced, relational, diverse, and emergent but have been somewhat reluctant to articulate what this means in practice. In this paper, we make this move by setting out a new framework of interrelating paths and associated criteria for remaking public participation with science and democracy in more experimental, reflexive, anticipatory, and responsible ways. This framework comprises four paths to: forge reflexive participatory practices that attend to their framings, emergence, uncertainties, and effects; ecologize participation through attending to the interrelations between diverse public engagements in wider systems; catalyze practices of anticipatory reflection to bring about responsible democratic innovations; and reconstitute participation as constitutive of (not separate from) systems of technoscience and democracy. © The Author(s) 2019.",2020,10.1177/0162243919850885,Tipo 5 CM,Tipo 5 - Constructivismo moderado,tipo_5_constructivismo_moderado,directo,Approved direct legacy label for the canonical Arbor contract.,False,True,remaking participation in science and democracy,10.1177/0162243919850885,66256438df1abf6a97f3e883e6be2db2c2617375b8c3a2033ce08ecc7c2d582b,empirico,empirico,,True,insufficient_evidence,coproductionist; ecologies; experiments; framework; mapping; public participation in science and democracy; reflexivity; residual realism; responsible democratic innovations,,True,True,"Over the past few decades, significant advances have been made in public engagement with, and the democratization of, science and technology. Despite notable successes, such developments have often struggled to enhance public trust, avert crises of expertise and democracy, and build more socially responsive and responsible science and innovation. A central reason for this is that mainstream approaches to public engagement harbor what we call “residual realist” assumptions about participation and publics. Recent coproductionist accounts in science and technology studies (STS) offer an alternative way of seeing participation as coproduced, relational, diverse, and emergent but have been somewhat reluctant to articulate what this means in practice. In this paper, we make this move by setting out a new framework of interrelating paths and associated criteria for remaking public participation with science and democracy in more experimental, reflexive, anticipatory, and responsible ways. This framework comprises four paths to: forge reflexive participatory practices that attend to their framings, emergence, uncertainties, and effects; ecologize participation through attending to the interrelations between diverse public engagements in wider systems; catalyze practices of anticipatory reflection to bring about responsible democratic innovations; and reconstitute participation as constitutive of (not separate from) systems of technoscience and democracy. © The Author(s) 2019.

Author Keywords: coproductionist; ecologies; experiments; framework; mapping; public participation in science and democracy; reflexivity; residual realism; responsible democratic innovations",abstract_plus_keywords,1,0,0,0,experiment
muestras:Muestras:49,muestras,Muestras,"Climate science, truth, and democracy","This essay was written almost ten years ago when the urgency of America's failure as a nation to respond to the threats of climate change first came to preoccupy me. Although the essay was never published in full, I circulated it informally in an attempt to provoke a more public engagement among my colleagues in the history, philosophy, and sociology of science. In particular, it was written in almost direct response to Philip Kitcher's own book, Science, Truth and Democracy (2001), in an attempt to clarify what was special about Climate Science in its relation to truth and democracy. Kitcher's response was immensely encouraging, and it led to an extended dialogue that resulted, first, in a course we co-taught at Columbia University, and later, to the book The Seasons Alter: How to Save Our Planet in Six Acts (W. W. Norton) published this spring. The book was finished just after the Paris Climate Accord, and it reflects the relative optimism of that moment. Unfortunately events since have begun to evoke, once again, the darker mood of this essay. I am grateful to Greg Radick for suggesting its publication. © 2017 Elsevier Ltd",2017,10.1016/j.shpsc.2017.06.006,Tipo 2 RC,Tipo 2 - Realismo moderado / critico,tipo_2_realismo_moderado_critico,fusionado,Approved alias merge into canonical Type 2.,False,True,climate science truth and democracy,10.1016/j.shpsc.2017.06.006,dc36081bad70b897c7cf6197c4f381ee480c22121edc929da1b11965608a1e06,no_empirico,no_empirico,,False,,,Climate; Climate Change; Democracy; Philosophy; Science; Sociology; climate; climate change; democracy; philosophy; science; sociology,True,True,"This essay was written almost ten years ago when the urgency of America's failure as a nation to respond to the threats of climate change first came to preoccupy me. Although the essay was never published in full, I circulated it informally in an attempt to provoke a more public engagement among my colleagues in the history, philosophy, and sociology of science. In particular, it was written in almost direct response to Philip Kitcher's own book, Science, Truth and Democracy (2001), in an attempt to clarify what was special about Climate Science in its relation to truth and democracy. Kitcher's response was immensely encouraging, and it led to an extended dialogue that resulted, first, in a course we co-taught at Columbia University, and later, to the book The Seasons Alter: How to Save Our Planet in Six Acts (W. W. Norton) published this spring. The book was finished just after the Paris Climate Accord, and it reflects the relative optimism of that moment. Unfortunately events since have begun to evoke, once again, the darker mood of this essay. I am grateful to Greg Radick for suggesting its publication. © 2017 Elsevier Ltd

Index Keywords: Climate; Climate Change; Democracy; Philosophy; Science; Sociology; climate; climate change; democracy; philosophy; science; sociology",abstract_plus_keywords,0,1,0,0,essay
muestras:Muestras:50,muestras,Muestras,Planting contemporary practice theory in the garden of information science,"Introduction. The purpose of this article is to introduce to information science in a coherent fashion the core premises of contemporary practice theory, and thus to engage the information research community in further debate and discussion. Method. Contemporary practice-based approaches are summarised in an ensemble of five core premises by means of a broad conceptual analysis of the relevant literature. Differentiated from its historical antecedents by central ideas from science and technology studies, particularly actor-network theory and the sociology of translation, this current practice movement builds on the latest practice 'turn' which is then used to answer the question of how practice theory could contribute to information science. Results. Capturing the distinct ontology, epistemology and methodology of current practice theory, the five key premises provide novel insights in transcending the macro-objectivist and micro-subjectivist levels of analysis, in sociomateriality, in stretching interactions to action nets to conceptualize dynamic organizing, in the sharing of tacit knowledge, in the emergent nature of knowing and learning, and in social order and change as dynamic outcomes of the tightly interwoven processes of doing, knowing and organizing. Conclusions This article distinguishes the everyday notion of practice, mostly understood as practices, from contemporary practice theory which aspires to integrate practice ontology, epistemology and methodology into a coherent theoretical framework. This upcoming theory offers a dedicated vocabulary and approach to all of those information scientists who either focus on macro-structures or micro-interactions in their studies, but feel at risk of ignoring or missing important dimensions of social order and change in action. © the authors 2011.",2011,,Tipo 5 CM,Tipo 5 - Constructivismo moderado,tipo_5_constructivismo_moderado,directo,Approved direct legacy label for the canonical Arbor contract.,False,True,planting contemporary practice theory in the garden of information science,,3ec5fda1fb152c0e7fa1489b0a2ead99ca8d488ea7dbe7806597814e584d2b7d,no_empirico,no_empirico,,False,,,,False,False,"Introduction. The purpose of this article is to introduce to information science in a coherent fashion the core premises of contemporary practice theory, and thus to engage the information research community in further debate and discussion. Method. Contemporary practice-based approaches are summarised in an ensemble of five core premises by means of a broad conceptual analysis of the relevant literature. Differentiated from its historical antecedents by central ideas from science and technology studies, particularly actor-network theory and the sociology of translation, this current practice movement builds on the latest practice 'turn' which is then used to answer the question of how practice theory could contribute to information science. Results. Capturing the distinct ontology, epistemology and methodology of current practice theory, the five key premises provide novel insights in transcending the macro-objectivist and micro-subjectivist levels of analysis, in sociomateriality, in stretching interactions to action nets to conceptualize dynamic organizing, in the sharing of tacit knowledge, in the emergent nature of knowing and learning, and in social order and change as dynamic outcomes of the tightly interwoven processes of doing, knowing and organizing. Conclusions This article distinguishes the everyday notion of practice, mostly understood as practices, from contemporary practice theory which aspires to integrate practice ontology, epistemology and methodology into a coherent theoretical framework. This upcoming theory offers a dedicated vocabulary and approach to all of those information scientists who either focus on macro-structures or micro-interactions in their studies, but feel at risk of ignoring or missing important dimensions of social order and change in action. © the authors 2011.",abstract_plus_keywords,0,2,0,0,conceptual | theoretical
muestras:Muestras:51,muestras,Muestras,Why designers and philosophers should meet in school,"Many scholars who study user-technology relations have shown from different perspectives that such relations are mutually constructive: users shape technology, and technology shapes users. This awareness raises questions about the part a designer plays in the workings of society. Are designers responsible for the social role of their products? Can designers promote the well-being of users and society at large? These questions are still largely absent in design education. In this paper we argue the importance and benefit of integrating concepts from Philosophy of Technology and the related field of Science and Technology Studies (STS) in design education. We will discuss a threefold benefit of a combined approach that draws on both traditional design education (generally focused on individual users and objects) and theoretical approaches to technology (generally focused on how technology marks and transforms the way we live our lives). In the first place such an integrated approach enables a deeper insight in the social significance of design. Secondly, it allows for a better understanding of design theory and practice itself. Thirdly, it provides a basis for the development of new design perspectives that promote human well-being. To illustrate we will introduce the notion of 'open script design' as a new design perspective that was developed in a Capita Selecta design course based on insights from philosophy of technology and STS.",2014,,Tipo 4 PE,Tipo 4 - Pragmatismo epistemologico,tipo_4_pragmatismo_epistemologico,directo,Approved direct legacy label for the canonical Arbor contract.,False,True,why designers and philosophers should meet in school,,31d7b0082d80ca10fe67eb5d26042b075d2ed5644f7fca5da97fcbe5cf428d2c,no_empirico,no_empirico,,False,,Design for well-being; Design theory; Open script design; Philosophy of Technology; Science and Technology Studies,Curricula; Design; Education; Ontology; Philosophical aspects; Product design; Design course; Design Education; Design theory; Integrated approach; Philosophy of technology; Science and technology studies; Theoretical approach; Well being; Engineering education,True,True,"Many scholars who study user-technology relations have shown from different perspectives that such relations are mutually constructive: users shape technology, and technology shapes users. This awareness raises questions about the part a designer plays in the workings of society. Are designers responsible for the social role of their products? Can designers promote the well-being of users and society at large? These questions are still largely absent in design education. In this paper we argue the importance and benefit of integrating concepts from Philosophy of Technology and the related field of Science and Technology Studies (STS) in design education. We will discuss a threefold benefit of a combined approach that draws on both traditional design education (generally focused on individual users and objects) and theoretical approaches to technology (generally focused on how technology marks and transforms the way we live our lives). In the first place such an integrated approach enables a deeper insight in the social significance of design. Secondly, it allows for a better understanding of design theory and practice itself. Thirdly, it provides a basis for the development of new design perspectives that promote human well-being. To illustrate we will introduce the notion of 'open script design' as a new design perspective that was developed in a Capita Selecta design course based on insights from philosophy of technology and STS.

Author Keywords: Design for well-being; Design theory; Open script design; Philosophy of Technology; Science and Technology Studies | Index Keywords: Curricula; Design; Education; Ontology; Philosophical aspects; Product design; Design course; Design Education; Design theory; Integrated approach; Philosophy of technology; Science and technology studies; Theoretical approach; Well being; Engineering education",abstract_plus_keywords,0,3,0,0,perspective | philosophical | theoretical
muestras:Muestras:52,muestras,Muestras,Video analysis and knowledge on rewind: An introduction,"This chapter introduces the central topics of the volume. By highlight ing the transformative role of video analysis for sociological research, the introduction underscores how the use of video advances the study of social interaction and how its results contribute to social theory. By exploring video as a medium that captures the unfolding of social and communicative processes in real time, this chapter emphasises a unique capacity of video data to preserve nuanced sensory and embodied aspects of interaction. Based on a sociology of knowledge perspective that builds on phenomenology, ethnomethodology, symbolic interactionism, and communicative constructivism, the introduction traces the methodologi cal and epistemological roots of video analysis, detailing particularly its evolution as an interpretive tool for insights into social reality beyond the micro level. A notable focus is the material and sensory dynamics of so ciality, showcasing how knowledge, bodies, spaces, and digital interfaces shape and mediate interactions. The introduction argues that video based research not only enriches empirical understanding but also facilitates theoretical development, engaging with broader sociological debates on knowledge, materiality, and the relational nature of social reality. © 2026 selection and editorial matter, Ajit Singh, Christian Meier zu Verl and Rene Tuma; individual chapters, the contributors.",2025,10.4324/9781003279259-1,Tipo 4 PE,Tipo 4 - Pragmatismo epistemologico,tipo_4_pragmatismo_epistemologico,directo,Approved direct legacy label for the canonical Arbor contract.,False,True,video analysis and knowledge on rewind an introduction,10.4324/9781003279259-1,8d590586463bfb4db4ce9d3bf1026e0df41483ee810a330171988a9415c2cbe3,no_empirico,no_empirico,,False,,,Computer graphics; Sociology; Video analysis; Ethnomethodology; Knowledge perspective; Real- time; Social interactions; Social reality; Social theory; Unfoldings; Use of video; Video analysis; Video data; Interfaces (materials),True,True,"This chapter introduces the central topics of the volume. By highlight ing the transformative role of video analysis for sociological research, the introduction underscores how the use of video advances the study of social interaction and how its results contribute to social theory. By exploring video as a medium that captures the unfolding of social and communicative processes in real time, this chapter emphasises a unique capacity of video data to preserve nuanced sensory and embodied aspects of interaction. Based on a sociology of knowledge perspective that builds on phenomenology, ethnomethodology, symbolic interactionism, and communicative constructivism, the introduction traces the methodologi cal and epistemological roots of video analysis, detailing particularly its evolution as an interpretive tool for insights into social reality beyond the micro level. A notable focus is the material and sensory dynamics of so ciality, showcasing how knowledge, bodies, spaces, and digital interfaces shape and mediate interactions. The introduction argues that video based research not only enriches empirical understanding but also facilitates theoretical development, engaging with broader sociological debates on knowledge, materiality, and the relational nature of social reality. © 2026 selection and editorial matter, Ajit Singh, Christian Meier zu Verl and Rene Tuma; individual chapters, the contributors.

Index Keywords: Computer graphics; Sociology; Video analysis; Ethnomethodology; Knowledge perspective; Real- time; Social interactions; Social reality; Social theory; Unfoldings; Use of video; Video analysis; Video data; Interfaces (materials)",abstract_plus_keywords,1,2,0,0,empirical | perspective | theoretical
muestras:Muestras:53,muestras,Muestras,Integrate the integrators! A call for establishing academic careers for integration experts,"Integration is often considered the core challenge and the defining characteristic of inter- and trans-disciplinary (ITD) research. Given its importance, it is surprising that the current system of higher education does not provide permanent positions for integration experts; i.e., experts who lead, administer, manage, monitor, assess, accompany, and/or advise others on integration within ITD projects or programs. Based on empirical results of an ITD 2019 Conference Workshop entitled “Is there a new profession of integration experts on the rise?” held in Gothenburg, Sweden, and our own experience in leading and studying ITD integration, the present article sheds light on the overarching question, “What are integration experts?”, thus contributing to the emerging literature on integration and integration expertise. We use direct quotes from participants to substantiate workshop results and triangulate them with recent literature on ITD research as well as Science of Team Science (SciTS) and Science and Technology Studies (STS). We conclude our article by discussing possible unintended consequences of establishing academic careers for integration experts, and suggest four complementary ways to support them, while mitigating potentially negative consequences: (a) establishing an international Community of Practice (CoP) to foster peer-to-peer exchange among integration experts, create greater visibility, and develop ideas for transforming academic structures; (b) studying academic careers of integration experts to provide empirical evidence of “successful” examples and disclose different ways of establishing related academic positions; (c) funding respective positions and aligning metrics for ITD research to foster integration within ITD projects or programs; and (d) engaging in collaborative dialog with academic institutions and funding agencies to present empirical results and lessons learnt from (a) and (b) to support them in establishing and legitimating careers for integration experts. If academia is to be serious about addressing the most pressing environmental and societal problems of our time, it needs to integrate its integrators. © 2022, The Author(s).",2022,10.1057/s41599-022-01138-z,Tipo 5 CM,Tipo 5 - Constructivismo moderado,tipo_5_constructivismo_moderado,directo,Approved direct legacy label for the canonical Arbor contract.,False,True,integrate the integrators a call for establishing academic careers for integration experts,10.1057/s41599-022-01138-z,b5bf46e4ef22384189399a4ba75ec2b651fe81e605b833ee72be81865a9c7f30,empirico,empirico,,True,insufficient_evidence,,,False,False,"Integration is often considered the core challenge and the defining characteristic of inter- and trans-disciplinary (ITD) research. Given its importance, it is surprising that the current system of higher education does not provide permanent positions for integration experts; i.e., experts who lead, administer, manage, monitor, assess, accompany, and/or advise others on integration within ITD projects or programs. Based on empirical results of an ITD 2019 Conference Workshop entitled “Is there a new profession of integration experts on the rise?” held in Gothenburg, Sweden, and our own experience in leading and studying ITD integration, the present article sheds light on the overarching question, “What are integration experts?”, thus contributing to the emerging literature on integration and integration expertise. We use direct quotes from participants to substantiate workshop results and triangulate them with recent literature on ITD research as well as Science of Team Science (SciTS) and Science and Technology Studies (STS). We conclude our article by discussing possible unintended consequences of establishing academic careers for integration experts, and suggest four complementary ways to support them, while mitigating potentially negative consequences: (a) establishing an international Community of Practice (CoP) to foster peer-to-peer exchange among integration experts, create greater visibility, and develop ideas for transforming academic structures; (b) studying academic careers of integration experts to provide empirical evidence of “successful” examples and disclose different ways of establishing related academic positions; (c) funding respective positions and aligning metrics for ITD research to foster integration within ITD projects or programs; and (d) engaging in collaborative dialog with academic institutions and funding agencies to present empirical results and lessons learnt from (a) and (b) to support them in establishing and legitimating careers for integration experts. If academia is to be serious about addressing the most pressing environmental and societal problems of our time, it needs to integrate its integrators. © 2022, The Author(s).",abstract_plus_keywords,2,0,0,0,empirical | participants
muestras:Muestras:54,muestras,Muestras,Art’s Work in the Age of Biotechnology: How art can make arguments in science and technology studies,"This chapter focuses on contemporary artists engaged with the life sciences. To see these artists as outside the STS community, as some might, is a form of boundary-making, and much can and probably will be written about the issue as art combines with STS to form the distinct discipline of ASTS. One easy way to spot the difference between the two disciplines is to consider the materials that go into making STS arguments. They consist of more than just the immutable mobiles of sociology like recorders and laptops. They also embrace the stuff that our informants, scientists, engineers, industrialists, designers, and users have aligned and combusted to create new knowledge. Materials, or as Calvert and Schyfter identify them in Chapter 2, “tangible artifacts,” are building blocks of science as well as technologies that contribute to the production of arguments. The majority of STS scholarship, however focused on materials, appears only on the written page. By bringing into the conversation contemporary artists who work closely with scientific materials, we can renew the STS focus on materiality and extend its scholarship to artwork that already engages many themes treated in STS. © 2022 selection and editorial matter, Hannah Star Rogers, Megan K. Halpern, Dehlia Hannah, and Kathryn de Ridder-Vignone individual chapters, the contributors.",2021,10.4324/9780429437069-17,Tipo 5 CM,Tipo 5 - Constructivismo moderado,tipo_5_constructivismo_moderado,directo,Approved direct legacy label for the canonical Arbor contract.,False,True,art s work in the age of biotechnology how art can make arguments in science and technology studies,10.4324/9780429437069-17,ebdeb3525c42a9b33203568c1e6b57faf18f6745d53ffb58e015ede664c8e2c6,NN,NN,,False,,,,False,False,"This chapter focuses on contemporary artists engaged with the life sciences. To see these artists as outside the STS community, as some might, is a form of boundary-making, and much can and probably will be written about the issue as art combines with STS to form the distinct discipline of ASTS. One easy way to spot the difference between the two disciplines is to consider the materials that go into making STS arguments. They consist of more than just the immutable mobiles of sociology like recorders and laptops. They also embrace the stuff that our informants, scientists, engineers, industrialists, designers, and users have aligned and combusted to create new knowledge. Materials, or as Calvert and Schyfter identify them in Chapter 2, “tangible artifacts,” are building blocks of science as well as technologies that contribute to the production of arguments. The majority of STS scholarship, however focused on materials, appears only on the written page. By bringing into the conversation contemporary artists who work closely with scientific materials, we can renew the STS focus on materiality and extend its scholarship to artwork that already engages many themes treated in STS. © 2022 selection and editorial matter, Hannah Star Rogers, Megan K. Halpern, Dehlia Hannah, and Kathryn de Ridder-Vignone individual chapters, the contributors.",abstract_plus_keywords,0,0,0,0,
muestras:Muestras:55,muestras,Muestras,The Biology of Technology An Exploratory Essay,"Technology is a relatively new word; like scientist, it was coined in the mid nineteenth century. Following a brief introduction of technical evolution and a summation of the problems posed by technical progress, the case for the development of a socio-biological theory of technology is made. The universally applicable notion of structural determinism is then introduced as the key element of a human system development concept based on a synthesis of technology, knowledge, and culture. The main proponent of biogenetic structuralism, Charles Laughlin, understands technology as a natural phenomenon. There are a number of aspects of autopoietic theory that lend themselves to the development of a biology of technology. The major implication of adopting a radical constructivist approach to organization and related science and technology studies is that, because of the operationally closed nature of cognition, the people can only know the world indirectly. © 2005 by Taylor & Francis.",2017,10.4324/9781315135571-8,Tipo 3 AE,Tipo 3 - Antirrealismo epistemologico,tipo_3_antirrealismo_epistemologico,directo,Approved direct legacy label for the canonical Arbor contract.,False,True,the biology of technology an exploratory essay,10.4324/9781315135571-8,bbcd5e56fd311fc4e497e3a6a859b43a86b9423adb0acf2934a6c676db6f9996,no_empirico,no_empirico,,False,,,,False,False,"Technology is a relatively new word; like scientist, it was coined in the mid nineteenth century. Following a brief introduction of technical evolution and a summation of the problems posed by technical progress, the case for the development of a socio-biological theory of technology is made. The universally applicable notion of structural determinism is then introduced as the key element of a human system development concept based on a synthesis of technology, knowledge, and culture. The main proponent of biogenetic structuralism, Charles Laughlin, understands technology as a natural phenomenon. There are a number of aspects of autopoietic theory that lend themselves to the development of a biology of technology. The major implication of adopting a radical constructivist approach to organization and related science and technology studies is that, because of the operationally closed nature of cognition, the people can only know the world indirectly. © 2005 by Taylor & Francis.",abstract_plus_keywords,0,1,0,0,essay
muestras:Muestras:56,muestras,Muestras,Teaching methods for systematic inventive problem-solving: Evaluation of a course for teachers,"Systematic inventive problem-solving is an approach for finding original and useful ideas by systematically examining alterations in existing components within a system, their attributes, functions or internal relationships. This method, which aims at complementing divergent thinking in problem-solving and design, is gaining increased attention in industrial and academic frameworks. The current study examined how science and technology teachers learn, internalize and use the method within an academic course. Data were collected through pre-course and post-course quizzes and questionnaires, documentation of students’ activities, and interviews. The results showed that individuals can improve their problem-solving abilities by combining methods based on ‘ordered thinking’ and ‘disordered thinking,’ and that none of these approaches has preference over the other. Considerable additional work is required, however, to investigate how the proposed approach could be used to foster creative thinking in science and technology studies at school. © 2006, Taylor & Francis Group, LLC.",2006,10.1080/02635140600811668,Tipo 4 PE,Tipo 4 - Pragmatismo epistemologico,tipo_4_pragmatismo_epistemologico,directo,Approved direct legacy label for the canonical Arbor contract.,False,True,teaching methods for systematic inventive problem solving evaluation of a course for teachers,10.1080/02635140600811668,db89174330bfdf8c606ca0e6ebc741884a375bec1646f4b6be4684ee64c07c2b,empirico,empirico,,True,conflicting_cues,,,False,False,"Systematic inventive problem-solving is an approach for finding original and useful ideas by systematically examining alterations in existing components within a system, their attributes, functions or internal relationships. This method, which aims at complementing divergent thinking in problem-solving and design, is gaining increased attention in industrial and academic frameworks. The current study examined how science and technology teachers learn, internalize and use the method within an academic course. Data were collected through pre-course and post-course quizzes and questionnaires, documentation of students’ activities, and interviews. The results showed that individuals can improve their problem-solving abilities by combining methods based on ‘ordered thinking’ and ‘disordered thinking,’ and that none of these approaches has preference over the other. Considerable additional work is required, however, to investigate how the proposed approach could be used to foster creative thinking in science and technology studies at school. © 2006, Taylor & Francis Group, LLC.",abstract_plus_keywords,3,0,1,1,interview | questionnaire
muestras:Muestras:57,muestras,Muestras,Dimensions of change: three studies of the construction of ageing,"Functionalist concepts such as ‘role’, ‘status’, and ‘social moblility’ are of little analytical value in socio-gerontological discourse which focuses on ‘roleless-ness’, 1 status ambiguity, 2 ‘no exit’, 3 anomie 4 and career impasse. 5 From the point of view of the sociology of knowledge, such conceptual inadequacies reflect a lack of fit between raw data and the analytical tools, 6 an incongruity that stems from ethnocentric and, in our case, ageocentric 7 postulates inherent in the analyst’s own phase of the life course. One might assume that by invoking anthropological relativism to handle such problems of judgement, the conceptual myopia which blurs our field of vision concerning ageing could be rectified. However, a cursory glance at the literature reveals a consistent failure to conceptualise ageing satisfactorily. Neither as a social construct, such as ‘culture’ 8 or ‘age grades’, 9 nor as an intersubjective 10 or subjective experience 11 has the phenomenon of ageing been transcended to suggest a coherent explanatory model. It is for this reason and the desire to avoid fuzzy concepts such as ‘role exit’, 12 ‘déculturation’, 13 ‘myth’ 14 and ‘disengagement’ 15 that this discussion may seem distant from any common connotation of ageing in modern society. Instead, we are presented with a transformation from a state of linearly oriented existence governed by progress in occupational careers and set family trajectories to a state of socially dependent sinecure-based existence. © 1990 Associ tion of Soci l Anthropologists. All rights reserved.",2025,10.4324/9781003637752-13,Tipo 5 CM,Tipo 5 - Constructivismo moderado,tipo_5_constructivismo_moderado,directo,Approved direct legacy label for the canonical Arbor contract.,False,True,dimensions of change three studies of the construction of ageing,10.4324/9781003637752-13,6bcec416eea415f74d386e6912b88f8d91450110394fbe6ad1ff7ab062343430,no_empirico,no_empirico,,False,,,Curricula; Professional aspects; Analytical tool; Fuzzy concept; Lack-of-fit; Life course; Subjective experiences; Sociology,True,True,"Functionalist concepts such as ‘role’, ‘status’, and ‘social moblility’ are of little analytical value in socio-gerontological discourse which focuses on ‘roleless-ness’, 1 status ambiguity, 2 ‘no exit’, 3 anomie 4 and career impasse. 5 From the point of view of the sociology of knowledge, such conceptual inadequacies reflect a lack of fit between raw data and the analytical tools, 6 an incongruity that stems from ethnocentric and, in our case, ageocentric 7 postulates inherent in the analyst’s own phase of the life course. One might assume that by invoking anthropological relativism to handle such problems of judgement, the conceptual myopia which blurs our field of vision concerning ageing could be rectified. However, a cursory glance at the literature reveals a consistent failure to conceptualise ageing satisfactorily. Neither as a social construct, such as ‘culture’ 8 or ‘age grades’, 9 nor as an intersubjective 10 or subjective experience 11 has the phenomenon of ageing been transcended to suggest a coherent explanatory model. It is for this reason and the desire to avoid fuzzy concepts such as ‘role exit’, 12 ‘déculturation’, 13 ‘myth’ 14 and ‘disengagement’ 15 that this discussion may seem distant from any common connotation of ageing in modern society. Instead, we are presented with a transformation from a state of linearly oriented existence governed by progress in occupational careers and set family trajectories to a state of socially dependent sinecure-based existence. © 1990 Associ tion of Soci l Anthropologists. All rights reserved.

Index Keywords: Curricula; Professional aspects; Analytical tool; Fuzzy concept; Lack-of-fit; Life course; Subjective experiences; Sociology",abstract_plus_keywords,0,1,0,0,conceptual
muestras:Muestras:58,muestras,Muestras,"Profile of public laboratories, industrial partnerships and organisation of R & D: The dynamics of industrial relationships in a large research organisation","There is a paucity of papers dealing with the system characteristics of laboratories or, put in another way, the institutional character of research organisations. Neither R&D economics nor the sociology of science, as traditionally conceived, has made much headway in providing insight into sets of R&D laboratories and their evolution. Drawing upon an empirical study in the plant breeding and biochemical industry, this paper presents a typology of public research laboratories which is based on three dimensions: scientific production and visibility, type of funding (public or private) and homogeneity of research themes. Three types of public laboratory emerge: the first, called ""research centres for the profession"", is composed essentially of laboratories with close ties with small and medium firms (SMEs) and industry associations. The second, called ""designers of generic tools and methods"", is oriented towards basic research and themes of general interest to the industry as a whole. The third type, called ""basic and specialised laboratories"", strives to develop its scientific visibility. Contracts between this type of laboratory and industry are mainly bilateral and demonstrate the complementarity between public and private research. Each type of laboratory develops specific types of relationship with private partners. The authors have identified three logics underlying these relationships: proximity, market and club. The main objective of contracts based on a proximity logic is to test a hypothesis, while the knowledge produced is mostly tacit and specific. By contrast, knowledge is entirely coded and specific in the market logic, where the aim of the contract is to implement expertise in order to relieve a scientific bottleneck. In a club logic, the aim of contracts is to produce a technical referent. In each kind of contract, the learning trajectories, modes of co-ordination, role of trust and degree to which contracts are complete or not, are different.",1996,10.1016/0048-7333(96)00882-7,Tipo 1 RF,Tipo 1 - Realismo fuerte,tipo_1_realismo_fuerte,directo,Approved direct legacy label for the canonical Arbor contract.,False,True,profile of public laboratories industrial partnerships and organisation of r d the dynamics of industrial relationships in a large research organisation,10.1016/0048-7333(96)00882-7,55b91f6b49939afe65e1c3cef3514963c62d76c67c641611b55be8ca68440421,empirico,empirico,,True,insufficient_evidence,,,False,False,"There is a paucity of papers dealing with the system characteristics of laboratories or, put in another way, the institutional character of research organisations. Neither R&D economics nor the sociology of science, as traditionally conceived, has made much headway in providing insight into sets of R&D laboratories and their evolution. Drawing upon an empirical study in the plant breeding and biochemical industry, this paper presents a typology of public research laboratories which is based on three dimensions: scientific production and visibility, type of funding (public or private) and homogeneity of research themes. Three types of public laboratory emerge: the first, called ""research centres for the profession"", is composed essentially of laboratories with close ties with small and medium firms (SMEs) and industry associations. The second, called ""designers of generic tools and methods"", is oriented towards basic research and themes of general interest to the industry as a whole. The third type, called ""basic and specialised laboratories"", strives to develop its scientific visibility. Contracts between this type of laboratory and industry are mainly bilateral and demonstrate the complementarity between public and private research. Each type of laboratory develops specific types of relationship with private partners. The authors have identified three logics underlying these relationships: proximity, market and club. The main objective of contracts based on a proximity logic is to test a hypothesis, while the knowledge produced is mostly tacit and specific. By contrast, knowledge is entirely coded and specific in the market logic, where the aim of the contract is to implement expertise in order to relieve a scientific bottleneck. In a club logic, the aim of contracts is to produce a technical referent. In each kind of contract, the learning trajectories, modes of co-ordination, role of trust and degree to which contracts are complete or not, are different.",abstract_plus_keywords,1,0,0,0,empirical
muestras:Muestras:59,muestras,Muestras,Tilting at imaginary windmills: A comment on Tyfield,"In the inaugural issue of this journal, David Tyfield (2008) used some recent discussions about ""meaning finitism"" to conclude that the sociology of scientific knowledge (SSK) is an intellectually hopeless basis on which to erect an intelligible study of science. In contrast, the authors show that Tyfield's argument rests on some profound misunderstandings of the SSK. They show that his mischaracterization of SSK is in fact systematic and is based on lines of argument that are at best incoherent.",2009,10.23941/ejpe.v2i1.23,Tipo 5 CM,Tipo 5 - Constructivismo moderado,tipo_5_constructivismo_moderado,directo,Approved direct legacy label for the canonical Arbor contract.,False,True,tilting at imaginary windmills a comment on tyfield,10.23941/ejpe.v2i1.23,14757723f1008c14b09a445355a7e8e171d1d8a72f84085439a641a940f0ec65,NN,NN,,False,,Economics of science (ESK); Meaning finitism; Science studies; Sociology of scientific knowledge (SSK),,True,True,"In the inaugural issue of this journal, David Tyfield (2008) used some recent discussions about ""meaning finitism"" to conclude that the sociology of scientific knowledge (SSK) is an intellectually hopeless basis on which to erect an intelligible study of science. In contrast, the authors show that Tyfield's argument rests on some profound misunderstandings of the SSK. They show that his mischaracterization of SSK is in fact systematic and is based on lines of argument that are at best incoherent.

Author Keywords: Economics of science (ESK); Meaning finitism; Science studies; Sociology of scientific knowledge (SSK)",abstract_plus_keywords,0,0,0,0,
muestras:Muestras:60,muestras,Muestras,Eco-Deconstruction: Derrida and Environmental Philosophy,"Eco-Deconstruction: Derrida and Environmental Philosophy launches a new mode of philosophical and ethical reflection with respect to the challenges posed by the degradation of the natural environment, including habitat loss, species extinction, and climate change. While the work of French philosopher Jacques Derrida (1930-2004), with its relentless interrogation of the anthropocentric metaphysics of presence, has already proven highly influential in posthumanism and animal studies, the present volume, drawing on published and unpublished work by Derrida and others, builds on these insights in addressing and responding to the most pressing environmental issues of our time. The volume brings together 15 scholars, many of which have achieved world renown, from a wide variety of related fields, including eco-phenomenology, eco-hermeneutics, new materialism, posthumanism, animal studies, vegetal philosophy, science and technology studies, environmental humanities, eco-criticism, earth art and aesthetics, and analytic environmental ethics. Overall, eco-deconstruction offers an account of differential relationality explored in a non-final, non-totalizable ecological context, both quasi-ontologically and quasi-normatively, with attention to diagnosing our times. Accordingly, the book is divided into four sections-Diagnosing the Present, which suggests that our times are marked by a facile, flattened-out understanding of time and thus in need of deconstructive dispositions; Ecologies, which mobilizes the spectral ontology of deconstruction to argue for an originary environmentality, the constitutive ecological embeddedness of mortal life; Nuclear and Other Biodegradabilities, in which contributors reflect on the remains, by-products, and disintegrations of human culture, including nuclear waste, environmental destruction, and species extinctions; and Environmental Ethics, which seeks to uncover a demand for justice, including human responsibility for suffering beings, that emerges precisely as a response to original differentiation, and the mortality and unmasterable alterity it installs in living beings. As such, the book may resonate with readers not only in philosophy, but across the humanities and the social and natural sciences. © 2018 Fordham University Press. All rights reserved.",2018,,Tipo 6 CF - R,Tipo 6 - Constructivismo fuerte / relativismo,tipo_6_constructivismo_fuerte_relativismo,directo,Approved direct legacy label for the canonical Arbor contract.,False,True,eco deconstruction derrida and environmental philosophy,,e3878f2c7bd74365e17c3b724c0660d4f9d9370fb44b3592b221f441d9b5fe16,no_empirico,no_empirico,,False,,,,False,False,"Eco-Deconstruction: Derrida and Environmental Philosophy launches a new mode of philosophical and ethical reflection with respect to the challenges posed by the degradation of the natural environment, including habitat loss, species extinction, and climate change. While the work of French philosopher Jacques Derrida (1930-2004), with its relentless interrogation of the anthropocentric metaphysics of presence, has already proven highly influential in posthumanism and animal studies, the present volume, drawing on published and unpublished work by Derrida and others, builds on these insights in addressing and responding to the most pressing environmental issues of our time. The volume brings together 15 scholars, many of which have achieved world renown, from a wide variety of related fields, including eco-phenomenology, eco-hermeneutics, new materialism, posthumanism, animal studies, vegetal philosophy, science and technology studies, environmental humanities, eco-criticism, earth art and aesthetics, and analytic environmental ethics. Overall, eco-deconstruction offers an account of differential relationality explored in a non-final, non-totalizable ecological context, both quasi-ontologically and quasi-normatively, with attention to diagnosing our times. Accordingly, the book is divided into four sections-Diagnosing the Present, which suggests that our times are marked by a facile, flattened-out understanding of time and thus in need of deconstructive dispositions; Ecologies, which mobilizes the spectral ontology of deconstruction to argue for an originary environmentality, the constitutive ecological embeddedness of mortal life; Nuclear and Other Biodegradabilities, in which contributors reflect on the remains, by-products, and disintegrations of human culture, including nuclear waste, environmental destruction, and species extinctions; and Environmental Ethics, which seeks to uncover a demand for justice, including human responsibility for suffering beings, that emerges precisely as a response to original differentiation, and the mortality and unmasterable alterity it installs in living beings. As such, the book may resonate with readers not only in philosophy, but across the humanities and the social and natural sciences. © 2018 Fordham University Press. All rights reserved.",abstract_plus_keywords,0,1,0,0,philosophical
muestras:Muestras:61,muestras,Muestras,"“Fly Buddha to Mars”: The co-production between religiosity and science & technology at Longquan Monastery, Beijing","This article attempts at a re-theorization towards the symbiosis and co-production of religion, modern science and technology, inspired by theoretical thinking within geographies of religion and science and technology studies (STS). Recent scholarship on the geographies of religion has made substantive advancements in discerning the convergence of religion and secular modernity. However, science and technology (S&T), as an essential condition and driving force of secular modernity, remain peripheral to this ongoing theoretical agenda, yet to be fully incorporated into the analytical framework about the co-constitution of religion and secular modernity, arguably because of the entrench divide between the rationalism of science and metaphysical thinking underlying religion. This paper addresses this issue by foregrounding the social and cultural constitution of science and in particular, its susceptibility to religious and spiritual sensibilities. Through an empirical case of Longquan Monastery, a Buddhist monastery in Beijing, China, this paper shows how the monastery brings S&T and Buddhism into close encounter in order to enrich both – in particular, we examine how Buddhism is appropriated to address the spiritual alienation caused by technological domination, how Buddhism acts as an alternative source of inspiration for technological creativity, and how Buddhist institutions reinvent themselves as rational and scientific to cater to a religious clientele socialized into modern scientific progress. Through the dialogue with STS, this research further contributes to addressing enduring concerns in the geographies of religion with religious spaces and practices as context-specific and spatially variable. © 2024 Elsevier Ltd",2024,10.1016/j.geoforum.2024.103948,Tipo 5 CM,Tipo 5 - Constructivismo moderado,tipo_5_constructivismo_moderado,directo,Approved direct legacy label for the canonical Arbor contract.,False,True,fly buddha to mars the co production between religiosity and science technology at longquan monastery beijing,10.1016/j.geoforum.2024.103948,657a438c6a16d448592f671de59ee7b1c473511d87bfa0b562f7f9363e11eb79,,,,True,conflicting_cues,Chinese Buddhism; Co-production; Geographies of religion; Postsecularity; Science and Technology Studies (STS),Beijing [Beijing (ADS)]; Beijing [China]; China; cultural geography; cultural influence; cultural relations; religion; science and technology; theoretical study,True,True,"This article attempts at a re-theorization towards the symbiosis and co-production of religion, modern science and technology, inspired by theoretical thinking within geographies of religion and science and technology studies (STS). Recent scholarship on the geographies of religion has made substantive advancements in discerning the convergence of religion and secular modernity. However, science and technology (S&T), as an essential condition and driving force of secular modernity, remain peripheral to this ongoing theoretical agenda, yet to be fully incorporated into the analytical framework about the co-constitution of religion and secular modernity, arguably because of the entrench divide between the rationalism of science and metaphysical thinking underlying religion. This paper addresses this issue by foregrounding the social and cultural constitution of science and in particular, its susceptibility to religious and spiritual sensibilities. Through an empirical case of Longquan Monastery, a Buddhist monastery in Beijing, China, this paper shows how the monastery brings S&T and Buddhism into close encounter in order to enrich both – in particular, we examine how Buddhism is appropriated to address the spiritual alienation caused by technological domination, how Buddhism acts as an alternative source of inspiration for technological creativity, and how Buddhist institutions reinvent themselves as rational and scientific to cater to a religious clientele socialized into modern scientific progress. Through the dialogue with STS, this research further contributes to addressing enduring concerns in the geographies of religion with religious spaces and practices as context-specific and spatially variable. © 2024 Elsevier Ltd

Author Keywords: Chinese Buddhism; Co-production; Geographies of religion; Postsecularity; Science and Technology Studies (STS) | Index Keywords: Beijing [Beijing (ADS)]; Beijing [China]; China; cultural geography; cultural influence; cultural relations; religion; science and technology; theoretical study",abstract_plus_keywords,1,1,0,0,empirical | theoretical
muestras:Muestras:62,muestras,Muestras,The Politics of Expertise in Genomics Policy and Law,"Genomics and biotechnology have generated controversy for decades, about the moral limits of tinkering with and commodifying life, the boundary between nature and technology, the respectful treatment of research participants, and the proper evaluation of emerging technologies. Socio-legal and science and technology studies scholars have demonstrated how the resolution of these questions has serious implications for both science and the law, including the appropriate conduct and direction of scientific research and the construction of legal categories and rights. This article demonstrates that these conflicts also have profound impacts on the politics of science and technology, and particularly approaches to relevant knowledge and expertise. Humanities, social scientific, legal, and lay knowledge asserted themselves through the establishment of human genetics research and battles over the ownership of biological materials and data. However, US political culture-which favors technical and market knowledge-constrained their authority. Cross-national comparison highlights this finding, as other jurisdictions have been more inclusive in their approaches to science and technology governance. Copyright © 2024 by the author(s).",2024,10.1146/annurev-lawsocsci-041822-041426,Tipo 5 CM,Tipo 5 - Constructivismo moderado,tipo_5_constructivismo_moderado,directo,Approved direct legacy label for the canonical Arbor contract.,False,True,the politics of expertise in genomics policy and law,10.1146/annurev-lawsocsci-041822-041426,416ee6a17a806420bb1dc05dd3ab4dab1b019d0e683a7116ada3fb2ceb02369e,empirico,empirico,,True,insufficient_evidence,bioethics; data sovereignty; expertise; genomics; innovation; patents,,True,True,"Genomics and biotechnology have generated controversy for decades, about the moral limits of tinkering with and commodifying life, the boundary between nature and technology, the respectful treatment of research participants, and the proper evaluation of emerging technologies. Socio-legal and science and technology studies scholars have demonstrated how the resolution of these questions has serious implications for both science and the law, including the appropriate conduct and direction of scientific research and the construction of legal categories and rights. This article demonstrates that these conflicts also have profound impacts on the politics of science and technology, and particularly approaches to relevant knowledge and expertise. Humanities, social scientific, legal, and lay knowledge asserted themselves through the establishment of human genetics research and battles over the ownership of biological materials and data. However, US political culture-which favors technical and market knowledge-constrained their authority. Cross-national comparison highlights this finding, as other jurisdictions have been more inclusive in their approaches to science and technology governance. Copyright © 2024 by the author(s).

Author Keywords: bioethics; data sovereignty; expertise; genomics; innovation; patents",abstract_plus_keywords,1,0,0,0,participants
muestras:Muestras:63,muestras,Muestras,"Responsive and Responsible Science, Technology, and Innovation for Global Health","In contrast to the millennium development goals (MDGs), the sustainable development goals (SDGs) entail a universal and equitable approach to global health by defining health problems as multidimensional issues. SDG3, which aims to “ensure healthy lives and promote well‐being for all at all ages,” targets a broad range of communicable diseases, mother and child health, noncommunicable diseases, mental health, substance abuse, traffic accidents, and health threats from hazardous environmental pollution, and to that end suggests supporting research and development of appropriate technology. This chapter will review how science, technology and innovation (STI) are conceptualized in the SDGs and how they are assumed to tackle health inequalities. Inspired by insights from science and technology studies, and using examples from the authors’ ethnographic studies on development and implementation of point-of-care diagnostics and development of cookstoves, it will discuss what the challenges are with the way in which STI is conceptualized in SDG policies. Based on these analyses, the authors propose a responsive and responsible approach to STI that is based on a thick description of the different stakeholder settings involved and of their perceptions and needs; takes the coproduction of knowledge, innovation, and society into consideration; and continuously reflects on the (un-)intended consequences. © Oxford University Press 2020. All rights reserved.",2020,10.1093/oso/9780190949501.003.0015,Tipo 5 CM,Tipo 5 - Constructivismo moderado,tipo_5_constructivismo_moderado,directo,Approved direct legacy label for the canonical Arbor contract.,False,True,responsive and responsible science technology and innovation for global health,10.1093/oso/9780190949501.003.0015,adfb1b957706230ec740de055043c39a6e3ace7314ca10593943fc2bb1dfe804,empirico,empirico,cualitativo,False,,Ethnographic studies; Global health; Health; Health inequalities; SDG policies; STI,"Accidents; Engineering research; Health risks; Sustainable development; Sustainable development goals; Children healths; Communicable disease; Ethnographic study; Global health; Health inequality; Millennium development goals; Science technologies; Science, technology and innovation; Sustainable development goal policy; Well being; Environmental technology",True,True,"In contrast to the millennium development goals (MDGs), the sustainable development goals (SDGs) entail a universal and equitable approach to global health by defining health problems as multidimensional issues. SDG3, which aims to “ensure healthy lives and promote well‐being for all at all ages,” targets a broad range of communicable diseases, mother and child health, noncommunicable diseases, mental health, substance abuse, traffic accidents, and health threats from hazardous environmental pollution, and to that end suggests supporting research and development of appropriate technology. This chapter will review how science, technology and innovation (STI) are conceptualized in the SDGs and how they are assumed to tackle health inequalities. Inspired by insights from science and technology studies, and using examples from the authors’ ethnographic studies on development and implementation of point-of-care diagnostics and development of cookstoves, it will discuss what the challenges are with the way in which STI is conceptualized in SDG policies. Based on these analyses, the authors propose a responsive and responsible approach to STI that is based on a thick description of the different stakeholder settings involved and of their perceptions and needs; takes the coproduction of knowledge, innovation, and society into consideration; and continuously reflects on the (un-)intended consequences. © Oxford University Press 2020. All rights reserved.

Author Keywords: Ethnographic studies; Global health; Health; Health inequalities; SDG policies; STI | Index Keywords: Accidents; Engineering research; Health risks; Sustainable development; Sustainable development goals; Children healths; Communicable disease; Ethnographic study; Global health; Health inequality; Millennium development goals; Science technologies; Science, technology and innovation; Sustainable development goal policy; Well being; Environmental technology",abstract_plus_keywords,3,1,2,0,conceptual | ethnograph | ethnographic
muestras:Muestras:64,muestras,Muestras,"Actor-Network Theory, ANTi-History and critical organizational historiography","The article describes what we have come to call ANTi-History, which entails the development of actor-network theory (ANT) as a critical approach to organizational historiography. It proceeds through four sections: 1) a review of the call for critical organizational historiography to establish the need for ANTi-History; 2) an overview of ANT to identify its potential to contribute to critical organizational historiography; 3) a development of ANT insights into an ANTi-History, through engagement with cultural theory historiography, and the sociology of knowledge; and 4) an account of the potential contribution of ANTi-History to critical management studies. © The Author(s) 2011.",2012,10.1177/1350508411420196,Tipo 6 CF - R,Tipo 6 - Constructivismo fuerte / relativismo,tipo_6_constructivismo_fuerte_relativismo,directo,Approved direct legacy label for the canonical Arbor contract.,False,True,actor network theory anti history and critical organizational historiography,10.1177/1350508411420196,7f5f71b55737d78f86d9af393a247bbf39e34ef2758a34c42e9dbe23def2cbd6,NN,NN,,False,,actor-network theory; ANTi-History; critical management studies; historiography; history; the historic turn,,True,True,"The article describes what we have come to call ANTi-History, which entails the development of actor-network theory (ANT) as a critical approach to organizational historiography. It proceeds through four sections: 1) a review of the call for critical organizational historiography to establish the need for ANTi-History; 2) an overview of ANT to identify its potential to contribute to critical organizational historiography; 3) a development of ANT insights into an ANTi-History, through engagement with cultural theory historiography, and the sociology of knowledge; and 4) an account of the potential contribution of ANTi-History to critical management studies. © The Author(s) 2011.

Author Keywords: actor-network theory; ANTi-History; critical management studies; historiography; history; the historic turn",abstract_plus_keywords,0,0,0,0,
muestras:Muestras:65,muestras,Muestras,Human dimensions in modelling prices of building projects,"This paper supplements and extends consideration of quantitative models with application to building (costs and) prices by examining human elements inherent in modelling. In considering the concepts of modelling, attention is focused on the recently developed sociology of science, which questions the traditional perspective of total separation of a reality from the observer—the ‘objective’ basis of scientific positivism. It is argued that human activities are fundamental in, and inseparable from, reality and so, they are integral in modelling. The aim of modelling should be to enhance understanding and knowledge rather than to secure inert objectivity. Application to modelling of prices of building projects investigates how prices are formulated, which prices are commonly modelled and the impact of the decision-makers involved. It is concluded that new models are required, perhaps developed through methodological pluralism, which identify people-oriented variables and assumptions explicitly. Further, the models should be stochastic and with sound bases in theories of economics and human behaviour to ensure that users are aware of the major variabilities in the processes modelled and so, by realistically informing, promote better decision making. © 2000, MCB UP Limited",2000,10.1108/eb021159,Tipo 3 AE,Tipo 3 - Antirrealismo epistemologico,tipo_3_antirrealismo_epistemologico,directo,Approved direct legacy label for the canonical Arbor contract.,False,True,human dimensions in modelling prices of building projects,10.1108/eb021159,4b294af7b5806e3ef7654c8732d5f14c9104726b89eb1acbfd1b747c0320ebb7,empirico,empirico,cuantitativo,False,,Costs and prices; Human behaviour; Modelling; Research methods,,True,True,"This paper supplements and extends consideration of quantitative models with application to building (costs and) prices by examining human elements inherent in modelling. In considering the concepts of modelling, attention is focused on the recently developed sociology of science, which questions the traditional perspective of total separation of a reality from the observer—the ‘objective’ basis of scientific positivism. It is argued that human activities are fundamental in, and inseparable from, reality and so, they are integral in modelling. The aim of modelling should be to enhance understanding and knowledge rather than to secure inert objectivity. Application to modelling of prices of building projects investigates how prices are formulated, which prices are commonly modelled and the impact of the decision-makers involved. It is concluded that new models are required, perhaps developed through methodological pluralism, which identify people-oriented variables and assumptions explicitly. Further, the models should be stochastic and with sound bases in theories of economics and human behaviour to ensure that users are aware of the major variabilities in the processes modelled and so, by realistically informing, promote better decision making. © 2000, MCB UP Limited

Author Keywords: Costs and prices; Human behaviour; Modelling; Research methods",abstract_plus_keywords,3,1,0,2,modelling | perspective | quantitative
muestras:Muestras:66,muestras,Muestras,Technological determinism in educational technology research: Some alternative ways of thinking about the relationship between learning and technology,"This paper argues that research on the educational uses of technology frequently overemphasizes the influence of technology. Research in the field is considered a form of critical perspective, and assumptions about technology are questioned. Technological determinism is introduced, and different positions on this concept are identified. These are used to discuss the ways in which work within the field might be described as technologically deterministic. Four theoretical perspectives (activity theory, communities of practice, actor-network theory, and the social construction of technology) are then briefly characterized, demonstrating that alternative positions are viable, and positioning each in relation to the earlier discussion of technological determinism. The paper concludes by arguing that research, building on such alternative conceptions of technology, is important in developing our understanding of the relationship between technology and learning, as well as identifying potential methodological implications. © 2011 Blackwell Publishing Ltd.",2011,10.1111/j.1365-2729.2011.00406.x,Tipo 2 RC,Tipo 2 - Realismo moderado / critico,tipo_2_realismo_moderado_critico,fusionado,Approved alias merge into canonical Type 2.,False,True,technological determinism in educational technology research some alternative ways of thinking about the relationship between learning and technology,10.1111/j.1365-2729.2011.00406.x,52a1be6ad72f36305004b23f8f998741b9de253bef3b7a71c91b26dad851fe5a,no_empirico,no_empirico,,False,,Affordance; Educational technology; Science and technology studies; Technological determinism,,True,True,"This paper argues that research on the educational uses of technology frequently overemphasizes the influence of technology. Research in the field is considered a form of critical perspective, and assumptions about technology are questioned. Technological determinism is introduced, and different positions on this concept are identified. These are used to discuss the ways in which work within the field might be described as technologically deterministic. Four theoretical perspectives (activity theory, communities of practice, actor-network theory, and the social construction of technology) are then briefly characterized, demonstrating that alternative positions are viable, and positioning each in relation to the earlier discussion of technological determinism. The paper concludes by arguing that research, building on such alternative conceptions of technology, is important in developing our understanding of the relationship between technology and learning, as well as identifying potential methodological implications. © 2011 Blackwell Publishing Ltd.

Author Keywords: Affordance; Educational technology; Science and technology studies; Technological determinism",abstract_plus_keywords,0,2,0,0,perspective | theoretical
muestras:Muestras:67,muestras,Muestras,The politics of (un)counting international migration in Senegal and the Gambia,"Since the European ‘migration crisis’ in 2015, various actors in politics, media and science have called for better data as a basis to efficiently manage migration. This includes a rising demand for more reliable, timely and comparable statistics on the international movement of people, especially on the African continent. International Organizations (IOs) have responded by offering various forms of ‘capacity building’ to their member states. The article looks at the development of statistical knowledge production in Senegal and the Gambia, exploring how interventions by IOs have changed statistical data practices in West Africa. West Africa is a particularly interesting case because, until recently, most post-colonial states did not generate census or survey data on questions of international migration, citizenship or ethnicity. Drawing on recent works in Science and Technology Studies on the performative power of numbers and categories, the article argues that changing data practices have enacted multiple conflicting migration realities in West Africa. Looking at IOs’ epistemic interventions in Senegal and the Gambia, the article offers insights into the ontological politics of counting and categorizing migration in a post-colonial context. It also contributes to a better understanding of the co-production of statistical knowledge and programs of migration management. © 2024 Informa UK Limited, trading as Taylor & Francis Group.",2024,10.1080/1369183X.2024.2307770,Tipo 5 CM,Tipo 5 - Constructivismo moderado,tipo_5_constructivismo_moderado,directo,Approved direct legacy label for the canonical Arbor contract.,False,True,the politics of un counting international migration in senegal and the gambia,10.1080/1369183x.2024.2307770,7ae764ab73b6078138ab810ab80c02dd6aa405b3c4a45f8dfe075247b979005b,empirico,empirico,cuantitativo,False,,international organizations; migration management; Migration statistics; politics of knowledge; West Africa,Gambia; Senegal; capacity building; international migration; international organization; knowledge; statistical analysis,True,True,"Since the European ‘migration crisis’ in 2015, various actors in politics, media and science have called for better data as a basis to efficiently manage migration. This includes a rising demand for more reliable, timely and comparable statistics on the international movement of people, especially on the African continent. International Organizations (IOs) have responded by offering various forms of ‘capacity building’ to their member states. The article looks at the development of statistical knowledge production in Senegal and the Gambia, exploring how interventions by IOs have changed statistical data practices in West Africa. West Africa is a particularly interesting case because, until recently, most post-colonial states did not generate census or survey data on questions of international migration, citizenship or ethnicity. Drawing on recent works in Science and Technology Studies on the performative power of numbers and categories, the article argues that changing data practices have enacted multiple conflicting migration realities in West Africa. Looking at IOs’ epistemic interventions in Senegal and the Gambia, the article offers insights into the ontological politics of counting and categorizing migration in a post-colonial context. It also contributes to a better understanding of the co-production of statistical knowledge and programs of migration management. © 2024 Informa UK Limited, trading as Taylor & Francis Group.

Author Keywords: international organizations; migration management; Migration statistics; politics of knowledge; West Africa | Index Keywords: Gambia; Senegal; capacity building; international migration; international organization; knowledge; statistical analysis",abstract_plus_keywords,4,0,0,2,statistical | survey
muestras:Muestras:68,muestras,Muestras,"Hayek at the Santa Fe Institute: Origins, Models, and Organization of the Cradle of Complexity Sciences","Complexity sciences are one of the most mediatized scientific fields of the last 40 years. While this domain has attracted the attention of many philosophers of science, its normative views have not yet been the object of any systematic study. This article is a contribution to the thin social science literature about complexity sciences and proposes a contribution focused on an analysis of the origins, models, and organization of the Santa Fe Institute (SFI), cradle of the field. The paper defends the thesis that the notion of “complex adaptive systems” bears a project of naturalization of society through numerical and evolutionary lenses by promoting a Darwinian and capitalist view of the economy. At the same time, such a view has been embodied in the very way of functioning of the institute, which was conceived as an agile organization in a competitive environment and which relies on a fundraising philosophy that tends to commodify science. From a theoretical viewpoint, this text is anchored in the field of Science and Technology Studies and particularly in the coproductionist paradigm, which theorizes the dynamic entanglement of science and society. In terms of empirical sources, the article is based on interviews conducted by the author, and on the SFI's scientific publications as well as institutional archives. © 2022, The Author(s). Published by Brepols Publishers.",2022,10.1484/J.CNT.5.131461,Tipo 2 RC,Tipo 2 - Realismo moderado / critico,tipo_2_realismo_moderado_critico,fusionado,Approved alias merge into canonical Type 2.,False,True,hayek at the santa fe institute origins models and organization of the cradle of complexity sciences,10.1484/j.cnt.5.131461,29b1e36064ac4f5fcbb4b90e34eefb851fa4e15efe161fab4e4d758e12a05d90,empirico,empirico,cualitativo,False,,Complex systems; Coproduction; Darwin; Hayek; Schumpeter; Science and Technology Studies,,True,True,"Complexity sciences are one of the most mediatized scientific fields of the last 40 years. While this domain has attracted the attention of many philosophers of science, its normative views have not yet been the object of any systematic study. This article is a contribution to the thin social science literature about complexity sciences and proposes a contribution focused on an analysis of the origins, models, and organization of the Santa Fe Institute (SFI), cradle of the field. The paper defends the thesis that the notion of “complex adaptive systems” bears a project of naturalization of society through numerical and evolutionary lenses by promoting a Darwinian and capitalist view of the economy. At the same time, such a view has been embodied in the very way of functioning of the institute, which was conceived as an agile organization in a competitive environment and which relies on a fundraising philosophy that tends to commodify science. From a theoretical viewpoint, this text is anchored in the field of Science and Technology Studies and particularly in the coproductionist paradigm, which theorizes the dynamic entanglement of science and society. In terms of empirical sources, the article is based on interviews conducted by the author, and on the SFI's scientific publications as well as institutional archives. © 2022, The Author(s). Published by Brepols Publishers.

Author Keywords: Complex systems; Coproduction; Darwin; Hayek; Schumpeter; Science and Technology Studies",abstract_plus_keywords,3,1,1,0,empirical | interview | theoretical
muestras:Muestras:69,muestras,Muestras,The science of religion and the sociology of knowledge: Some methodological questions,"Ambitiously undertaking to develop a strategy for making the study of religion ""scientific,"" Ninian Smart tackles a set of interrelated issues that bear importantly on the status of religion as an academic discipline. He draws a clear distinction between studying religion and ""doing theology,"" and considers how phenomenological method may be used in investigating objects of religious attitudes without presupposing the existence of God or gods. He goes on to criticize projectionist theories of religion (notably Berger's) and theories of rationality in both religion and anthropology. On this basis he builds a theory of religious dynamics which gives religious ideas and entities an autonomous place in the sociology of knowledge. His overall purpose is thus ""to indicate ways forward in the study of religion which free it from being crypto-apologetics or elevating poetry."" © 1973 by Ninian Smart. All rights reserved.",2015,,Tipo 1 RF,Tipo 1 - Realismo fuerte,tipo_1_realismo_fuerte,directo,Approved direct legacy label for the canonical Arbor contract.,False,True,the science of religion and the sociology of knowledge some methodological questions,,3d139f1e37b13aa3619a72c0a10bf25d91a75c063c32a4edb2d1db9594d2b42f,NN,NN,,False,,,,False,False,"Ambitiously undertaking to develop a strategy for making the study of religion ""scientific,"" Ninian Smart tackles a set of interrelated issues that bear importantly on the status of religion as an academic discipline. He draws a clear distinction between studying religion and ""doing theology,"" and considers how phenomenological method may be used in investigating objects of religious attitudes without presupposing the existence of God or gods. He goes on to criticize projectionist theories of religion (notably Berger's) and theories of rationality in both religion and anthropology. On this basis he builds a theory of religious dynamics which gives religious ideas and entities an autonomous place in the sociology of knowledge. His overall purpose is thus ""to indicate ways forward in the study of religion which free it from being crypto-apologetics or elevating poetry."" © 1973 by Ninian Smart. All rights reserved.",abstract_plus_keywords,0,0,0,0,
muestras:Muestras:70,muestras,Muestras,"Fleck, anatomical drawings and early modern history.","In 2003, the historian of medicine Michael Stolberg, contested the argument--developed by Thomas Laqueur and Londa Schiebinger--that in the XVIII century, anatomists shifted from a one-sex to a two-sexes model. Laqueur and Schiebinger linked the new focus on anatomical differences between the sexes to the rise of egalitarian aspirations during the Enlightenment, and a consecutive need to ground male domination in invariable ""laws of nature"". Stolberg claimed that the shift to the two sexes model occurred in the early modern period, and was mainly motivated by developments within medicine. This article examines the 2003 debate on the origin of ""two sexes"" model in the light of a 1939 controversy that opposed the historian of medicine Tadeusz Bilikiewicz, who advocated a focus on a ""spirit"" of an earlier epoch, and the pioneer of sociology of science Ludwik Fleck, who promoted the study of the ""thought styles"" of specific scientific communities.",2008,,Tipo 6 CF - R,Tipo 6 - Constructivismo fuerte / relativismo,tipo_6_constructivismo_fuerte_relativismo,directo,Approved direct legacy label for the canonical Arbor contract.,False,True,fleck anatomical drawings and early modern history,,ffab7f5814ae66ab3dc5b74f1f6c70925fdcf045e5d8b88e11eb6c9ecef274b3,NN,NN,,False,,,"Anatomy, Artistic; Dissent and Disputes; Female; History, 17th Century; History, 18th Century; History, 19th Century; History, 20th Century; History, 21st Century; Humans; Male; Medical Illustration; Sex Characteristics; anatomy; article; conflict; female; history; human; male; medical illustration; sexual development",True,True,"In 2003, the historian of medicine Michael Stolberg, contested the argument--developed by Thomas Laqueur and Londa Schiebinger--that in the XVIII century, anatomists shifted from a one-sex to a two-sexes model. Laqueur and Schiebinger linked the new focus on anatomical differences between the sexes to the rise of egalitarian aspirations during the Enlightenment, and a consecutive need to ground male domination in invariable ""laws of nature"". Stolberg claimed that the shift to the two sexes model occurred in the early modern period, and was mainly motivated by developments within medicine. This article examines the 2003 debate on the origin of ""two sexes"" model in the light of a 1939 controversy that opposed the historian of medicine Tadeusz Bilikiewicz, who advocated a focus on a ""spirit"" of an earlier epoch, and the pioneer of sociology of science Ludwik Fleck, who promoted the study of the ""thought styles"" of specific scientific communities.

Index Keywords: Anatomy, Artistic; Dissent and Disputes; Female; History, 17th Century; History, 18th Century; History, 19th Century; History, 20th Century; History, 21st Century; Humans; Male; Medical Illustration; Sex Characteristics; anatomy; article; conflict; female; history; human; male; medical illustration; sexual development",abstract_plus_keywords,0,0,0,0,
muestras:Muestras:71,muestras,Muestras,Technology and time,"Across the social sciences and humanities there is a strong resurgence of interest in the impact of digital technology on the contemporary experience of time. The widespread belief is that ubiquitous connectivity technologies are causing a time-pressure epidemic, speeding up everyday life. This chapter will bring a much needed sociological perspective to bear on digital temporalities. Having situated claims about the acceleration society in a historical context, the chapter critiques technologically determinist accounts. By contrast, science and technology studies conceptualize time as fundamentally sociotechnical or sociomaterial. The chapter then explores how the experience of time is structured by institutions, such as work and family, and varies across social cleavages such as gender and class. The chapter concludes with a discussion of Silicon Valley's culture of optimization, which feeds the obsession with time control, efficiency, and speed. © Oxford University Press 2022. All rights reserved.",2020,10.1093/oxfordhb/9780197510636.013.3,Tipo 6 CF - R,Tipo 6 - Constructivismo fuerte / relativismo,tipo_6_constructivismo_fuerte_relativismo,directo,Approved direct legacy label for the canonical Arbor contract.,False,True,technology and time,10.1093/oxfordhb/9780197510636.013.3,f464e6436bc7720568ad7c3478df6dc60a77a692c107ea277e94ffec4405c5b7,no_empirico,no_empirico,,False,,Acceleration; Connectivity; Silicon valley; Technology; Temporality,Connectivity; Digital technologies; Optimisations; Science and technology studies; Silicon valley; Sociotechnical; Technology; Temporality; Time control; Time pressures; Acceleration,True,True,"Across the social sciences and humanities there is a strong resurgence of interest in the impact of digital technology on the contemporary experience of time. The widespread belief is that ubiquitous connectivity technologies are causing a time-pressure epidemic, speeding up everyday life. This chapter will bring a much needed sociological perspective to bear on digital temporalities. Having situated claims about the acceleration society in a historical context, the chapter critiques technologically determinist accounts. By contrast, science and technology studies conceptualize time as fundamentally sociotechnical or sociomaterial. The chapter then explores how the experience of time is structured by institutions, such as work and family, and varies across social cleavages such as gender and class. The chapter concludes with a discussion of Silicon Valley's culture of optimization, which feeds the obsession with time control, efficiency, and speed. © Oxford University Press 2022. All rights reserved.

Author Keywords: Acceleration; Connectivity; Silicon valley; Technology; Temporality | Index Keywords: Connectivity; Digital technologies; Optimisations; Science and technology studies; Silicon valley; Sociotechnical; Technology; Temporality; Time control; Time pressures; Acceleration",abstract_plus_keywords,0,2,0,0,conceptual | perspective
muestras:Muestras:72,muestras,Muestras,Who's invading what? Systems thinking about invasive species,"While invasive plant species have dramatic and varied effects, this paper examines the focus of this symposium on their ""threat to native biodiversity and ecosystems"". This claim implies that there is (i) an enduring something, (ii) it is native, and (iii) it is under threat from invasive species. I examine these implications in turn, first considering the role of the observer in invasion biology, particularly in preferring a nature characterized by stability rather than flux. Second, I examine the concept of ""native"" given that humans are thoroughly embedded within ecological systems. Third, I demonstrate how our exclusion of humans conditions us to consider invasive species a primary threat rather than one among many interacting causal agents of global change; in particular, recent evidence indicates that these agents, which include human-caused disturbances and global warming (not to mention human population growth and global trade), may overwhelm the effects of invasive species per se. For these and other reasons, some ecologists have argued that ecological change is inevitable and that our concerns about invasive species are unjustified. I discuss these issues and suggest ways for ecologists to conduct engaged research through appropriate advocacy and engagement with stakeholders dealing with local invasive species.",2007,10.4141/CJPS07116,Tipo 5 CM,Tipo 5 - Constructivismo moderado,tipo_5_constructivismo_moderado,directo,Approved direct legacy label for the canonical Arbor contract.,False,True,who s invading what systems thinking about invasive species,10.4141/cjps07116,4e9b383ddcdc6ccfd695d4a67532ab6ecb0e1c3383235a16f5f79004d0038541,NN,NN,,False,,Advocacy; Culture; Philosophy of nature; Sociology of science,anthropogenic effect; biodiversity; biological invasion; environmental disturbance; global warming; invasive species; native species,True,True,"While invasive plant species have dramatic and varied effects, this paper examines the focus of this symposium on their ""threat to native biodiversity and ecosystems"". This claim implies that there is (i) an enduring something, (ii) it is native, and (iii) it is under threat from invasive species. I examine these implications in turn, first considering the role of the observer in invasion biology, particularly in preferring a nature characterized by stability rather than flux. Second, I examine the concept of ""native"" given that humans are thoroughly embedded within ecological systems. Third, I demonstrate how our exclusion of humans conditions us to consider invasive species a primary threat rather than one among many interacting causal agents of global change; in particular, recent evidence indicates that these agents, which include human-caused disturbances and global warming (not to mention human population growth and global trade), may overwhelm the effects of invasive species per se. For these and other reasons, some ecologists have argued that ecological change is inevitable and that our concerns about invasive species are unjustified. I discuss these issues and suggest ways for ecologists to conduct engaged research through appropriate advocacy and engagement with stakeholders dealing with local invasive species.

Author Keywords: Advocacy; Culture; Philosophy of nature; Sociology of science | Index Keywords: anthropogenic effect; biodiversity; biological invasion; environmental disturbance; global warming; invasive species; native species",abstract_plus_keywords,0,0,0,0,
muestras:Muestras:73,muestras,Muestras,Technical Work and Critical Inquiry: Investigations in a Scientific Laboratory,"Critical studies of science reject the programmatic separation between technical and social aspects of science. By analyzing the social history of controversies, the rhetoric of scientific discourse, and informal aspects of laboratory work, recent studies have attempted to demonstrate that the objective products of scientific research are fraught with social contingency. The present paper agrees that the products of scientific activity are inextricable from the social contexts of their production, but raises the further question of how the relevance of any of the potentially endless varieties of social contingency is to be established in concrete instances of scientific work. Commonly, social studies of science specify such contingent relationships by relying on the established methods of the social science disciplines, while ignoring the fact that the natural scientific disciplines studied themselves include inquiries which specify such relationships as a necessary part of their ordinary practice. The alternative recommended here is to take an ethnomethodological approach. The distinguishing feature of the latter approach is that it recognizes the analytic primacy of context-specifying activities which occur at the sites of natural scientific inquiries. A transcript of conversation in a neuroscience lab is analyzed to show how `critical inquiry' operates as a practical feature of natural science research rather than being a privilege of professional social scientists. © 1982, SAGE Publications. All rights reserved.",1982,10.1177/030631282012004002,Tipo 6 CF - R,Tipo 6 - Constructivismo fuerte / relativismo,tipo_6_constructivismo_fuerte_relativismo,directo,Approved direct legacy label for the canonical Arbor contract.,False,True,technical work and critical inquiry investigations in a scientific laboratory,10.1177/030631282012004002,103db6628af6fea90fbeb3591b57ffcf4c87886291b81cfa6ff0da62a843d436,NN,NN,,False,,,,False,False,"Critical studies of science reject the programmatic separation between technical and social aspects of science. By analyzing the social history of controversies, the rhetoric of scientific discourse, and informal aspects of laboratory work, recent studies have attempted to demonstrate that the objective products of scientific research are fraught with social contingency. The present paper agrees that the products of scientific activity are inextricable from the social contexts of their production, but raises the further question of how the relevance of any of the potentially endless varieties of social contingency is to be established in concrete instances of scientific work. Commonly, social studies of science specify such contingent relationships by relying on the established methods of the social science disciplines, while ignoring the fact that the natural scientific disciplines studied themselves include inquiries which specify such relationships as a necessary part of their ordinary practice. The alternative recommended here is to take an ethnomethodological approach. The distinguishing feature of the latter approach is that it recognizes the analytic primacy of context-specifying activities which occur at the sites of natural scientific inquiries. A transcript of conversation in a neuroscience lab is analyzed to show how `critical inquiry' operates as a practical feature of natural science research rather than being a privilege of professional social scientists. © 1982, SAGE Publications. All rights reserved.",abstract_plus_keywords,0,0,0,0,
muestras:Muestras:74,muestras,Muestras,The production of laboratory scientists: Negotiating membership and (re)producing culture,"This ethnographic work is about the recruitment and enculturation of novice scientists in the laboratory. Interviews and participant observation were conducted in a biochemistry research lab at a small liberal arts college. I take a predominantly interpretive approach and ask the question of how novice scientists make sense of their decisions and behaviors as they gain membership into the laboratory and the community of scientists. Revising the value-neutral and the structure-centered depiction of science, I represent novice scientists as agents who are subjected to their sociohistorical positionalities but also who consciously maneuver with purpose and agenda. Novice scientists’ attempts to strategize and negotiate access to resources are epitomized by the culture of cold emailing. Additionally, I elucidate a process of how prospective medical students later gravitate to careers in science. While many initially anticipate a career in medicine, high retention in science has been observed when quality mentorship, friendly workplace culture, and supportive family members are present. I also present episodes of normative, value-laden practices—and how novices engage with them—to capture the cosmology of scientists. I make the interpretation that the becoming of scientists is a rite of passage facilitated by behavioral habituation and values imprinting, via which cultural norms are transmitted and reproduced. Copyright © 2022 Zhang.",2022,10.3389/feduc.2022.1000905,Tipo 6 CF - R,Tipo 6 - Constructivismo fuerte / relativismo,tipo_6_constructivismo_fuerte_relativismo,directo,Approved direct legacy label for the canonical Arbor contract.,False,True,the production of laboratory scientists negotiating membership and re producing culture,10.3389/feduc.2022.1000905,4d057162061a0516ecc15a5f551c3db192d7e221d1fed5244243ea3c54d6def7,empirico,empirico,cualitativo,False,,anthropology and sociology of science; ethnography; habitus; laboratory; science and technology studies; science education,,True,True,"This ethnographic work is about the recruitment and enculturation of novice scientists in the laboratory. Interviews and participant observation were conducted in a biochemistry research lab at a small liberal arts college. I take a predominantly interpretive approach and ask the question of how novice scientists make sense of their decisions and behaviors as they gain membership into the laboratory and the community of scientists. Revising the value-neutral and the structure-centered depiction of science, I represent novice scientists as agents who are subjected to their sociohistorical positionalities but also who consciously maneuver with purpose and agenda. Novice scientists’ attempts to strategize and negotiate access to resources are epitomized by the culture of cold emailing. Additionally, I elucidate a process of how prospective medical students later gravitate to careers in science. While many initially anticipate a career in medicine, high retention in science has been observed when quality mentorship, friendly workplace culture, and supportive family members are present. I also present episodes of normative, value-laden practices—and how novices engage with them—to capture the cosmology of scientists. I make the interpretation that the becoming of scientists is a rite of passage facilitated by behavioral habituation and values imprinting, via which cultural norms are transmitted and reproduced. Copyright © 2022 Zhang.

Author Keywords: anthropology and sociology of science; ethnography; habitus; laboratory; science and technology studies; science education",abstract_plus_keywords,6,0,4,0,ethnograph | ethnographic | interview | participant observation
muestras:Muestras:75,muestras,Muestras,How does e-government work?,"In the lens of science and technology studies, we explore the non-deterministic and emergent properties of e-Government. In particular, we argue that e-Government is a socio-technical system and therefore we use a theoretical scaffolding platform and a meta-theory to understand the behavior of e-Government. Based on systems thinking modeling, we propose a new model to understand the dynamics and the continuous change of e-Government structures. Whether this change is endogenous or exogenous, the need for transformative strategies and better e-Government models is indispensable. The proposed model emphasizes that e-Government is not linear and changes over time and provides a methodology to find an answer to the difficult question ""How does e-Government Work? © 2017 ACM.",2017,10.1145/3047273.3047310,Tipo 5 CM,Tipo 5 - Constructivismo moderado,tipo_5_constructivismo_moderado,directo,Approved direct legacy label for the canonical Arbor contract.,False,True,how does e government work,10.1145/3047273.3047310,3309c42c5a5b2fbb0b7ce8beb7cb6fda72e5df4223fec061d7f7d79e5e20d8ed,empirico,empirico,cuantitativo,False,,Actor-network theory; E-government model; Socio-technical systems; Systems thinking,Scaffolds; Social sciences computing; System theory; Actor network theory; E-governments; Emergent property; Meta-theory; Science and technology studies; Sociotechnical systems; Systems thinking; Government data processing,True,True,"In the lens of science and technology studies, we explore the non-deterministic and emergent properties of e-Government. In particular, we argue that e-Government is a socio-technical system and therefore we use a theoretical scaffolding platform and a meta-theory to understand the behavior of e-Government. Based on systems thinking modeling, we propose a new model to understand the dynamics and the continuous change of e-Government structures. Whether this change is endogenous or exogenous, the need for transformative strategies and better e-Government models is indispensable. The proposed model emphasizes that e-Government is not linear and changes over time and provides a methodology to find an answer to the difficult question ""How does e-Government Work? © 2017 ACM.

Author Keywords: Actor-network theory; E-government model; Socio-technical systems; Systems thinking | Index Keywords: Scaffolds; Social sciences computing; System theory; Actor network theory; E-governments; Emergent property; Meta-theory; Science and technology studies; Sociotechnical systems; Systems thinking; Government data processing",abstract_plus_keywords,2,1,0,1,modeling | theoretical
muestras:Muestras:76,muestras,Muestras,"An inquiry into the digitisation of border and migration management: performativity, contestation and heterogeneous engineering","This article is concerned with the digitisation of border security and migration management. Illustrated through an encounter between a migrant and the Visa Information System (VIS)–one of the largest migration-related biometric databases worldwide–the article’s first part outlines three implications of digitisation. We argue that the VIS assembles a set of previously unconnected state authorities into a group of end users who enact border security and migration management through the gathering, processing and sharing of data; facilitates the practice of traceability, understood as a rationality of mobility control; and has restrictive effects on migrants’ capacity to manoeuvre and resist control. Given these implications, the article’s second part introduces three analytical sensitivities that help to avoid some analytical traps when studying digitisation processes. These sensitivities take their cue from insights and concepts in science and technology studies (STS), specifically material semiotics/ANT approaches. They concern, firstly, the ways that data-based security practices perform the identities of the individuals that they target; secondly, the need to consider possible practices of subversion by migrants to avoid control-biased analyses; and finally, the challenge to study the design and development of border security technologies without falling into either technological or socio-political determinism. © 2020 The Author(s). Published by Informa UK Limited, trading as Taylor & Francis Group.",2021,10.1080/01436597.2020.1807929,Tipo 2 RC,Tipo 2 - Realismo moderado / critico,tipo_2_realismo_moderado_critico,fusionado,Approved alias merge into canonical Type 2.,False,True,an inquiry into the digitisation of border and migration management performativity contestation and heterogeneous engineering,10.1080/01436597.2020.1807929,3e8eb42c720aba62a4e64096a2687f44733d7f05b50cac87fee1f82ba9aa4da0,NN,NN,,False,,biometrics; borders; migration management; mobility control; science and technology studies (STS); Visa Information System (VIS),biometry; border region; database; immigrant; management; migration; science and technology,True,True,"This article is concerned with the digitisation of border security and migration management. Illustrated through an encounter between a migrant and the Visa Information System (VIS)–one of the largest migration-related biometric databases worldwide–the article’s first part outlines three implications of digitisation. We argue that the VIS assembles a set of previously unconnected state authorities into a group of end users who enact border security and migration management through the gathering, processing and sharing of data; facilitates the practice of traceability, understood as a rationality of mobility control; and has restrictive effects on migrants’ capacity to manoeuvre and resist control. Given these implications, the article’s second part introduces three analytical sensitivities that help to avoid some analytical traps when studying digitisation processes. These sensitivities take their cue from insights and concepts in science and technology studies (STS), specifically material semiotics/ANT approaches. They concern, firstly, the ways that data-based security practices perform the identities of the individuals that they target; secondly, the need to consider possible practices of subversion by migrants to avoid control-biased analyses; and finally, the challenge to study the design and development of border security technologies without falling into either technological or socio-political determinism. © 2020 The Author(s). Published by Informa UK Limited, trading as Taylor & Francis Group.

Author Keywords: biometrics; borders; migration management; mobility control; science and technology studies (STS); Visa Information System (VIS) | Index Keywords: biometry; border region; database; immigrant; management; migration; science and technology",abstract_plus_keywords,0,0,0,0,
muestras:Muestras:77,muestras,Muestras,The Destiny of Atomism in the Modern Science and the Structural Realism,"This article deals with Plato’s (mathematical) version of ancient atomism which in many respects anticipated the ideas of modern physics. The author relates mathematical atomism to so-called structural realism—which is now considered by many philosophers of science as the most defensible form of scientific realism. It is supposed in the paper that the association of structural realism with Plato’s atomism would make it possible to take out the latter from the sphere of speculative natural philosophy of antiquity and to place it in the frames of rational discussions about the structure of being. It is assumed that this association might clarify the problem of effectiveness of mathematics in scientific cognition. © 2016 Informa UK Limited, trading as Taylor & Francis Group.",2017,10.1080/02691728.2016.1227396,Tipo 1 RF,Tipo 1 - Realismo fuerte,tipo_1_realismo_fuerte,directo,Approved direct legacy label for the canonical Arbor contract.,False,True,the destiny of atomism in the modern science and the structural realism,10.1080/02691728.2016.1227396,9f5aec7c460db8d4e93d0ba663430690da03f420694aec493af7d944e486ab9f,NN,NN,,False,,Argument of Pessimistic Induction; Contemporary Atomism; Cultural Context; Effectiveness of Mathematics in Scientific Cognition; Inner Logic of the Development of Science; Plato’s (mathematical) Atomism; Sociology of Scientific Knowledge; Structural Realism; Theory-change,,True,True,"This article deals with Plato’s (mathematical) version of ancient atomism which in many respects anticipated the ideas of modern physics. The author relates mathematical atomism to so-called structural realism—which is now considered by many philosophers of science as the most defensible form of scientific realism. It is supposed in the paper that the association of structural realism with Plato’s atomism would make it possible to take out the latter from the sphere of speculative natural philosophy of antiquity and to place it in the frames of rational discussions about the structure of being. It is assumed that this association might clarify the problem of effectiveness of mathematics in scientific cognition. © 2016 Informa UK Limited, trading as Taylor & Francis Group.

Author Keywords: Argument of Pessimistic Induction; Contemporary Atomism; Cultural Context; Effectiveness of Mathematics in Scientific Cognition; Inner Logic of the Development of Science; Plato’s (mathematical) Atomism; Sociology of Scientific Knowledge; Structural Realism; Theory-change",abstract_plus_keywords,0,0,0,0,
muestras:Muestras:78,muestras,Muestras,Tropical marine sciences: Knowledge production in a web of path dependencies,"Scientific agenda setting is critical at all levels of research, but can be strongly influenced by structural path dependencies of the science system itself. In this article we examine how knowledge production is shaped by interconnected path dependencies using the field of tropical marine sciences as a global case study. We use scientometric analysis methods on an original data set of 1328 peer-reviewed journal publications to examine publication trends including a co-authorship network analysis, links between author origin and research locations as well as a quantitative analysis of terminology use over space (i.e., region) and time. Scientometric findings are analytically discussed through a conceptual framework premised on theories of path dependency. Findings and critical analysis highlight how tropical marine science provides a prominent global example of how North American, European and Australian science programs predominantly shape knowledge production of the global science system, generating critical reflection on the path dependencies these create on current and likely future knowledge production and science agendas. Similar dependencies face other fields of science, and thus this study provides broadly relevant quantitative observational empirical findings supplemented with a critical social science analysis of how a transcultural Science and Technology Studies lens is useful for unpacking the webs of path dependencies driving, inhibiting and/ or shaping global knowledge production, placing meaning and context over observed empirical trends. © 2020 Partelow et al. This is an open access article distributed under the terms of the Creative Commons Attribution License, which permits unrestricted use, distribution, and reproduction in any medium, provided the original author and source are credited.",2020,10.1371/journal.pone.0228613,Tipo 2 RC,Tipo 2 - Realismo moderado / critico,tipo_2_realismo_moderado_critico,fusionado,Approved alias merge into canonical Type 2.,False,True,tropical marine sciences knowledge production in a web of path dependencies,10.1371/journal.pone.0228613,877b0ef48effcb4bdc8e0af9796b40f1bb7379a6776cc9caf6dbb02146edbb8b,empirico,empirico,cuantitativo,False,,,Australia; Authorship; Bibliometrics; Biomedical Research; Cultural Characteristics; Europe; Humans; Knowledge; North America; Publications; article; conceptual framework; human; nomenclature; quantitative analysis; sociology; writing; Australia; bibliometrics; cultural factor; Europe; knowledge; medical research; North America; publication,True,True,"Scientific agenda setting is critical at all levels of research, but can be strongly influenced by structural path dependencies of the science system itself. In this article we examine how knowledge production is shaped by interconnected path dependencies using the field of tropical marine sciences as a global case study. We use scientometric analysis methods on an original data set of 1328 peer-reviewed journal publications to examine publication trends including a co-authorship network analysis, links between author origin and research locations as well as a quantitative analysis of terminology use over space (i.e., region) and time. Scientometric findings are analytically discussed through a conceptual framework premised on theories of path dependency. Findings and critical analysis highlight how tropical marine science provides a prominent global example of how North American, European and Australian science programs predominantly shape knowledge production of the global science system, generating critical reflection on the path dependencies these create on current and likely future knowledge production and science agendas. Similar dependencies face other fields of science, and thus this study provides broadly relevant quantitative observational empirical findings supplemented with a critical social science analysis of how a transcultural Science and Technology Studies lens is useful for unpacking the webs of path dependencies driving, inhibiting and/ or shaping global knowledge production, placing meaning and context over observed empirical trends. © 2020 Partelow et al. This is an open access article distributed under the terms of the Creative Commons Attribution License, which permits unrestricted use, distribution, and reproduction in any medium, provided the original author and source are credited.

Index Keywords: Australia; Authorship; Bibliometrics; Biomedical Research; Cultural Characteristics; Europe; Humans; Knowledge; North America; Publications; article; conceptual framework; human; nomenclature; quantitative analysis; sociology; writing; Australia; bibliometrics; cultural factor; Europe; knowledge; medical research; North America; publication",abstract_plus_keywords,11,2,1,4,bibliometric | case study | conceptual | conceptual framework | data set | empirical | network analysis | quantitative | scientometric | this study
muestras:Muestras:79,muestras,Muestras,Professional credibility cycles in education: Constructing trust and expertise in a regulated state school system,"Experts must adapt to immediate circumstances when managing impressions and be able to reassert credibility and exercise authority when performing professionalism. A credible professional is constructed, applied, and recognized locally as well as relationally, particularly within the context of careers in bureaucratic structures. Few studies investigate professional credibility through processual approaches assessing experts’ testimony and practice in situ as they manage their careers over a period of time. We examine the cycles of professional credibility in a rural elementary state school in Brazil, focusing on how credibility is constructed, applied, and recognized in highly regulated bureaucratic systems. We use the “credit cycle” framework from science and technology studies to analyze education professionals’ positions, career paths, and group dynamics. Our ethnographic approach included participant observation, document analysis, audio-visual data collection, and interviews with education workers. We used event-related phases and narrative analysis to analyze data and uncover insights into professional credibility, expanding the concept of the credit cycle beyond laboratories to include primary education professionals and managers. We consider how individual professional credibility is enacted by producing report cards and educational projects within what is a highly regulated educational system. What is “critical” in our research is a critique of the approach to the bureaucratization of professions that suggests that the outcome is “de-professionalization” or “proletarianization.” Our research findings highlight professional credibility’s relational, transactional, dynamic, and cyclical nature and offer practical insights for understanding and enhancing expertise in bureaucratic settings. Future studies should apply the credit cycle to other professional contexts. © The Author(s) 2025.",2025,10.1177/13505084251321024,Tipo 2 RC,Tipo 2 - Realismo moderado / critico,tipo_2_realismo_moderado_critico,fusionado,Approved alias merge into canonical Type 2.,False,True,professional credibility cycles in education constructing trust and expertise in a regulated state school system,10.1177/13505084251321024,3604383dad709fb9b1ce2d607badc4e6f4616c184f0e13aa9dbbff7c2b469fae,empirico,empirico,cualitativo,False,,bureaucratic systems; credit cycle; education professionals; expertise; primary education; Professional credibility; professional credibility cycles; professional project; professions; trustworthiness,,True,True,"Experts must adapt to immediate circumstances when managing impressions and be able to reassert credibility and exercise authority when performing professionalism. A credible professional is constructed, applied, and recognized locally as well as relationally, particularly within the context of careers in bureaucratic structures. Few studies investigate professional credibility through processual approaches assessing experts’ testimony and practice in situ as they manage their careers over a period of time. We examine the cycles of professional credibility in a rural elementary state school in Brazil, focusing on how credibility is constructed, applied, and recognized in highly regulated bureaucratic systems. We use the “credit cycle” framework from science and technology studies to analyze education professionals’ positions, career paths, and group dynamics. Our ethnographic approach included participant observation, document analysis, audio-visual data collection, and interviews with education workers. We used event-related phases and narrative analysis to analyze data and uncover insights into professional credibility, expanding the concept of the credit cycle beyond laboratories to include primary education professionals and managers. We consider how individual professional credibility is enacted by producing report cards and educational projects within what is a highly regulated educational system. What is “critical” in our research is a critique of the approach to the bureaucratization of professions that suggests that the outcome is “de-professionalization” or “proletarianization.” Our research findings highlight professional credibility’s relational, transactional, dynamic, and cyclical nature and offer practical insights for understanding and enhancing expertise in bureaucratic settings. Future studies should apply the credit cycle to other professional contexts. © The Author(s) 2025.

Author Keywords: bureaucratic systems; credit cycle; education professionals; expertise; primary education; Professional credibility; professional credibility cycles; professional project; professions; trustworthiness",abstract_plus_keywords,7,0,5,0,document analysis | ethnograph | ethnographic | interview | participant observation
muestras:Muestras:80,muestras,Muestras,Testimony and the Value of Knowledge,"This chapter gives substance to the idea of a 'communitarian value-driven epistemology' by developing and combining ideas from Edward Craig's and Bernard Williams' 'epistemic genealogy' and Barry Barnes' and Steven Shapin's 'sociology of knowledge'. In order to make transparent how this project might slot into more familiar, or more mainstream, projects, the paper maintains throughout a critical dialogue with Jon Kvanvig's position. The chapter is structured around an attempt to defend Craig's position against Kvanvig's criticisms: by treating the institution of testimony as a collective good underwritten by the intrinsic and interrelated values of accuracy and sincerity; by rendering protoknowledge attributions as ascriptions of honour; and by allowing attributions of protoknowledge to be intertwined with attributions of freedom. The view that emerges is that the core of our knowledge practices comprises institutions of testimony, and that these practices are a collective good. © the several contributors 2009. All rights reserved.",2009,10.1093/acprof:oso/9780199231188.003.0004,Tipo 6 CF - R,Tipo 6 - Constructivismo fuerte / relativismo,tipo_6_constructivismo_fuerte_relativismo,directo,Approved direct legacy label for the canonical Arbor contract.,False,True,testimony and the value of knowledge,10.1093/acprof:oso/9780199231188.003.0004,9fcdfe2eae06f2ca07a77a7870d71f4ee25c2bab1a0a69ea6c31dfd104f298ac,NN,NN,,False,,Barry Barnes; Bernard Williams; Collective goods; Edward Craig; Genealogy; Kvanvig; Sociology of knowledge; Steven Shapin; Testimony; Value-driven epistemology,,True,True,"This chapter gives substance to the idea of a 'communitarian value-driven epistemology' by developing and combining ideas from Edward Craig's and Bernard Williams' 'epistemic genealogy' and Barry Barnes' and Steven Shapin's 'sociology of knowledge'. In order to make transparent how this project might slot into more familiar, or more mainstream, projects, the paper maintains throughout a critical dialogue with Jon Kvanvig's position. The chapter is structured around an attempt to defend Craig's position against Kvanvig's criticisms: by treating the institution of testimony as a collective good underwritten by the intrinsic and interrelated values of accuracy and sincerity; by rendering protoknowledge attributions as ascriptions of honour; and by allowing attributions of protoknowledge to be intertwined with attributions of freedom. The view that emerges is that the core of our knowledge practices comprises institutions of testimony, and that these practices are a collective good. © the several contributors 2009. All rights reserved.

Author Keywords: Barry Barnes; Bernard Williams; Collective goods; Edward Craig; Genealogy; Kvanvig; Sociology of knowledge; Steven Shapin; Testimony; Value-driven epistemology",abstract_plus_keywords,0,0,0,0,
muestras:Muestras:81,muestras,Muestras,Patchwork surveillance and accountability labor: China's Health Code Systems during COVID-19,"Contact-tracing systems emerging during the COVID-19 pandemic, represented by China's Health Code Systems (HCSs), are commonly portrayed as top-down, data-driven, seamless, and automatic surveillance systems. In contrast, drawing on science and technology studies (STS) insights, this article examines the practical, open-ended, relational, and bottom-up dynamics of contact-tracing and surveillance systems, focusing on street-level state actors and their accountability labor involved in the HCSs. Based on interviews and documentary analysis conducted between 2020 and 2022 across multiple localities, we reveal that HCSs were less like systems but more like a sociotechnical assemblage that is contingently shaped and maintained by heterogeneous actors, power positions, meanings and interests, actions and performances, and types of labor. In particular, street-level state actors, who have high stakes in the party-state system and face huge top-down accountability pressure, treated the HCSs less as a surveillance tool but more as a tool for practicing, performing, and eluding accountability labor. In turn, via interacting with the HCSs, tech giants, local telecommunication subcontractors, and citizens, they demonstrate their competence in the administrative function, avoid scrutiny and punishment, and protect their political careers. This article paints a realistic picture of conflicts and disconnections within surveillance systems. It highlights the often-overlooked role of street-level state actors in shaping such systems in contingent and unintended ways. Further, it reveals how the surveillance-oriented narratives and assumptions and the practical reality, while misaligned with each other, work together to make citizens passively and actively comply with uncertain and outrageous control. © The Author(s) 2026. This article is distributed under the terms of the Creative Commons Attribution-NonCommercial 4.0 License (https://creativecommons.org/licenses/by-nc/4.0/) which permits non-commercial use, reproduction and distribution of the work without further permission provided the original work is attributed as specified on the SAGE and Open Access page (https://us.sagepub.com/en-us/nam/open-access-at-sage).",2026,10.1177/20539517261419359,Tipo 5 CM,Tipo 5 - Constructivismo moderado,tipo_5_constructivismo_moderado,directo,Approved direct legacy label for the canonical Arbor contract.,False,True,patchwork surveillance and accountability labor china s health code systems during covid 19,10.1177/20539517261419359,6e9cbd33f6d725c8e50af7db78e929ff563320c0575db6d762753a0cc2548bf9,empirico,empirico,cualitativo,False,,accountability labor; assemblages; China; Contact-tracing; street-level state actors; surveillance-oriented narratives and assumptions,Codes (symbols); Employment; Professional aspects; Accountability labor; Assemblage; China; Code system; Contact tracing; Data driven; Street-level state actor; Surveillance systems; Surveillance-oriented narrative and assumption; Topdown; Security systems,True,True,"Contact-tracing systems emerging during the COVID-19 pandemic, represented by China's Health Code Systems (HCSs), are commonly portrayed as top-down, data-driven, seamless, and automatic surveillance systems. In contrast, drawing on science and technology studies (STS) insights, this article examines the practical, open-ended, relational, and bottom-up dynamics of contact-tracing and surveillance systems, focusing on street-level state actors and their accountability labor involved in the HCSs. Based on interviews and documentary analysis conducted between 2020 and 2022 across multiple localities, we reveal that HCSs were less like systems but more like a sociotechnical assemblage that is contingently shaped and maintained by heterogeneous actors, power positions, meanings and interests, actions and performances, and types of labor. In particular, street-level state actors, who have high stakes in the party-state system and face huge top-down accountability pressure, treated the HCSs less as a surveillance tool but more as a tool for practicing, performing, and eluding accountability labor. In turn, via interacting with the HCSs, tech giants, local telecommunication subcontractors, and citizens, they demonstrate their competence in the administrative function, avoid scrutiny and punishment, and protect their political careers. This article paints a realistic picture of conflicts and disconnections within surveillance systems. It highlights the often-overlooked role of street-level state actors in shaping such systems in contingent and unintended ways. Further, it reveals how the surveillance-oriented narratives and assumptions and the practical reality, while misaligned with each other, work together to make citizens passively and actively comply with uncertain and outrageous control. © The Author(s) 2026. This article is distributed under the terms of the Creative Commons Attribution-NonCommercial 4.0 License (https://creativecommons.org/licenses/by-nc/4.0/) which permits non-commercial use, reproduction and distribution of the work without further permission provided the original work is attributed as specified on the SAGE and Open Access page (https://us.sagepub.com/en-us/nam/open-access-at-sage).

Author Keywords: accountability labor; assemblages; China; Contact-tracing; street-level state actors; surveillance-oriented narratives and assumptions | Index Keywords: Codes (symbols); Employment; Professional aspects; Accountability labor; Assemblage; China; Code system; Contact tracing; Data driven; Street-level state actor; Surveillance systems; Surveillance-oriented narrative and assumption; Topdown; Security systems",abstract_plus_keywords,3,0,2,0,documentary analysis | interview
muestras:Muestras:82,muestras,Muestras,The Institutionalization of Kübler-Ross’s Five-Stage Model of Death and Dying,"Kübler-Ross’s five-stage model of death and dying—denial, anger, bargaining, depression, and acceptance—is one of the most popular theoretical models to come out of the 20th century. How did an obscure theory of the dying process come to dominate our understanding of emotional processes altogether? Building on previous work in the sociology of knowledge, I analyze the diffusion and institutionalization of Kübler-Ross’s five-stage model in scientific and journalistic fields. Specifically, I analyze all 3216 citations of Kübler-Ross in the New York Times and the Web of Science database using qualitative and quantitative text analysis. I demonstrate how early scientific interest and commercial promotion led to adoption in popular culture, and document how the five-stage model expanded to cover everything from rent prices to COVID-19. I also argue that renewed interest in Kübler-Ross’s work may signal contemporary attempts to mine the tradition for meaningful understandings of death and dying. © The Author(s) 2022.",2024,10.1177/00302228221098893,Tipo 5 CM,Tipo 5 - Constructivismo moderado,tipo_5_constructivismo_moderado,directo,Approved direct legacy label for the canonical Arbor contract.,False,True,the institutionalization of kubler ross s five stage model of death and dying,10.1177/00302228221098893,535a2ff497d1f87c8a63d4b263a695c5b44a02909b1e3898fd80646b7837d98c,empirico,empirico,,True,conflicting_cues,cultural sociology; death; diffusion; institutionalization; text analysis,"Attitude to Death; COVID-19; Death; Depression; History, 20th Century; Humans; Models, Psychological; attitude to death; coronavirus disease 2019; death; depression; history; human; psychological model; psychology",True,True,"Kübler-Ross’s five-stage model of death and dying—denial, anger, bargaining, depression, and acceptance—is one of the most popular theoretical models to come out of the 20th century. How did an obscure theory of the dying process come to dominate our understanding of emotional processes altogether? Building on previous work in the sociology of knowledge, I analyze the diffusion and institutionalization of Kübler-Ross’s five-stage model in scientific and journalistic fields. Specifically, I analyze all 3216 citations of Kübler-Ross in the New York Times and the Web of Science database using qualitative and quantitative text analysis. I demonstrate how early scientific interest and commercial promotion led to adoption in popular culture, and document how the five-stage model expanded to cover everything from rent prices to COVID-19. I also argue that renewed interest in Kübler-Ross’s work may signal contemporary attempts to mine the tradition for meaningful understandings of death and dying. © The Author(s) 2022.

Author Keywords: cultural sociology; death; diffusion; institutionalization; text analysis | Index Keywords: Attitude to Death; COVID-19; Death; Depression; History, 20th Century; Humans; Models, Psychological; attitude to death; coronavirus disease 2019; death; depression; history; human; psychological model; psychology",abstract_plus_keywords,2,1,1,1,qualitative | quantitative | theoretical
muestras:Muestras:83,muestras,Muestras,GENETIC SCIENCE AND NEW DIGITAL TECHNOLOGIES: Science and Technology Studies and Health Praxis,"From health tracking to diet apps to biohacking, technology is changing how we relate to our material, embodied selves. Drawing from a range of disciplines and case studies, this volume looks at what makes these health and genetic technologies unique and explores the representation, communication and internalization of health knowledge. Showcasing how power and inequality are reflected and reproduced by these technologies, discourses and practices, this book will be a go-to resource for scholars in science and technology studies as well as those who study the intersection of race, gender, socio-economic status, sexuality and health. © Bristol University Press 2023.",2023,,Tipo 5 CM,Tipo 5 - Constructivismo moderado,tipo_5_constructivismo_moderado,directo,Approved direct legacy label for the canonical Arbor contract.,False,True,genetic science and new digital technologies science and technology studies and health praxis,,50e718f4f17414b632dbd3bac84636ae7e9bfe464beb47d596715a811eba8173,NN,NN,,False,,,Case-studies; Digital technologies; Genetic technology; Health technology; Power; Science and technology studies; Socio-economic status,True,True,"From health tracking to diet apps to biohacking, technology is changing how we relate to our material, embodied selves. Drawing from a range of disciplines and case studies, this volume looks at what makes these health and genetic technologies unique and explores the representation, communication and internalization of health knowledge. Showcasing how power and inequality are reflected and reproduced by these technologies, discourses and practices, this book will be a go-to resource for scholars in science and technology studies as well as those who study the intersection of race, gender, socio-economic status, sexuality and health. © Bristol University Press 2023.

Index Keywords: Case-studies; Digital technologies; Genetic technology; Health technology; Power; Science and technology studies; Socio-economic status",abstract_plus_keywords,0,0,0,0,
muestras:Muestras:84,muestras,Muestras,Equitable technology development: A framework and methods for scientists and engineers,"Equity requires a rethinking of the processes and methods that applied scientists and engineers work through as they develop solutions that are simultaneously technical and social. By bridging insights from science and technology studies with critical analysis of participatory development practice, we propose a framework for understanding equitable technology development. We explore this through an illustrative case of water monitoring technology development, undertaken with scientists, engineers and communities in Vanuatu. Analysis suggests a typology of five methodological considerations that are significant for the practice of equitable technology development, locating equitable technology development as both a technical and an ethical challenge. © 2025 The Author(s)",2025,10.1016/j.sftr.2025.100451,Tipo 2 RM,Tipo 2 - Realismo moderado / critico,tipo_2_realismo_moderado_critico,fusionado,Approved alias merge into canonical Type 2.,False,True,equitable technology development a framework and methods for scientists and engineers,10.1016/j.sftr.2025.100451,455daa79ad9ca4fc92e3fb37415f1d6ee2ce58e9d73c3e3239c6e5c4e60374d3,NN,NN,,False,,Equity; Innovation processes; Knowledge; Power; Technology development; Transdisciplinary methods,,True,True,"Equity requires a rethinking of the processes and methods that applied scientists and engineers work through as they develop solutions that are simultaneously technical and social. By bridging insights from science and technology studies with critical analysis of participatory development practice, we propose a framework for understanding equitable technology development. We explore this through an illustrative case of water monitoring technology development, undertaken with scientists, engineers and communities in Vanuatu. Analysis suggests a typology of five methodological considerations that are significant for the practice of equitable technology development, locating equitable technology development as both a technical and an ethical challenge. © 2025 The Author(s)

Author Keywords: Equity; Innovation processes; Knowledge; Power; Technology development; Transdisciplinary methods",abstract_plus_keywords,0,0,0,0,
muestras:Muestras:85,muestras,Muestras,"HSS, the FBI, and the Unabomber","In the mid-1990s, efforts to identify the Unabomber brought HSS and the FBI into a brief collaborative relationship until the 1996 arrest of Theodore Kaczynski. This article explores this strange syzygy of organizations and individuals. In doing so, it considers Kaczynski's own writings about science and technology—most notably, his 1995 manifesto “Industrial Society and Its Future”—and places this against a backdrop of scholarly and popular writings, as well as the so-called Science Wars of that era. While uncomfortable to consider, Kaczynski’s manifesto is one of the most widely read documents about modern science and technology. One might even go so far as to say that Kaczynski was the most-read science and technology studies (STS) author of the 1990s. We also consider HSS’s collaboration with the FBI as well as the social responsibilities of historians of science then and now. © 2024 History of Science Society. All rights reserved.",2024,10.1086/731606,Tipo 2 RM,Tipo 2 - Realismo moderado / critico,tipo_2_realismo_moderado_critico,fusionado,Approved alias merge into canonical Type 2.,False,True,hss the fbi and the unabomber,10.1086/731606,c7ff558cea9d84e046e8f2e3dbf47fb714e05e004cbd622fc63b0c23f9f58fab,NN,NN,,False,,,,False,False,"In the mid-1990s, efforts to identify the Unabomber brought HSS and the FBI into a brief collaborative relationship until the 1996 arrest of Theodore Kaczynski. This article explores this strange syzygy of organizations and individuals. In doing so, it considers Kaczynski's own writings about science and technology—most notably, his 1995 manifesto “Industrial Society and Its Future”—and places this against a backdrop of scholarly and popular writings, as well as the so-called Science Wars of that era. While uncomfortable to consider, Kaczynski’s manifesto is one of the most widely read documents about modern science and technology. One might even go so far as to say that Kaczynski was the most-read science and technology studies (STS) author of the 1990s. We also consider HSS’s collaboration with the FBI as well as the social responsibilities of historians of science then and now. © 2024 History of Science Society. All rights reserved.",abstract_plus_keywords,0,0,0,0,
muestras:Muestras:86,muestras,Muestras,Bloor's bluff: Behaviourism and the Strong Programme,"The accumulated case studies in the Sociology of Scientific Knowledge have been taken to establish the Strong Programme’s thesis that beliefs have social causes in contradistinction to psychological ones. This externalism is essentially a commitment to the stimulus control of behaviour which was the principal tenet of orthodox Skinnerian Behaviorism. Offered as ‘straightforward scientific hypotheses’ these claims of social determination are asserted to be ‘beyond dispute’. However, the causes of beliefs and especially their contents has also been the subject of intense study in the quite different domain of cognitive science where internal states, images, rules, representations and schemas are postulated as explanatory constructs. Such explanations which postulate mental states are described by Bloor as infected by the ‘disease’ of ‘psychologism’ and Bloor has defined his Strong Programme in terms of its diametrical opposition to mentalistic theories. For example, Bloor has explicitly endorsed the Behaviourist rejection of mental representations such as images. Accordingly, a direct comparison of these radically divergent approaches to a common subject matter is of considerable interest. The paper attempts to reveal the unnoticed enormity and recidivism of the sociological programme, and how its vulnerability is betrayed in Bloor’s response to criticism on central issues. © 1991, Taylor & Francis Group, LLC. All rights reserved.",1991,10.1080/02698599108573397,Tipo 1 RF,Tipo 1 - Realismo fuerte,tipo_1_realismo_fuerte,directo,Approved direct legacy label for the canonical Arbor contract.,False,True,bloor s bluff behaviourism and the strong programme,10.1080/02698599108573397,e10f47c95490556d7418dc5a41e29b5ddc562a787868e1dba3b652852727a840,NN,NN,,False,,,,False,False,"The accumulated case studies in the Sociology of Scientific Knowledge have been taken to establish the Strong Programme’s thesis that beliefs have social causes in contradistinction to psychological ones. This externalism is essentially a commitment to the stimulus control of behaviour which was the principal tenet of orthodox Skinnerian Behaviorism. Offered as ‘straightforward scientific hypotheses’ these claims of social determination are asserted to be ‘beyond dispute’. However, the causes of beliefs and especially their contents has also been the subject of intense study in the quite different domain of cognitive science where internal states, images, rules, representations and schemas are postulated as explanatory constructs. Such explanations which postulate mental states are described by Bloor as infected by the ‘disease’ of ‘psychologism’ and Bloor has defined his Strong Programme in terms of its diametrical opposition to mentalistic theories. For example, Bloor has explicitly endorsed the Behaviourist rejection of mental representations such as images. Accordingly, a direct comparison of these radically divergent approaches to a common subject matter is of considerable interest. The paper attempts to reveal the unnoticed enormity and recidivism of the sociological programme, and how its vulnerability is betrayed in Bloor’s response to criticism on central issues. © 1991, Taylor & Francis Group, LLC. All rights reserved.",abstract_plus_keywords,0,0,0,0,
muestras:Muestras:87,muestras,Muestras,Tools of the game. Qualitative digital methodologies for the e-sports research; [Sprzęt do gry. Narzędzia do cyfrowych badań jakościowych w obszarze e-sportu],"This article adopts methodology from digital qualitative studies in order to discuss issues specific to e-sport research in the sociology of sport. The applied concepts are built on a critical dis-cussion of the existing theories and cases from the author’s fieldwork on e-sports among hackers. The employed theories and methods are taken from virtual ethnography, netnography, and digital ethnog-raphy. These approaches are discussed critically, especially regarding their relations with Science and Technology Studies and Communication and Media Studies. The paper advocates acknowledging the cognitive approach from virtual ethnography, while dropping the approach to virtuality in favor of other theories of spatiality, with the theory of infrastructure as the backbone. It discusses the usability of Kozinets’ netnographical genres and their potential differences, but proposes a more practical solution to autonetnography. Finally, it shows how different frameworks in digital ethnography can be used in the context of e-sport research. The last part of the article is devoted to some practical advice based on discussions and practice. © 2021, Lodz University Press. All rights reserved.",2021,10.18778/1733-8069.17.1.03,Tipo 5 CM,Tipo 5 - Constructivismo moderado,tipo_5_constructivismo_moderado,directo,Approved direct legacy label for the canonical Arbor contract.,False,True,tools of the game qualitative digital methodologies for the e sports research sprzet do gry narzedzia do cyfrowych badan jakosciowych w obszarze e sportu,10.18778/1733-8069.17.1.03,230fe41481083c16d516b5aa73b9d077cd06c9f8463cc982a14de2826168d1cc,empirico,empirico,cualitativo,False,,Digital sociology; E-sport research; Ethnography; Netnography; Sociology of sport,,True,True,"This article adopts methodology from digital qualitative studies in order to discuss issues specific to e-sport research in the sociology of sport. The applied concepts are built on a critical dis-cussion of the existing theories and cases from the author’s fieldwork on e-sports among hackers. The employed theories and methods are taken from virtual ethnography, netnography, and digital ethnog-raphy. These approaches are discussed critically, especially regarding their relations with Science and Technology Studies and Communication and Media Studies. The paper advocates acknowledging the cognitive approach from virtual ethnography, while dropping the approach to virtuality in favor of other theories of spatiality, with the theory of infrastructure as the backbone. It discusses the usability of Kozinets’ netnographical genres and their potential differences, but proposes a more practical solution to autonetnography. Finally, it shows how different frameworks in digital ethnography can be used in the context of e-sport research. The last part of the article is devoted to some practical advice based on discussions and practice. © 2021, Lodz University Press. All rights reserved.

Author Keywords: Digital sociology; E-sport research; Ethnography; Netnography; Sociology of sport",abstract_plus_keywords,5,0,4,0,digital ethnography | ethnograph | fieldwork | qualitative
muestras:Muestras:88,muestras,Muestras,"Theorising Cyber (In)Security: Information, Materiality, and Entropic Security","scrutinised for its compatibility with conventional security theories, concepts, and understandings, particularly with that of military security. This book, however, argues that cybersecurity differs profoundly from many other security sectors because of the ontological nature of ‘information’ that sits at the heart of this field. Through this new framework, the book investigates three key empirical challenges in cybersecurity that are co-produced by its informational ontology: (1) the disordered nature of cybersecurity and its tendency towards increasing insecurity as a manifestation of the intrinsic uncertainties in information systems; (2) the unpredictable and unintended consequences resulting from autonomous cyber-attacks that challenge human control of cybersecurity environments; and (3) the persistent harms engendered by ‘mundane’ cyber threats that do not fit within conventional understandings of existentiality in security theories. Through a detailed analysis of cybersecurity discourses and practices in the USA (2003-present), the book goes on to show how these complex cybersecurity challenges are better analysed and theorised through the new information-theoretic notion of ‘entropic security’. This book will be of much interest to students of cyber-security, critical security studies, science and technology studies and International Relations in general. © 2025 Noran Shafik Fouad. All rights reserved.",2024,10.4324/9781003454113,Tipo 5 CM,Tipo 5 - Constructivismo moderado,tipo_5_constructivismo_moderado,directo,Approved direct legacy label for the canonical Arbor contract.,False,True,theorising cyber in security information materiality and entropic security,10.4324/9781003454113,bd8162b49e7f29527865c538b4e5939bb189a4d4e518bcbf662a9d13cb902aac,empirico,empirico,,True,insufficient_evidence,,,False,False,"scrutinised for its compatibility with conventional security theories, concepts, and understandings, particularly with that of military security. This book, however, argues that cybersecurity differs profoundly from many other security sectors because of the ontological nature of ‘information’ that sits at the heart of this field. Through this new framework, the book investigates three key empirical challenges in cybersecurity that are co-produced by its informational ontology: (1) the disordered nature of cybersecurity and its tendency towards increasing insecurity as a manifestation of the intrinsic uncertainties in information systems; (2) the unpredictable and unintended consequences resulting from autonomous cyber-attacks that challenge human control of cybersecurity environments; and (3) the persistent harms engendered by ‘mundane’ cyber threats that do not fit within conventional understandings of existentiality in security theories. Through a detailed analysis of cybersecurity discourses and practices in the USA (2003-present), the book goes on to show how these complex cybersecurity challenges are better analysed and theorised through the new information-theoretic notion of ‘entropic security’. This book will be of much interest to students of cyber-security, critical security studies, science and technology studies and International Relations in general. © 2025 Noran Shafik Fouad. All rights reserved.",abstract_plus_keywords,1,0,0,0,empirical
muestras:Muestras:89,muestras,Muestras,"Alternatives and passages: English teaching, learning, and mingoville","While much research into serious games focus on following teaching and/or learning activities, and particularly the human and institutional actors involved in these, the central actors of game based learning research (i.e. the games) seldom get much attention (unless the focus is so-called ""technological""). This brief positioning paper takes point of departure in an ongoing postdoc project following circulations and establishments of www.mingoville.com, which is a virtual universe with game based elements developed for beginning English teaching and learning. The paper presents a Science and Technology Studies (STS) and Actor-Network-Theory (ANT) inspired approach to researching emerging passages between beginning English teaching and learning and Mingoville.",2010,,Tipo 6 CF - R,Tipo 6 - Constructivismo fuerte / relativismo,tipo_6_constructivismo_fuerte_relativismo,directo,Approved direct legacy label for the canonical Arbor contract.,False,True,alternatives and passages english teaching learning and mingoville,,7703d9092fd301b490fcc76262d69ac68cedd5da8f40775f1a8a07d9993d7500,NN,NN,,False,,ANT; Beginning English teaching and learning; Mingoville; Praxiography; Relational; Sociomaterial and processual research; STS; Virtual universe,Research; ANT; English teaching; Mingoville; Praxiography; Relational; STS; Virtual universe; Teaching,True,True,"While much research into serious games focus on following teaching and/or learning activities, and particularly the human and institutional actors involved in these, the central actors of game based learning research (i.e. the games) seldom get much attention (unless the focus is so-called ""technological""). This brief positioning paper takes point of departure in an ongoing postdoc project following circulations and establishments of www.mingoville.com, which is a virtual universe with game based elements developed for beginning English teaching and learning. The paper presents a Science and Technology Studies (STS) and Actor-Network-Theory (ANT) inspired approach to researching emerging passages between beginning English teaching and learning and Mingoville.

Author Keywords: ANT; Beginning English teaching and learning; Mingoville; Praxiography; Relational; Sociomaterial and processual research; STS; Virtual universe | Index Keywords: Research; ANT; English teaching; Mingoville; Praxiography; Relational; STS; Virtual universe; Teaching",abstract_plus_keywords,0,0,0,0,
muestras:Muestras:90,muestras,Muestras,From indicators to indicating interdisciplinarity: A participatory mapping methodology for research communities in-the-making,"This article discusses a project under development called “Inventing Indicators of Interdisciplinarity,” as an example of work in methodology development that combines quantitative methods with interpretative approaches in social and cultural research. Key to our project is the idea that Science and Technology Indicators not only have representative value, enabling empirical insight into fields of research and innovation but simultaneously have organizing capacity, as their deployment enables the curation of communities of interpretation. We begin with a discussion of concepts and methods for the analysis of interdisciplinarity in Science and Technology Studies (STS) and scientometrics, stressing that both fields recognize that interdisciplinarity is contested. To make possible a constructive exploration of interdisciplinarity as a contested—and transformative—phenomenon, we sketch out a methodological framework for the development and deployment of “engaging indicators.” We characterize this methodology of indicating as participatory, abductive, interactive, and informed by design, and emphasize that the method is inherently combinatory, as it brings together approaches from scientometrics, STS, and humanities research. In a final section, we test the potential of our approach in a pilot study of interdisciplinarity in AI, and offer reflections on digital mapping as a pathway towards indicating interdisciplinarity. © 2020 Noortje Marres and Sarah de Rijcke. Published under a Creative Commons Attribution 4.0 International (CC BY 4.0) license.",2020,10.1162/qss_a_00062,Tipo 5 CM,Tipo 5 - Constructivismo moderado,tipo_5_constructivismo_moderado,directo,Approved direct legacy label for the canonical Arbor contract.,False,True,from indicators to indicating interdisciplinarity a participatory mapping methodology for research communities in the making,10.1162/qss_a_00062,8f60e626fa483bbca3bc0b4709b6e731463016b488fb27ac5f1c0147b9e0d609,empirico,empirico,cuantitativo,False,,Digital cartography; Interdisciplinarity; Inventive methods; Participatory methods; Science and Technology Indicators; Science and Technology Studies,,True,True,"This article discusses a project under development called “Inventing Indicators of Interdisciplinarity,” as an example of work in methodology development that combines quantitative methods with interpretative approaches in social and cultural research. Key to our project is the idea that Science and Technology Indicators not only have representative value, enabling empirical insight into fields of research and innovation but simultaneously have organizing capacity, as their deployment enables the curation of communities of interpretation. We begin with a discussion of concepts and methods for the analysis of interdisciplinarity in Science and Technology Studies (STS) and scientometrics, stressing that both fields recognize that interdisciplinarity is contested. To make possible a constructive exploration of interdisciplinarity as a contested—and transformative—phenomenon, we sketch out a methodological framework for the development and deployment of “engaging indicators.” We characterize this methodology of indicating as participatory, abductive, interactive, and informed by design, and emphasize that the method is inherently combinatory, as it brings together approaches from scientometrics, STS, and humanities research. In a final section, we test the potential of our approach in a pilot study of interdisciplinarity in AI, and offer reflections on digital mapping as a pathway towards indicating interdisciplinarity. © 2020 Noortje Marres and Sarah de Rijcke. Published under a Creative Commons Attribution 4.0 International (CC BY 4.0) license.

Author Keywords: Digital cartography; Interdisciplinarity; Inventive methods; Participatory methods; Science and Technology Indicators; Science and Technology Studies",abstract_plus_keywords,4,0,0,2,empirical | quantitative | scientometric
muestras:Muestras:91,muestras,Muestras,Sociology - and its limits*,"This new sociology of knowledge begins with a new concept of ideology, the history of which Mannheim attempts to present. According to him, the ‘inner attitude’ first emerges in the political practice, which suspects the opponent’s ideas that merely disguises his own interests. The application of the general version of the total concept of ideology, which is of fundamental importance for Mannheim’s sociology of knowledge, does not imply the philosophical relativism. The Mannheim directly or indirectly attempts to describe the ‘essence’ that belongs to the metaphysical systems whose validity in his theory of ideology sets out to the challenge. Mannheim sees everything strictly in terms of the contrasts between finite and infinite truth. He can only be distinguish from those irresponsible philosophers whose blindness is caused by their remaining in a ‘higher realm’, in that he returns there with several pieces borrowed from the Marxist arsenal. © 1990 Volker Meja and Nico Stehr.",2014,10.4324/9781315763552-10,Tipo 2 RM,Tipo 2 - Realismo moderado / critico,tipo_2_realismo_moderado_critico,fusionado,Approved alias merge into canonical Type 2.,False,True,sociology and its limits,10.4324/9781315763552-10,3e0a8ef1de4978b6ef73387696d3d36a386eeccc024e8fa6b020a1ef7bc9b8b9,no_empirico,no_empirico,,False,,,,False,False,"This new sociology of knowledge begins with a new concept of ideology, the history of which Mannheim attempts to present. According to him, the ‘inner attitude’ first emerges in the political practice, which suspects the opponent’s ideas that merely disguises his own interests. The application of the general version of the total concept of ideology, which is of fundamental importance for Mannheim’s sociology of knowledge, does not imply the philosophical relativism. The Mannheim directly or indirectly attempts to describe the ‘essence’ that belongs to the metaphysical systems whose validity in his theory of ideology sets out to the challenge. Mannheim sees everything strictly in terms of the contrasts between finite and infinite truth. He can only be distinguish from those irresponsible philosophers whose blindness is caused by their remaining in a ‘higher realm’, in that he returns there with several pieces borrowed from the Marxist arsenal. © 1990 Volker Meja and Nico Stehr.",abstract_plus_keywords,0,1,0,0,philosophical
muestras:Muestras:92,muestras,Muestras,"Realism, reliabilism, and the 'strong programme' in the sociology of scientific knowledge","In this essay, I respond to Tim Lewens's proposal that realists and Strong Programme theorists can find common ground in reliabilism. I agree with Lewens, but point to difficulties in his argument. Chief among these is his assumption that reliabilism is incompatible with the Strong Programme's principle of symmetry. I argue that the two are, in fact, compatible, and that Lewens misses this fact because he wrongly supposes that reliabilism entails naturalism. The Strong Programme can fully accommodate a reliabilism which has been freed from its inessential ties to naturalism. Unlike naturalistic epistemologists, the Strong Programme's sociologistic reliabilist insists that all scientific facts are the product of both natural and social causal phenomena. Anticipating objections, I draw on Wittgenstein's rule-following considerations to explain how the sociologistic reliabilist can account for standard intuitions about the objective elements of knowledge. I also explain how the Strong Programme theorist can distinguish between a belief's seeming reliable and its being reliable. Ich setzte den Fuss in die Luft, und sie trug. (Hilde Domin). © 2008 Open Society Foundation.",2008,10.1080/02698590802280878,Tipo 6 CF - R,Tipo 6 - Constructivismo fuerte / relativismo,tipo_6_constructivismo_fuerte_relativismo,directo,Approved direct legacy label for the canonical Arbor contract.,False,True,realism reliabilism and the strong programme in the sociology of scientific knowledge,10.1080/02698590802280878,49999c1d53e9e46b9f1417e75df1bd5be422af85ddbc382692ba0096e5a79ee7,no_empirico,no_empirico,,False,,,,False,False,"In this essay, I respond to Tim Lewens's proposal that realists and Strong Programme theorists can find common ground in reliabilism. I agree with Lewens, but point to difficulties in his argument. Chief among these is his assumption that reliabilism is incompatible with the Strong Programme's principle of symmetry. I argue that the two are, in fact, compatible, and that Lewens misses this fact because he wrongly supposes that reliabilism entails naturalism. The Strong Programme can fully accommodate a reliabilism which has been freed from its inessential ties to naturalism. Unlike naturalistic epistemologists, the Strong Programme's sociologistic reliabilist insists that all scientific facts are the product of both natural and social causal phenomena. Anticipating objections, I draw on Wittgenstein's rule-following considerations to explain how the sociologistic reliabilist can account for standard intuitions about the objective elements of knowledge. I also explain how the Strong Programme theorist can distinguish between a belief's seeming reliable and its being reliable. Ich setzte den Fuss in die Luft, und sie trug. (Hilde Domin). © 2008 Open Society Foundation.",abstract_plus_keywords,0,1,0,0,essay
muestras:Muestras:93,muestras,Muestras,Navigating Non-Invitation: Pro-Vaccine Choice Communities Amidst Exclusion and Public Participation,"Between 2017 and 2021, specific health policy concerning vaccination in Italy contributed to the “non‐invitation” of pro-vaccine choice communities to decision‐making processes and public services with significant consequences for their societal life. This situation led to the emergence of new, often barely visible, participatory pathways. This article aims to examine the dynamics of exclusion and participation of pro‐vaccine choice communities in Italy, adopting a science and technology studies (STS) framework that allows us to explore how non‐invitation and participation are deeply entangled. Through digital ethnography and interviews, we investigate how individuals and communities navigate “non-invitation” and seek alternative avenues for participation. We observe their efforts to contest compulsory vaccination policies and legitimize their claims through political representation and independent scientific research. Despite facing stigmatization and marginalization, they employ various strategies to influence decision‐making processes. However, challenges persist due to public stigmatization and punitive measures. Our findings highlight the nuanced interplay between dissenting perspectives, exclusionary practices, and participatory strategies in public health debates. The study underscores the ambivalence of participatory processes in knowledge societies, where participation and non‐invitation often coexist, shaping the contours of public discourse and policy agendas. © 2025 by the author(s), licensed under a Creative Commons Attribution 4.0 International License (CC BY).",2025,10.17645/si.8966,Tipo 5 CM,Tipo 5 - Constructivismo moderado,tipo_5_constructivismo_moderado,directo,Approved direct legacy label for the canonical Arbor contract.,False,True,navigating non invitation pro vaccine choice communities amidst exclusion and public participation,10.17645/si.8966,49d1d3bcb299a6f3a7fa49dcc86fecdc9a2d20aab48d63767a3f5a822678e8ea,empirico,empirico,cualitativo,False,,non‐invitation; participation; social movements; vaccine hesitancy,,True,True,"Between 2017 and 2021, specific health policy concerning vaccination in Italy contributed to the “non‐invitation” of pro-vaccine choice communities to decision‐making processes and public services with significant consequences for their societal life. This situation led to the emergence of new, often barely visible, participatory pathways. This article aims to examine the dynamics of exclusion and participation of pro‐vaccine choice communities in Italy, adopting a science and technology studies (STS) framework that allows us to explore how non‐invitation and participation are deeply entangled. Through digital ethnography and interviews, we investigate how individuals and communities navigate “non-invitation” and seek alternative avenues for participation. We observe their efforts to contest compulsory vaccination policies and legitimize their claims through political representation and independent scientific research. Despite facing stigmatization and marginalization, they employ various strategies to influence decision‐making processes. However, challenges persist due to public stigmatization and punitive measures. Our findings highlight the nuanced interplay between dissenting perspectives, exclusionary practices, and participatory strategies in public health debates. The study underscores the ambivalence of participatory processes in knowledge societies, where participation and non‐invitation often coexist, shaping the contours of public discourse and policy agendas. © 2025 by the author(s), licensed under a Creative Commons Attribution 4.0 International License (CC BY).

Author Keywords: non‐invitation; participation; social movements; vaccine hesitancy",abstract_plus_keywords,5,1,3,0,digital ethnography | ethnograph | interview | perspective
muestras:Muestras:94,muestras,Muestras,Undone science: Charting social movement and civil society challenges to research agenda setting,"""Undone science"" refers to areas of research that are left unfunded, incomplete, or generally ignored but that social movements or civil society organizations often identify as worthy of more research. This study mobilizes four recent studies to further elaborate the concept of undone science as it relates to the political construction of research agendas. Using these cases, we develop the argument that undone science is part of a broader politics of knowledge, wherein multiple and competing groups struggle over the construction and implementation of alternative research agendas. Overall, the study demonstrates the analytic potential of the concept of undone science to deepen understanding of the systematic nonproduction of knowledge in the institutional matrix of state, industry, and social movements that is characteristic of recent calls for a ""new political sociology of science."". © 2010 The Author(s).",2010,10.1177/0162243909345836,Tipo 5 CM,Tipo 5 - Constructivismo moderado,tipo_5_constructivismo_moderado,directo,Approved direct legacy label for the canonical Arbor contract.,False,True,undone science charting social movement and civil society challenges to research agenda setting,10.1177/0162243909345836,c4e2c0c2b373c9abee7af516f946e40bdfe3dc15b51fd7d3c63cbb8e7ddb693c,empirico,empirico,,True,insufficient_evidence,Environmental health; Research agendas; Science policy; Social movements; Undone science,,True,True,"""Undone science"" refers to areas of research that are left unfunded, incomplete, or generally ignored but that social movements or civil society organizations often identify as worthy of more research. This study mobilizes four recent studies to further elaborate the concept of undone science as it relates to the political construction of research agendas. Using these cases, we develop the argument that undone science is part of a broader politics of knowledge, wherein multiple and competing groups struggle over the construction and implementation of alternative research agendas. Overall, the study demonstrates the analytic potential of the concept of undone science to deepen understanding of the systematic nonproduction of knowledge in the institutional matrix of state, industry, and social movements that is characteristic of recent calls for a ""new political sociology of science."". © 2010 The Author(s).

Author Keywords: Environmental health; Research agendas; Science policy; Social movements; Undone science",abstract_plus_keywords,1,0,0,0,this study
muestras:Muestras:95,muestras,Muestras,"Comparing nations in mass communication research, 1970-97: A Critical Assessment of How We Know What We Know","The purpose of this article is to assess critically, within the framework of the sociology of knowledge, how we come to know what we know in comparative international communication research. The point of departure is the collective output of comparative international communication enterprise - the published articles in six major communication journals through which theories, methods and findings have been diffused and the cumulated knowledge made possible during the past three decades. A major concern is the general pattern of methodological approaches and epistemological positions as manifested in the existing comparative international communication studies. The common patterns in comparative international communication research include lack of theoretical framework, non-equivalence of concepts and indicators, incomparability of units of analysis and unawareness of Galton's problem. © 2001, SAGE PUBLICATIONS. All rights reserved.",2001,10.1177/0016549201063005004,Tipo 2 RM,Tipo 2 - Realismo moderado / critico,tipo_2_realismo_moderado_critico,fusionado,Approved alias merge into canonical Type 2.,False,True,comparing nations in mass communication research 1970 97 a critical assessment of how we know what we know,10.1177/0016549201063005004,9bd41f103fb8c0de40bd6c3cd3c9a16bb4e66cd2b5c349e054fb1a977e77a773,no_empirico,no_empirico,,False,,comparative research; Galton's problem; international communication; sociology of knowledge,,True,True,"The purpose of this article is to assess critically, within the framework of the sociology of knowledge, how we come to know what we know in comparative international communication research. The point of departure is the collective output of comparative international communication enterprise - the published articles in six major communication journals through which theories, methods and findings have been diffused and the cumulated knowledge made possible during the past three decades. A major concern is the general pattern of methodological approaches and epistemological positions as manifested in the existing comparative international communication studies. The common patterns in comparative international communication research include lack of theoretical framework, non-equivalence of concepts and indicators, incomparability of units of analysis and unawareness of Galton's problem. © 2001, SAGE PUBLICATIONS. All rights reserved.

Author Keywords: comparative research; Galton's problem; international communication; sociology of knowledge",abstract_plus_keywords,0,1,0,0,theoretical
muestras:Muestras:96,muestras,Muestras,"“THE BEATLES WITH THE LOWER SCORE, IT BREAKS MY HEART”: Framing a media education response to datafication and algorithmic recommendations in digital media infrastructures","Individuals are now deeply engaged with digital infrastructures which present tailored content through recommendation algorithms. The importance and uncanniness of these digital infrastructures is of increasing concern. Despite their influence on media practices and the consumption of cultural goods, algorithmic operations remain largely opaque and little understood. This chapter will present a media education initiative that bridges theoretical contributions coming from media education scholars and science and technology studies. The initiative was built on a design-based approach and took the form of an educational pen-and-paper game called “In the Shoes of an Algorithm” leading participants to act as YouTube engineers and algorithms. The game was developed and tested over a dozen of two-hour-long recorded sessions with about 200 high school and university students, public and academic workers. The game was created both to discover and address the daily problems experienced by the public when interacting with recommendation algorithms. The game achieved two educational outcomes: understanding the importance of social data collected by these infrastructures and the entanglement of technical constraints and social objectives, achieved when designing computational rules. © 2022 selection and editorial matter, Luci Pangrazio, Julian Sefton-Green; individual chapters, the contributors.",2022,10.4324/9781003136842-8,Tipo 5 CM,Tipo 5 - Constructivismo moderado,tipo_5_constructivismo_moderado,directo,Approved direct legacy label for the canonical Arbor contract.,False,True,the beatles with the lower score it breaks my heart framing a media education response to datafication and algorithmic recommendations in digital media infrastructures,10.4324/9781003136842-8,b0f9f0c808ac63f143869d200aaba73b06496172585e6aa86dd321c3df45434c,,,,True,conflicting_cues,,,False,False,"Individuals are now deeply engaged with digital infrastructures which present tailored content through recommendation algorithms. The importance and uncanniness of these digital infrastructures is of increasing concern. Despite their influence on media practices and the consumption of cultural goods, algorithmic operations remain largely opaque and little understood. This chapter will present a media education initiative that bridges theoretical contributions coming from media education scholars and science and technology studies. The initiative was built on a design-based approach and took the form of an educational pen-and-paper game called “In the Shoes of an Algorithm” leading participants to act as YouTube engineers and algorithms. The game was developed and tested over a dozen of two-hour-long recorded sessions with about 200 high school and university students, public and academic workers. The game was created both to discover and address the daily problems experienced by the public when interacting with recommendation algorithms. The game achieved two educational outcomes: understanding the importance of social data collected by these infrastructures and the entanglement of technical constraints and social objectives, achieved when designing computational rules. © 2022 selection and editorial matter, Luci Pangrazio, Julian Sefton-Green; individual chapters, the contributors.",abstract_plus_keywords,1,1,0,0,participants | theoretical
muestras:Muestras:97,muestras,Muestras,Reconnecting Marketing to Markets,"This book proposes a novel research agenda for marketing to reconnect with markets. The historical link between marketing and markets, prevalent until the 1960s, gave way to a view of marketing as addressing generic rather than economic exchange. By focusing on generic exchange, marketing portrays itself as portable set of tools applicable to markets and non-markets alike. This book challenges this view, proposing instead a close examination of what makes exchanges economic in nature, and how economic exchanges aggregate to produce markets. By re-establishing the connection between marketing and markets, this book argues that marketing produces markets: marketing practices and theories play a significant role in the production of markets and in the configuration of the entities and phenomena that populate markets. The book brings together scholars from the fields of marketing, organization studies, economic sociology, and science and technology studies, who share an interest in markets as socio-technical constructions and the performative role of academic and lay theories in producing economic orderings. The chapters cover a wide range of empirical settings including consumption, traditional and online retailing, product development, category management, trading zones and obstacles to exchange, business associations and political actors, liberalized markets, loyalty schemes and competition rules, and Fair Trade goods. These chapters illustrate the variety of agents, beyond buyers and sellers, that partake in the construction of markets such as the specialist trade press, business associations, regulatory bodies, and NGOs. © Oxford University Press, 2010. All rights reserved.",2010,10.1093/acprof:oso/9780199578061.001.0001,Tipo 5 CM,Tipo 5 - Constructivismo moderado,tipo_5_constructivismo_moderado,directo,Approved direct legacy label for the canonical Arbor contract.,False,True,reconnecting marketing to markets,10.1093/acprof:oso/9780199578061.001.0001,74d76a3aff3a815b780ef91b48d97efbc497414fd10c0aa22f5e41083700ea55,empirico,empirico,,True,insufficient_evidence,Economic sociology; Exchange; Management; Marketing; Markets; Materiality; Performativity; Practices,,True,True,"This book proposes a novel research agenda for marketing to reconnect with markets. The historical link between marketing and markets, prevalent until the 1960s, gave way to a view of marketing as addressing generic rather than economic exchange. By focusing on generic exchange, marketing portrays itself as portable set of tools applicable to markets and non-markets alike. This book challenges this view, proposing instead a close examination of what makes exchanges economic in nature, and how economic exchanges aggregate to produce markets. By re-establishing the connection between marketing and markets, this book argues that marketing produces markets: marketing practices and theories play a significant role in the production of markets and in the configuration of the entities and phenomena that populate markets. The book brings together scholars from the fields of marketing, organization studies, economic sociology, and science and technology studies, who share an interest in markets as socio-technical constructions and the performative role of academic and lay theories in producing economic orderings. The chapters cover a wide range of empirical settings including consumption, traditional and online retailing, product development, category management, trading zones and obstacles to exchange, business associations and political actors, liberalized markets, loyalty schemes and competition rules, and Fair Trade goods. These chapters illustrate the variety of agents, beyond buyers and sellers, that partake in the construction of markets such as the specialist trade press, business associations, regulatory bodies, and NGOs. © Oxford University Press, 2010. All rights reserved.

Author Keywords: Economic sociology; Exchange; Management; Marketing; Markets; Materiality; Performativity; Practices",abstract_plus_keywords,1,0,0,0,empirical
muestras:Muestras:99,muestras,Muestras,The death of the Uppsala school: Towards a discourse-based paradigm?,"The key elements of the Uppsala school paradigm of the internationalization process of the firm are the historical context to which it applies and the micro-foundations that shape firm internationalization. Technological, institutional, and political developments of recent decades have fundamentally changed both the context of international business activities and the managerial practices that guide firm behavior. Consequent revisions of the model shifted its focus from ‘internationalization’ to ‘evolution’ in firms more generally, thereby undermining its relevance and paradigmatic status. This calls for a new conceptual basis and a ‘paradigm shift’ in research on the internationalization process of the firm. To promote this endeavor, this Counterpoint advocates the explicit adoption of historical perspectives, such as that of the original Uppsala studies, and methodologies, especially ‘archeological’ discourse analysis, as originally developed by Michel Foucault. Its aim is to understand the process of knowledge creation in specific societal contexts. Combined with social constructivist approaches to the sociology of knowledge, it could fruitfully be applied to the analysis of the formation and content of beliefs and practices regarding the efficacy of different internationalization strategies, as they have evolved in business firms and other relevant epistemic communities, such as those of professional experts or industries. © 2021, Academy of International Business.",2021,10.1057/s41267-020-00392-0,Tipo 6 CF - R,Tipo 6 - Constructivismo fuerte / relativismo,tipo_6_constructivismo_fuerte_relativismo,directo,Approved direct legacy label for the canonical Arbor contract.,False,True,the death of the uppsala school towards a discourse based paradigm,10.1057/s41267-020-00392-0,f8d8e99aedd66931d8af404c587a51d206e7e62e4265093de78aac71969ba855,no_empirico,no_empirico,,False,,discourse analysis; historical method; internationalization theories and foreign market entry theories; Uppsala model,,True,True,"The key elements of the Uppsala school paradigm of the internationalization process of the firm are the historical context to which it applies and the micro-foundations that shape firm internationalization. Technological, institutional, and political developments of recent decades have fundamentally changed both the context of international business activities and the managerial practices that guide firm behavior. Consequent revisions of the model shifted its focus from ‘internationalization’ to ‘evolution’ in firms more generally, thereby undermining its relevance and paradigmatic status. This calls for a new conceptual basis and a ‘paradigm shift’ in research on the internationalization process of the firm. To promote this endeavor, this Counterpoint advocates the explicit adoption of historical perspectives, such as that of the original Uppsala studies, and methodologies, especially ‘archeological’ discourse analysis, as originally developed by Michel Foucault. Its aim is to understand the process of knowledge creation in specific societal contexts. Combined with social constructivist approaches to the sociology of knowledge, it could fruitfully be applied to the analysis of the formation and content of beliefs and practices regarding the efficacy of different internationalization strategies, as they have evolved in business firms and other relevant epistemic communities, such as those of professional experts or industries. © 2021, Academy of International Business.

Author Keywords: discourse analysis; historical method; internationalization theories and foreign market entry theories; Uppsala model",abstract_plus_keywords,1,2,1,0,conceptual | discourse analysis | perspective
muestras:Muestras:100,muestras,Muestras,Women and science: Issues and perspectives in the Indian context,"The analyses of science from sociological, philosophical, and historical perspectives show that it is socially and culturally constructed in a large measure, and the norms and values of society and scientists reflect in the representation of knowledge. Ideologies of gender, nature, and science that arose in the seventeenth century supported the increasing split between a man's and women's worlds and between the public and private spheres; and supported the exclusion of women from intellectual pursuits such as science. According to feminists, sociologists of scientific knowledge have been slower to recognise that science and technology reflect and reinforce the interests of patriarchy (Harding, 1986). Various studies and surveys done in sociology of science have substantiated that women have neither received sufficient opportunities to be a part of science nor have they got the due credits for their contribution towards the progress of science (Eisenhart and Finkel, 1988; Rose, 1994; Wenneras and Wold, 1997). Women's studies in the 1970s seeking to understand the roots of women's subordination pointed out biology, gender socialisation, economy, sexual division of work, and so on, as various reasons for it. In the 1980s, feminist theorising increasingly questioned the androgynous model of human nature. It aimed at recovering women's culture and critiqued masculine ideology by pointing to the interconnections between women's subordination and the destruction of the environment (Poonacha, 2003). They also highlighted the fallacy of gender-neutrality of science and brought out the gendered norms within the culture and practice of science which act to the detriment of women in general, and women scientists in particular. © Cambridge University Press India Pvt. Ltd.",2011,10.1017/9789382264965.013,Tipo 2 RM,Tipo 2 - Realismo moderado / critico,tipo_2_realismo_moderado_critico,fusionado,Approved alias merge into canonical Type 2.,False,True,women and science issues and perspectives in the indian context,10.1017/9789382264965.013,3e8b073d6de304aca001165c000b716dcd11af14d6a64479490360c54b2f725e,,,,True,conflicting_cues,,,False,False,"The analyses of science from sociological, philosophical, and historical perspectives show that it is socially and culturally constructed in a large measure, and the norms and values of society and scientists reflect in the representation of knowledge. Ideologies of gender, nature, and science that arose in the seventeenth century supported the increasing split between a man's and women's worlds and between the public and private spheres; and supported the exclusion of women from intellectual pursuits such as science. According to feminists, sociologists of scientific knowledge have been slower to recognise that science and technology reflect and reinforce the interests of patriarchy (Harding, 1986). Various studies and surveys done in sociology of science have substantiated that women have neither received sufficient opportunities to be a part of science nor have they got the due credits for their contribution towards the progress of science (Eisenhart and Finkel, 1988; Rose, 1994; Wenneras and Wold, 1997). Women's studies in the 1970s seeking to understand the roots of women's subordination pointed out biology, gender socialisation, economy, sexual division of work, and so on, as various reasons for it. In the 1980s, feminist theorising increasingly questioned the androgynous model of human nature. It aimed at recovering women's culture and critiqued masculine ideology by pointing to the interconnections between women's subordination and the destruction of the environment (Poonacha, 2003). They also highlighted the fallacy of gender-neutrality of science and brought out the gendered norms within the culture and practice of science which act to the detriment of women in general, and women scientists in particular. © Cambridge University Press India Pvt. Ltd.",abstract_plus_keywords,2,2,0,1,perspective | philosophical | survey
