record_id,theme_rank,theme_label,theme_source,theme_origin,theme_score,keywords_available,source_dataset,source_sheet,title,canonical_id,label_canonica,methodology_label,methodology_subtype
seed:Clasificados:2,1,scientific,tfidf,title_abstract_tfidf,0.44468211193587065,False,seed,Clasificados,Scientific writing as a social act: A review of the literature of the sociology of science,tipo_5_constructivismo_moderado,Tipo 5 - Constructivismo moderado,no_empirico,
seed:Clasificados:2,2,community,tfidf,title_abstract_tfidf,0.33116571967419606,False,seed,Clasificados,Scientific writing as a social act: A review of the literature of the sociology of science,tipo_5_constructivismo_moderado,Tipo 5 - Constructivismo moderado,no_empirico,
seed:Clasificados:2,3,sociology science,tfidf,title_abstract_tfidf,0.2841198871503739,False,seed,Clasificados,Scientific writing as a social act: A review of the literature of the sociology of science,tipo_5_constructivismo_moderado,Tipo 5 - Constructivismo moderado,no_empirico,
seed:Clasificados:3,1,challenges,tfidf,title_abstract_tfidf,0.3641683159302436,False,seed,Clasificados,"Benefits, motivations, and challenges of international collaborative research: A sociology of science case study",tipo_5_constructivismo_moderado,Tipo 5 - Constructivismo moderado,empirico,cualitativo
seed:Clasificados:3,2,case study,tfidf,title_abstract_tfidf,0.27935471936476414,False,seed,Clasificados,"Benefits, motivations, and challenges of international collaborative research: A sociology of science case study",tipo_5_constructivismo_moderado,Tipo 5 - Constructivismo moderado,empirico,cualitativo
seed:Clasificados:3,3,projects,tfidf,title_abstract_tfidf,0.270293393136408,False,seed,Clasificados,"Benefits, motivations, and challenges of international collaborative research: A sociology of science case study",tipo_5_constructivismo_moderado,Tipo 5 - Constructivismo moderado,empirico,cualitativo
seed:Clasificados:4,1,science communication,tfidf,title_abstract_tfidf,0.5967424140155317,False,seed,Clasificados,Organisation matters: towards an organisational sociology of science communication,tipo_5_constructivismo_moderado,Tipo 5 - Constructivismo moderado,no_empirico,
seed:Clasificados:4,2,organisational,tfidf,title_abstract_tfidf,0.49728534501294314,False,seed,Clasificados,Organisation matters: towards an organisational sociology of science communication,tipo_5_constructivismo_moderado,Tipo 5 - Constructivismo moderado,no_empirico,
seed:Clasificados:4,3,communication,tfidf,title_abstract_tfidf,0.4178748858333234,False,seed,Clasificados,Organisation matters: towards an organisational sociology of science communication,tipo_5_constructivismo_moderado,Tipo 5 - Constructivismo moderado,no_empirico,
seed:Clasificados:5,1,education,tfidf,title_abstract_tfidf,0.3569703037805749,False,seed,Clasificados,"Science education in the era of a pandemic: How can history, philosophy and sociology of science contribute to education for understanding and solving the Covid-19 …",tipo_4_pragmatismo_epistemologico,Tipo 4 - Pragmatismo epistemologico,NN,
seed:Clasificados:5,2,pandemic,tfidf,title_abstract_tfidf,0.34277438890784784,False,seed,Clasificados,"Science education in the era of a pandemic: How can history, philosophy and sociology of science contribute to education for understanding and solving the Covid-19 …",tipo_4_pragmatismo_epistemologico,Tipo 4 - Pragmatismo epistemologico,NN,
seed:Clasificados:5,3,science education,tfidf,title_abstract_tfidf,0.2920484153547748,False,seed,Clasificados,"Science education in the era of a pandemic: How can history, philosophy and sociology of science contribute to education for understanding and solving the Covid-19 …",tipo_4_pragmatismo_epistemologico,Tipo 4 - Pragmatismo epistemologico,NN,
seed:Clasificados:6,1,daily,tfidf,title_abstract_tfidf,0.5783988282549246,False,seed,Clasificados,"On methods, ontologies, and representation in the sociology of science: Where do we stand?",tipo_2_realismo_moderado_critico,Tipo 2 - Realismo moderado / critico,NN,
seed:Clasificados:6,2,beliefs,tfidf,title_abstract_tfidf,0.31283677682186706,False,seed,Clasificados,"On methods, ontologies, and representation in the sociology of science: Where do we stand?",tipo_2_realismo_moderado_critico,Tipo 2 - Realismo moderado / critico,NN,
seed:Clasificados:6,3,religious,tfidf,title_abstract_tfidf,0.31283677682186706,False,seed,Clasificados,"On methods, ontologies, and representation in the sociology of science: Where do we stand?",tipo_2_realismo_moderado_critico,Tipo 2 - Realismo moderado / critico,NN,
seed:Clasificados:7,1,content,tfidf,title_abstract_tfidf,0.4070704429083253,False,seed,Clasificados,How can governance change research content? Linking science policy studies to the sociology of science,tipo_5_constructivismo_moderado,Tipo 5 - Constructivismo moderado,,
seed:Clasificados:7,2,governance,tfidf,title_abstract_tfidf,0.35059757356258026,False,seed,Clasificados,How can governance change research content? Linking science policy studies to the sociology of science,tipo_5_constructivismo_moderado,Tipo 5 - Constructivismo moderado,,
seed:Clasificados:7,3,funding,tfidf,title_abstract_tfidf,0.2804780588500642,False,seed,Clasificados,How can governance change research content? Linking science policy studies to the sociology of science,tipo_5_constructivismo_moderado,Tipo 5 - Constructivismo moderado,,
seed:Clasificados:9,1,crisis,tfidf,title_abstract_tfidf,0.5455898082866185,False,seed,Clasificados,Recoding liberalism: philosophy and sociology of science against planning,tipo_4_pragmatismo_epistemologico,Tipo 4 - Pragmatismo epistemologico,NN,
seed:Clasificados:9,2,policy,tfidf,title_abstract_tfidf,0.4423424154749244,False,seed,Clasificados,Recoding liberalism: philosophy and sociology of science against planning,tipo_4_pragmatismo_epistemologico,Tipo 4 - Pragmatismo epistemologico,NN,
seed:Clasificados:9,3,authors,tfidf,title_abstract_tfidf,0.26472827753919004,False,seed,Clasificados,Recoding liberalism: philosophy and sociology of science against planning,tipo_4_pragmatismo_epistemologico,Tipo 4 - Pragmatismo epistemologico,NN,
seed:Clasificados:10,1,covid 19,tfidf,title_abstract_tfidf,0.4503990884986223,False,seed,Clasificados,"Science education in the light of COVID-19: The contribution of history, philosophy and sociology of science",tipo_4_pragmatismo_epistemologico,Tipo 4 - Pragmatismo epistemologico,NN,
seed:Clasificados:10,2,covid,tfidf,title_abstract_tfidf,0.437080653239856,False,seed,Clasificados,"Science education in the light of COVID-19: The contribution of history, philosophy and sociology of science",tipo_4_pragmatismo_epistemologico,Tipo 4 - Pragmatismo epistemologico,NN,
seed:Clasificados:10,3,students,tfidf,title_abstract_tfidf,0.242952518244724,False,seed,Clasificados,"Science education in the light of COVID-19: The contribution of history, philosophy and sociology of science",tipo_4_pragmatismo_epistemologico,Tipo 4 - Pragmatismo epistemologico,NN,
seed:Clasificados:11,1,academic,tfidf,title_abstract_tfidf,0.5452001523695743,False,seed,Clasificados,"Academic Air Travel: Debates, Tensions and the Need for a Sociology of Science Perspective",tipo_5_constructivismo_moderado,Tipo 5 - Constructivismo moderado,no_empirico,
seed:Clasificados:11,2,debates,tfidf,title_abstract_tfidf,0.27205311018577644,False,seed,Clasificados,"Academic Air Travel: Debates, Tensions and the Need for a Sociology of Science Perspective",tipo_5_constructivismo_moderado,Tipo 5 - Constructivismo moderado,no_empirico,
seed:Clasificados:11,3,suggests,tfidf,title_abstract_tfidf,0.25372770257266286,False,seed,Clasificados,"Academic Air Travel: Debates, Tensions and the Need for a Sociology of Science Perspective",tipo_5_constructivismo_moderado,Tipo 5 - Constructivismo moderado,no_empirico,
seed:Clasificados:12,1,history philosophy,tfidf,title_abstract_tfidf,0.36111748303507146,False,seed,Clasificados,"Meaning at the Planck scale? Contextualized word embeddings for doing history, philosophy, and sociology of science",tipo_3_antirrealismo_epistemologico,Tipo 3 - Antirrealismo epistemologico,empirico,
seed:Clasificados:12,2,philosophy sociology,tfidf,title_abstract_tfidf,0.35254343017679557,False,seed,Clasificados,"Meaning at the Planck scale? Contextualized word embeddings for doing history, philosophy, and sociology of science",tipo_3_antirrealismo_epistemologico,Tipo 3 - Antirrealismo epistemologico,empirico,
seed:Clasificados:12,3,philosophy,tfidf,title_abstract_tfidf,0.2726348161683017,False,seed,Clasificados,"Meaning at the Planck scale? Contextualized word embeddings for doing history, philosophy, and sociology of science",tipo_3_antirrealismo_epistemologico,Tipo 3 - Antirrealismo epistemologico,empirico,
seed:Clasificados:13,1,sociology,tfidf,title_abstract_tfidf,0.49015053484680793,False,seed,Clasificados,Science Studies and Sociology,tipo_2_realismo_moderado_critico,Tipo 2 - Realismo moderado / critico,no_empirico,
seed:Clasificados:13,2,sts,tfidf,title_abstract_tfidf,0.42513898437298475,False,seed,Clasificados,Science Studies and Sociology,tipo_2_realismo_moderado_critico,Tipo 2 - Realismo moderado / critico,no_empirico,
seed:Clasificados:13,3,science studies,tfidf,title_abstract_tfidf,0.2216653233082915,False,seed,Clasificados,Science Studies and Sociology,tipo_2_realismo_moderado_critico,Tipo 2 - Realismo moderado / critico,no_empirico,
seed:Clasificados:14,1,constructivism,tfidf,title_abstract_tfidf,0.7544166646640172,False,seed,Clasificados,The sociology of science and social constructivism,tipo_5_constructivismo_moderado,Tipo 5 - Constructivismo moderado,no_empirico,
seed:Clasificados:14,2,1990s,tfidf,title_abstract_tfidf,0.27560157033749155,False,seed,Clasificados,The sociology of science and social constructivism,tipo_5_constructivismo_moderado,Tipo 5 - Constructivismo moderado,no_empirico,
seed:Clasificados:14,3,discusses,tfidf,title_abstract_tfidf,0.26565406269072217,False,seed,Clasificados,The sociology of science and social constructivism,tipo_5_constructivismo_moderado,Tipo 5 - Constructivismo moderado,no_empirico,
seed:Clasificados:15,1,merton,tfidf,title_abstract_tfidf,0.7299651288913338,False,seed,Clasificados,"Robert Merton and the Sociology of Science: The Sociology of Science: Theoretical and Empirical Investigations, Robert K. Merton",tipo_1_realismo_fuerte,Tipo 1 - Realismo fuerte,no_empirico,
seed:Clasificados:15,2,professional,tfidf,title_abstract_tfidf,0.2666689976999079,False,seed,Clasificados,"Robert Merton and the Sociology of Science: The Sociology of Science: Theoretical and Empirical Investigations, Robert K. Merton",tipo_1_realismo_fuerte,Tipo 1 - Realismo fuerte,no_empirico,
seed:Clasificados:15,3,systematic,tfidf,title_abstract_tfidf,0.24870626212487915,False,seed,Clasificados,"Robert Merton and the Sociology of Science: The Sociology of Science: Theoretical and Empirical Investigations, Robert K. Merton",tipo_1_realismo_fuerte,Tipo 1 - Realismo fuerte,no_empirico,
seed:Clasificados:18,1,science religion,tfidf,title_abstract_tfidf,0.4989819934738945,False,seed,Clasificados,Towards a Sociology of Science and Theology,tipo_5_constructivismo_moderado,Tipo 5 - Constructivismo moderado,,
seed:Clasificados:18,2,religion,tfidf,title_abstract_tfidf,0.45571707059514155,False,seed,Clasificados,Towards a Sociology of Science and Theology,tipo_5_constructivismo_moderado,Tipo 5 - Constructivismo moderado,,
seed:Clasificados:18,3,science,tfidf,title_abstract_tfidf,0.24856908436232808,False,seed,Clasificados,Towards a Sociology of Science and Theology,tipo_5_constructivismo_moderado,Tipo 5 - Constructivismo moderado,,
seed:Clasificados:19,1,experts,tfidf,title_abstract_tfidf,0.5537239343756999,False,seed,Clasificados,Sociology of expertise as public sociology,tipo_5_constructivismo_moderado,Tipo 5 - Constructivismo moderado,NN,
seed:Clasificados:19,2,trust,tfidf,title_abstract_tfidf,0.37527976911624794,False,seed,Clasificados,Sociology of expertise as public sociology,tipo_5_constructivismo_moderado,Tipo 5 - Constructivismo moderado,NN,
seed:Clasificados:19,3,expertise,tfidf,title_abstract_tfidf,0.36310695734991333,False,seed,Clasificados,Sociology of expertise as public sociology,tipo_5_constructivismo_moderado,Tipo 5 - Constructivismo moderado,NN,
seed:Clasificados:21,1,society,tfidf,title_abstract_tfidf,0.37970699389886564,False,seed,Clasificados,Introduction: How the sociology of science and technology addresses science and society relations,tipo_5_constructivismo_moderado,Tipo 5 - Constructivismo moderado,NN,
seed:Clasificados:21,2,relations,tfidf,title_abstract_tfidf,0.30043858359047737,False,seed,Clasificados,Introduction: How the sociology of science and technology addresses science and society relations,tipo_5_constructivismo_moderado,Tipo 5 - Constructivismo moderado,NN,
seed:Clasificados:21,3,sociology science,tfidf,title_abstract_tfidf,0.28309085653001936,False,seed,Clasificados,Introduction: How the sociology of science and technology addresses science and society relations,tipo_5_constructivismo_moderado,Tipo 5 - Constructivismo moderado,NN,
seed:Clasificados:22,1,countries,tfidf,title_abstract_tfidf,0.6540831952579396,False,seed,Clasificados,The sociology of science in Africa,tipo_2_realismo_moderado_critico,Tipo 2 - Realismo moderado / critico,NN,
seed:Clasificados:22,2,funding,tfidf,title_abstract_tfidf,0.3270415976289698,False,seed,Clasificados,The sociology of science in Africa,tipo_2_realismo_moderado_critico,Tipo 2 - Realismo moderado / critico,NN,
seed:Clasificados:22,3,collaboration,tfidf,title_abstract_tfidf,0.31643346967932373,False,seed,Clasificados,The sociology of science in Africa,tipo_2_realismo_moderado_critico,Tipo 2 - Realismo moderado / critico,NN,
seed:Clasificados:23,1,science,tfidf,title_abstract_tfidf,0.39741874455871423,False,seed,Clasificados,The legitimacy of science,tipo_2_realismo_moderado_critico,Tipo 2 - Realismo moderado / critico,NN,
seed:Clasificados:23,2,science policy,tfidf,title_abstract_tfidf,0.36430617776645824,False,seed,Clasificados,The legitimacy of science,tipo_2_realismo_moderado_critico,Tipo 2 - Realismo moderado / critico,NN,
seed:Clasificados:23,3,ongoing,tfidf,title_abstract_tfidf,0.33976663400242296,False,seed,Clasificados,The legitimacy of science,tipo_2_realismo_moderado_critico,Tipo 2 - Realismo moderado / critico,NN,
seed:Clasificados:24,1,sociology science,tfidf,title_abstract_tfidf,0.44860601036755987,False,seed,Clasificados,SOCIOLOGY OF SCIENCE AND TECHNOLOGY,tipo_5_constructivismo_moderado,Tipo 5 - Constructivismo moderado,NN,
seed:Clasificados:24,2,sociology,tfidf,title_abstract_tfidf,0.4377671350460915,False,seed,Clasificados,SOCIOLOGY OF SCIENCE AND TECHNOLOGY,tipo_5_constructivismo_moderado,Tipo 5 - Constructivismo moderado,NN,
seed:Clasificados:24,3,addressing,tfidf,title_abstract_tfidf,0.26877010650605965,False,seed,Clasificados,SOCIOLOGY OF SCIENCE AND TECHNOLOGY,tipo_5_constructivismo_moderado,Tipo 5 - Constructivismo moderado,NN,
seed:Clasificados:25,1,science,tfidf,title_abstract_tfidf,0.5123219599613804,False,seed,Clasificados,Sociology and History of Science,tipo_2_realismo_moderado_critico,Tipo 2 - Realismo moderado / critico,NN,
seed:Clasificados:25,2,sociologists,tfidf,title_abstract_tfidf,0.41346362034892736,False,seed,Clasificados,Sociology and History of Science,tipo_2_realismo_moderado_critico,Tipo 2 - Realismo moderado / critico,NN,
seed:Clasificados:25,3,history science,tfidf,title_abstract_tfidf,0.41346362034892736,False,seed,Clasificados,Sociology and History of Science,tipo_2_realismo_moderado_critico,Tipo 2 - Realismo moderado / critico,NN,
seed:Clasificados:26,1,philosophy,tfidf,title_abstract_tfidf,0.4544034727650697,False,seed,Clasificados,Bourdieu's Philosophy and Sociology of Science: A Critical Appraisal,tipo_4_pragmatismo_epistemologico,Tipo 4 - Pragmatismo epistemologico,NN,
seed:Clasificados:26,2,sociology science,tfidf,title_abstract_tfidf,0.35320304080784004,False,seed,Clasificados,Bourdieu's Philosophy and Sociology of Science: A Critical Appraisal,tipo_4_pragmatismo_epistemologico,Tipo 4 - Pragmatismo epistemologico,NN,
seed:Clasificados:26,3,philosophy science,tfidf,title_abstract_tfidf,0.3087659765039669,False,seed,Clasificados,Bourdieu's Philosophy and Sociology of Science: A Critical Appraisal,tipo_4_pragmatismo_epistemologico,Tipo 4 - Pragmatismo epistemologico,NN,
seed:Clasificados:27,1,knowledge production,tfidf,title_abstract_tfidf,0.25796619797797027,False,seed,Clasificados,Experimentation in the sociology of science: Representational and generative registers in the imitation game,tipo_4_pragmatismo_epistemologico,Tipo 4 - Pragmatismo epistemologico,empirico,
seed:Clasificados:27,2,sociology science,tfidf,title_abstract_tfidf,0.24916025840273198,False,seed,Clasificados,Experimentation in the sociology of science: Representational and generative registers in the imitation game,tipo_4_pragmatismo_epistemologico,Tipo 4 - Pragmatismo epistemologico,empirico,
seed:Clasificados:27,3,perception,tfidf,title_abstract_tfidf,0.24740452284684453,False,seed,Clasificados,Experimentation in the sociology of science: Representational and generative registers in the imitation game,tipo_4_pragmatismo_epistemologico,Tipo 4 - Pragmatismo epistemologico,empirico,
seed:Clasificados:28,1,education,tfidf,title_abstract_tfidf,0.47405363275099505,False,seed,Clasificados,"The History, Philosophy, and Sociology of Science in Science Teaching",tipo_2_realismo_moderado_critico,Tipo 2 - Realismo moderado / critico,no_empirico,
seed:Clasificados:28,2,science education,tfidf,title_abstract_tfidf,0.41554060491422706,False,seed,Clasificados,"The History, Philosophy, and Sociology of Science in Science Teaching",tipo_2_realismo_moderado_critico,Tipo 2 - Realismo moderado / critico,no_empirico,
seed:Clasificados:28,3,science,tfidf,title_abstract_tfidf,0.32919902828582676,False,seed,Clasificados,"The History, Philosophy, and Sociology of Science in Science Teaching",tipo_2_realismo_moderado_critico,Tipo 2 - Realismo moderado / critico,no_empirico,
seed:Clasificados:30,1,law,tfidf,title_abstract_tfidf,0.9414965021042294,False,seed,Clasificados,Sociology of law and science,tipo_5_constructivismo_moderado,Tipo 5 - Constructivismo moderado,no_empirico,
seed:Clasificados:30,2,sociology,tfidf,title_abstract_tfidf,0.17348789877437915,False,seed,Clasificados,Sociology of law and science,tipo_5_constructivismo_moderado,Tipo 5 - Constructivismo moderado,no_empirico,
seed:Clasificados:30,3,time,tfidf,title_abstract_tfidf,0.16633190093178157,False,seed,Clasificados,Sociology of law and science,tipo_5_constructivismo_moderado,Tipo 5 - Constructivismo moderado,no_empirico,
seed:Clasificados:31,1,sciences,tfidf,title_abstract_tfidf,0.5443563808333832,False,seed,Clasificados,Sociology of Science: Why They Are Mostly Wrong,tipo_1_realismo_fuerte,Tipo 1 - Realismo fuerte,NN,
seed:Clasificados:31,2,core,tfidf,title_abstract_tfidf,0.3405682957389411,False,seed,Clasificados,Sociology of Science: Why They Are Mostly Wrong,tipo_1_realismo_fuerte,Tipo 1 - Realismo fuerte,NN,
seed:Clasificados:31,3,structure,tfidf,title_abstract_tfidf,0.3295214072605821,False,seed,Clasificados,Sociology of Science: Why They Are Mostly Wrong,tipo_1_realismo_fuerte,Tipo 1 - Realismo fuerte,NN,
seed:Clasificados:33,1,care,tfidf,title_abstract_tfidf,0.45341739836045186,False,seed,Clasificados,ImagInarIes of Care and sCIenCe In anthropoCene UtopIan fUtUrology. the soCIology of sCIenCe In KIm s. robInson's THE MINISTRY FOR THE FUTURE,tipo_5_constructivismo_moderado,Tipo 5 - Constructivismo moderado,no_empirico,
seed:Clasificados:33,2,future,tfidf,title_abstract_tfidf,0.36346319952648526,False,seed,Clasificados,ImagInarIes of Care and sCIenCe In anthropoCene UtopIan fUtUrology. the soCIology of sCIenCe In KIm s. robInson's THE MINISTRY FOR THE FUTURE,tipo_5_constructivismo_moderado,Tipo 5 - Constructivismo moderado,no_empirico,
seed:Clasificados:33,3,science,tfidf,title_abstract_tfidf,0.30914342147974405,False,seed,Clasificados,ImagInarIes of Care and sCIenCe In anthropoCene UtopIan fUtUrology. the soCIology of sCIenCe In KIm s. robInson's THE MINISTRY FOR THE FUTURE,tipo_5_constructivismo_moderado,Tipo 5 - Constructivismo moderado,no_empirico,
seed:Clasificados:34,1,discovery,tfidf,title_abstract_tfidf,0.5936348196511502,False,seed,Clasificados,"French neopositivism and the logic, psychology, and sociology of scientific discovery",tipo_2_realismo_moderado_critico,Tipo 2 - Realismo moderado / critico,empirico,cuantitativo
seed:Clasificados:34,2,century,tfidf,title_abstract_tfidf,0.3864592744894047,False,seed,Clasificados,"French neopositivism and the logic, psychology, and sociology of scientific discovery",tipo_2_realismo_moderado_critico,Tipo 2 - Realismo moderado / critico,empirico,cuantitativo
seed:Clasificados:34,3,logic,tfidf,title_abstract_tfidf,0.2846650849069916,False,seed,Clasificados,"French neopositivism and the logic, psychology, and sociology of scientific discovery",tipo_2_realismo_moderado_critico,Tipo 2 - Realismo moderado / critico,empirico,cuantitativo
seed:Clasificados:35,1,discovery,tfidf,title_abstract_tfidf,0.30783806788088436,False,seed,Clasificados,Popper's Sociology of Science and Its Political Deficit,tipo_1_realismo_fuerte,Tipo 1 - Realismo fuerte,NN,
seed:Clasificados:35,2,logic,tfidf,title_abstract_tfidf,0.2952345341953238,False,seed,Clasificados,Popper's Sociology of Science and Its Political Deficit,tipo_1_realismo_fuerte,Tipo 1 - Realismo fuerte,NN,
seed:Clasificados:35,3,certain,tfidf,title_abstract_tfidf,0.28457839829993675,False,seed,Clasificados,Popper's Sociology of Science and Its Political Deficit,tipo_1_realismo_fuerte,Tipo 1 - Realismo fuerte,NN,
seed:Clasificados:36,1,zilsel,tfidf,title_abstract_tfidf,0.8317037395401178,False,seed,Clasificados,"From the Problem of Genius to the Integration of Philosophy, History, and Sociology of Science: Edgar Zilsel's Life and Work Viewed in the Context of Recent …",tipo_2_realismo_moderado_critico,Tipo 2 - Realismo moderado / critico,empirico,
seed:Clasificados:36,2,work,tfidf,title_abstract_tfidf,0.20874496670251863,False,seed,Clasificados,"From the Problem of Genius to the Integration of Philosophy, History, and Sociology of Science: Edgar Zilsel's Life and Work Viewed in the Context of Recent …",tipo_2_realismo_moderado_critico,Tipo 2 - Realismo moderado / critico,empirico,
seed:Clasificados:36,3,philosophy,tfidf,title_abstract_tfidf,0.16070947915473002,False,seed,Clasificados,"From the Problem of Genius to the Integration of Philosophy, History, and Sociology of Science: Edgar Zilsel's Life and Work Viewed in the Context of Recent …",tipo_2_realismo_moderado_critico,Tipo 2 - Realismo moderado / critico,empirico,
seed:Clasificados:37,1,norms,tfidf,title_abstract_tfidf,0.5880206049710561,False,seed,Clasificados,What makes a good PhD thesis? Norms of science as reflected in written assessments of PhD theses,tipo_2_realismo_moderado_critico,Tipo 2 - Realismo moderado / critico,,
seed:Clasificados:37,2,categories,tfidf,title_abstract_tfidf,0.5639458128130437,False,seed,Clasificados,What makes a good PhD thesis? Norms of science as reflected in written assessments of PhD theses,tipo_2_realismo_moderado_critico,Tipo 2 - Realismo moderado / critico,,
seed:Clasificados:37,3,quality,tfidf,title_abstract_tfidf,0.210383443678061,False,seed,Clasificados,What makes a good PhD thesis? Norms of science as reflected in written assessments of PhD theses,tipo_2_realismo_moderado_critico,Tipo 2 - Realismo moderado / critico,,
seed:Clasificados:39,1,politics,tfidf,title_abstract_tfidf,0.47613467677475224,False,seed,Clasificados,The politics of calculation. Towards a sociology of quantification in governance,tipo_5_constructivismo_moderado,Tipo 5 - Constructivismo moderado,NN,
seed:Clasificados:39,2,path,tfidf,title_abstract_tfidf,0.3031042482452003,False,seed,Clasificados,The politics of calculation. Towards a sociology of quantification in governance,tipo_5_constructivismo_moderado,Tipo 5 - Constructivismo moderado,NN,
seed:Clasificados:39,3,governance,tfidf,title_abstract_tfidf,0.2802022572364312,False,seed,Clasificados,The politics of calculation. Towards a sociology of quantification in governance,tipo_5_constructivismo_moderado,Tipo 5 - Constructivismo moderado,NN,
seed:Clasificados:41,1,written,tfidf,title_abstract_tfidf,0.32334785155588835,False,seed,Clasificados,The sociology of ignorance and post‐truth politics,tipo_5_constructivismo_moderado,Tipo 5 - Constructivismo moderado,no_empirico,
seed:Clasificados:41,2,course,tfidf,title_abstract_tfidf,0.32334785155588835,False,seed,Clasificados,The sociology of ignorance and post‐truth politics,tipo_5_constructivismo_moderado,Tipo 5 - Constructivismo moderado,no_empirico,
seed:Clasificados:41,3,response,tfidf,title_abstract_tfidf,0.3128595362883012,False,seed,Clasificados,The sociology of ignorance and post‐truth politics,tipo_5_constructivismo_moderado,Tipo 5 - Constructivismo moderado,no_empirico,
seed:Clasificados:42,1,fields,tfidf,title_abstract_tfidf,0.4753133514755064,False,seed,Clasificados,"Science, Part II: The Study of Science",tipo_2_realismo_moderado_critico,Tipo 2 - Realismo moderado / critico,empirico,cuantitativo
seed:Clasificados:42,2,science,tfidf,title_abstract_tfidf,0.46210334797052155,False,seed,Clasificados,"Science, Part II: The Study of Science",tipo_2_realismo_moderado_critico,Tipo 2 - Realismo moderado / critico,empirico,cuantitativo
seed:Clasificados:42,3,science studies,tfidf,title_abstract_tfidf,0.36308684494735843,False,seed,Clasificados,"Science, Part II: The Study of Science",tipo_2_realismo_moderado_critico,Tipo 2 - Realismo moderado / critico,empirico,cuantitativo
seed:Clasificados:43,1,thinking,tfidf,title_abstract_tfidf,0.5169611218426643,False,seed,Clasificados,"Scientific Thinking and Critical Thinking: A Keystone for History, Philosophy and Sociology of Science Teaching",tipo_2_realismo_moderado_critico,Tipo 2 - Realismo moderado / critico,empirico,cuantitativo
seed:Clasificados:43,2,scientific,tfidf,title_abstract_tfidf,0.37311727205452727,False,seed,Clasificados,"Scientific Thinking and Critical Thinking: A Keystone for History, Philosophy and Sociology of Science Teaching",tipo_2_realismo_moderado_critico,Tipo 2 - Realismo moderado / critico,empirico,cuantitativo
seed:Clasificados:43,3,kind,tfidf,title_abstract_tfidf,0.23671522386734942,False,seed,Clasificados,"Scientific Thinking and Critical Thinking: A Keystone for History, Philosophy and Sociology of Science Teaching",tipo_2_realismo_moderado_critico,Tipo 2 - Realismo moderado / critico,empirico,cuantitativo
seed:Clasificados:44,1,methods,tfidf,title_abstract_tfidf,0.4886782606501055,False,seed,Clasificados,On the pursuitworthiness of qualitative methods in empirical philosophy of science,tipo_2_realismo_moderado_critico,Tipo 2 - Realismo moderado / critico,empirico,cualitativo
seed:Clasificados:44,2,qualitative,tfidf,title_abstract_tfidf,0.4586011891864372,False,seed,Clasificados,On the pursuitworthiness of qualitative methods in empirical philosophy of science,tipo_2_realismo_moderado_critico,Tipo 2 - Realismo moderado / critico,empirico,cualitativo
seed:Clasificados:44,3,philosophical,tfidf,title_abstract_tfidf,0.4188673844251898,False,seed,Clasificados,On the pursuitworthiness of qualitative methods in empirical philosophy of science,tipo_2_realismo_moderado_critico,Tipo 2 - Realismo moderado / critico,empirico,cualitativo
seed:Clasificados:45,1,marketing,tfidf,title_abstract_tfidf,0.2943964233446076,False,seed,Clasificados,Put to the test: For a new sociology of testing,tipo_5_constructivismo_moderado,Tipo 5 - Constructivismo moderado,no_empirico,
seed:Clasificados:45,2,sociology,tfidf,title_abstract_tfidf,0.2800379200508913,False,seed,Clasificados,Put to the test: For a new sociology of testing,tipo_5_constructivismo_moderado,Tipo 5 - Constructivismo moderado,no_empirico,
seed:Clasificados:45,3,new,tfidf,title_abstract_tfidf,0.25992780211968086,False,seed,Clasificados,Put to the test: For a new sociology of testing,tipo_5_constructivismo_moderado,Tipo 5 - Constructivismo moderado,no_empirico,
seed:Clasificados:46,1,religion,tfidf,title_abstract_tfidf,0.6213600726829496,False,seed,Clasificados,"From 'Science and Religion'to 'Transcendence in Science', or: What We Can Learn from the (History of) Science and Technology Studies",tipo_5_constructivismo_moderado,Tipo 5 - Constructivismo moderado,NN,
seed:Clasificados:46,2,categories,tfidf,title_abstract_tfidf,0.4142400484552997,False,seed,Clasificados,"From 'Science and Religion'to 'Transcendence in Science', or: What We Can Learn from the (History of) Science and Technology Studies",tipo_5_constructivismo_moderado,Tipo 5 - Constructivismo moderado,NN,
seed:Clasificados:46,3,science religion,tfidf,title_abstract_tfidf,0.3401754155571977,False,seed,Clasificados,"From 'Science and Religion'to 'Transcendence in Science', or: What We Can Learn from the (History of) Science and Technology Studies",tipo_5_constructivismo_moderado,Tipo 5 - Constructivismo moderado,NN,
seed:Clasificados:47,1,political,tfidf,title_abstract_tfidf,0.5884026332172856,False,seed,Clasificados,A New Political Sociology of Science,tipo_5_constructivismo_moderado,Tipo 5 - Constructivismo moderado,NN,
seed:Clasificados:47,2,new,tfidf,title_abstract_tfidf,0.3148321341433955,False,seed,Clasificados,A New Political Sociology of Science,tipo_5_constructivismo_moderado,Tipo 5 - Constructivismo moderado,NN,
seed:Clasificados:47,3,sociology science,tfidf,title_abstract_tfidf,0.30896733962215556,False,seed,Clasificados,A New Political Sociology of Science,tipo_5_constructivismo_moderado,Tipo 5 - Constructivismo moderado,NN,
seed:Clasificados:48,1,status,tfidf,title_abstract_tfidf,0.27538546153125926,False,seed,Clasificados,Three Studies in the Cultural Sociology of Science,tipo_2_realismo_moderado_critico,Tipo 2 - Realismo moderado / critico,empirico,cuantitativo
seed:Clasificados:48,2,authors,tfidf,title_abstract_tfidf,0.24924088296737099,False,seed,Clasificados,Three Studies in the Cultural Sociology of Science,tipo_2_realismo_moderado_critico,Tipo 2 - Realismo moderado / critico,empirico,cuantitativo
seed:Clasificados:48,3,despite,tfidf,title_abstract_tfidf,0.23069100926866706,False,seed,Clasificados,Three Studies in the Cultural Sociology of Science,tipo_2_realismo_moderado_critico,Tipo 2 - Realismo moderado / critico,empirico,cuantitativo
seed:Clasificados:49,1,countries,tfidf,title_abstract_tfidf,0.6540831952579396,False,seed,Clasificados,The Sociology of Science in Africa,tipo_2_realismo_moderado_critico,Tipo 2 - Realismo moderado / critico,NN,
seed:Clasificados:49,2,funding,tfidf,title_abstract_tfidf,0.3270415976289698,False,seed,Clasificados,The Sociology of Science in Africa,tipo_2_realismo_moderado_critico,Tipo 2 - Realismo moderado / critico,NN,
seed:Clasificados:49,3,collaboration,tfidf,title_abstract_tfidf,0.31643346967932373,False,seed,Clasificados,The Sociology of Science in Africa,tipo_2_realismo_moderado_critico,Tipo 2 - Realismo moderado / critico,NN,
seed:Clasificados:50,1,science,tfidf,title_abstract_tfidf,0.4121502888843505,False,seed,Clasificados,Political Sociology of Science and Technology and Science Policies in India: An Historical Throwback,tipo_2_realismo_moderado_critico,Tipo 2 - Realismo moderado / critico,NN,
seed:Clasificados:50,2,science technology,tfidf,title_abstract_tfidf,0.4076119133452392,False,seed,Clasificados,Political Sociology of Science and Technology and Science Policies in India: An Historical Throwback,tipo_2_realismo_moderado_critico,Tipo 2 - Realismo moderado / critico,NN,
seed:Clasificados:50,3,technology,tfidf,title_abstract_tfidf,0.3949709222879963,False,seed,Clasificados,Political Sociology of Science and Technology and Science Policies in India: An Historical Throwback,tipo_2_realismo_moderado_critico,Tipo 2 - Realismo moderado / critico,NN,
seed:Clasificados:53,1,sociology science,tfidf,title_abstract_tfidf,0.4332443534030153,False,seed,Clasificados,The traditional approach of sociology of science in current pedagogical discourse: Evaluating key is,tipo_2_realismo_moderado_critico,Tipo 2 - Realismo moderado / critico,NN,
seed:Clasificados:53,2,sociology,tfidf,title_abstract_tfidf,0.3963530950202662,False,seed,Clasificados,The traditional approach of sociology of science in current pedagogical discourse: Evaluating key is,tipo_2_realismo_moderado_critico,Tipo 2 - Realismo moderado / critico,NN,
seed:Clasificados:53,3,traditional,tfidf,title_abstract_tfidf,0.36913678260038346,False,seed,Clasificados,The traditional approach of sociology of science in current pedagogical discourse: Evaluating key is,tipo_2_realismo_moderado_critico,Tipo 2 - Realismo moderado / critico,NN,
seed:Clasificados:54,1,science education,tfidf,title_abstract_tfidf,0.49314129563561676,False,seed,Clasificados,"Science education and the pandemic, 1 year on: Emergence of new conceptual tools and re-calibration of existing educational approaches",tipo_4_pragmatismo_epistemologico,Tipo 4 - Pragmatismo epistemologico,no_empirico,
seed:Clasificados:54,2,education,tfidf,title_abstract_tfidf,0.40184386983906145,False,seed,Clasificados,"Science education and the pandemic, 1 year on: Emergence of new conceptual tools and re-calibration of existing educational approaches",tipo_4_pragmatismo_epistemologico,Tipo 4 - Pragmatismo epistemologico,no_empirico,
seed:Clasificados:54,3,pandemic,tfidf,title_abstract_tfidf,0.36013920419771395,False,seed,Clasificados,"Science education and the pandemic, 1 year on: Emergence of new conceptual tools and re-calibration of existing educational approaches",tipo_4_pragmatismo_epistemologico,Tipo 4 - Pragmatismo epistemologico,no_empirico,
seed:Clasificados:56,1,weber,tfidf,title_abstract_tfidf,0.7990807025802502,False,seed,Clasificados,Sociology of Science and Problem of Method in Weber,tipo_2_realismo_moderado_critico,Tipo 2 - Realismo moderado / critico,NN,
seed:Clasificados:56,2,sociology,tfidf,title_abstract_tfidf,0.2689561862550172,False,seed,Clasificados,Sociology of Science and Problem of Method in Weber,tipo_2_realismo_moderado_critico,Tipo 2 - Realismo moderado / critico,NN,
seed:Clasificados:56,3,problem,tfidf,title_abstract_tfidf,0.22016997025176752,False,seed,Clasificados,Sociology of Science and Problem of Method in Weber,tipo_2_realismo_moderado_critico,Tipo 2 - Realismo moderado / critico,NN,
seed:Clasificados:57,1,arts,tfidf,title_abstract_tfidf,0.5601935671980343,False,seed,Clasificados,The geo-ecological turn in sociology and its implications for the sociology of the arts,tipo_5_constructivismo_moderado,Tipo 5 - Constructivismo moderado,empirico,cuantitativo
seed:Clasificados:57,2,beliefs,tfidf,title_abstract_tfidf,0.33341391888902155,False,seed,Clasificados,The geo-ecological turn in sociology and its implications for the sociology of the arts,tipo_5_constructivismo_moderado,Tipo 5 - Constructivismo moderado,empirico,cuantitativo
seed:Clasificados:57,3,climate change,tfidf,title_abstract_tfidf,0.33341391888902155,False,seed,Clasificados,The geo-ecological turn in sociology and its implications for the sociology of the arts,tipo_5_constructivismo_moderado,Tipo 5 - Constructivismo moderado,empirico,cuantitativo
seed:Clasificados:58,1,digital,tfidf,title_abstract_tfidf,0.37010813732653935,False,seed,Clasificados,"Book title: Digitalization & society: A sociology of technology perspective on current trends in data, digital security and the internet",tipo_5_constructivismo_moderado,Tipo 5 - Constructivismo moderado,no_empirico,
seed:Clasificados:58,2,future,tfidf,title_abstract_tfidf,0.3622663013948802,False,seed,Clasificados,"Book title: Digitalization & society: A sociology of technology perspective on current trends in data, digital security and the internet",tipo_5_constructivismo_moderado,Tipo 5 - Constructivismo moderado,no_empirico,
seed:Clasificados:58,3,leading,tfidf,title_abstract_tfidf,0.3161121057087642,False,seed,Clasificados,"Book title: Digitalization & society: A sociology of technology perspective on current trends in data, digital security and the internet",tipo_5_constructivismo_moderado,Tipo 5 - Constructivismo moderado,no_empirico,
seed:Clasificados:59,1,society,tfidf,title_abstract_tfidf,0.4948137604783761,False,seed,Clasificados,The history of science and the history of society,tipo_2_realismo_moderado_critico,Tipo 2 - Realismo moderado / critico,NN,
seed:Clasificados:59,2,history,tfidf,title_abstract_tfidf,0.4300927652835359,False,seed,Clasificados,The history of science and the history of society,tipo_2_realismo_moderado_critico,Tipo 2 - Realismo moderado / critico,NN,
seed:Clasificados:59,3,shaping,tfidf,title_abstract_tfidf,0.3416347729381631,False,seed,Clasificados,The history of science and the history of society,tipo_2_realismo_moderado_critico,Tipo 2 - Realismo moderado / critico,NN,
seed:Clasificados:60,1,models,tfidf,title_abstract_tfidf,0.49751759922029587,False,seed,Clasificados,Past as prologue: Approaches to the study of confirmation in science,tipo_1_realismo_fuerte,Tipo 1 - Realismo fuerte,empirico,cuantitativo
seed:Clasificados:60,2,science,tfidf,title_abstract_tfidf,0.3385306530503762,False,seed,Clasificados,Past as prologue: Approaches to the study of confirmation in science,tipo_1_realismo_fuerte,Tipo 1 - Realismo fuerte,empirico,cuantitativo
seed:Clasificados:60,3,science studies,tfidf,title_abstract_tfidf,0.31032458825390175,False,seed,Clasificados,Past as prologue: Approaches to the study of confirmation in science,tipo_1_realismo_fuerte,Tipo 1 - Realismo fuerte,empirico,cuantitativo
seed:Clasificados:61,1,methodology,tfidf,title_abstract_tfidf,0.6092761676256165,False,seed,Clasificados,Reflexive methodology and the empirical theory of science,tipo_5_constructivismo_moderado,Tipo 5 - Constructivismo moderado,empirico,
seed:Clasificados:61,2,reflexive,tfidf,title_abstract_tfidf,0.5109301602063461,False,seed,Clasificados,Reflexive methodology and the empirical theory of science,tipo_5_constructivismo_moderado,Tipo 5 - Constructivismo moderado,empirico,
seed:Clasificados:61,3,empirical,tfidf,title_abstract_tfidf,0.19785181785635164,False,seed,Clasificados,Reflexive methodology and the empirical theory of science,tipo_5_constructivismo_moderado,Tipo 5 - Constructivismo moderado,empirico,
seed:Clasificados:62,1,bloor,tfidf,title_abstract_tfidf,0.4373443280682625,False,seed,Clasificados,Sociology or Psychology?: On Conceptual Architecture of David Bloor's Strong Programme in Sociology of Scientific Knowledge,tipo_5_constructivismo_moderado,Tipo 5 - Constructivismo moderado,no_empirico,
seed:Clasificados:62,2,conceptual,tfidf,title_abstract_tfidf,0.17582477433845836,False,seed,Clasificados,Sociology or Psychology?: On Conceptual Architecture of David Bloor's Strong Programme in Sociology of Scientific Knowledge,tipo_5_constructivismo_moderado,Tipo 5 - Constructivismo moderado,no_empirico,
seed:Clasificados:62,3,second,tfidf,title_abstract_tfidf,0.16729909299942106,False,seed,Clasificados,Sociology or Psychology?: On Conceptual Architecture of David Bloor's Strong Programme in Sociology of Scientific Knowledge,tipo_5_constructivismo_moderado,Tipo 5 - Constructivismo moderado,no_empirico,
seed:Clasificados:63,1,data,tfidf,title_abstract_tfidf,0.5148087787568999,False,seed,Clasificados,Big data in studies of science: New research field,tipo_2_realismo_moderado_critico,Tipo 2 - Realismo moderado / critico,NN,
seed:Clasificados:63,2,scale,tfidf,title_abstract_tfidf,0.39883080376375557,False,seed,Clasificados,Big data in studies of science: New research field,tipo_2_realismo_moderado_critico,Tipo 2 - Realismo moderado / critico,NN,
seed:Clasificados:63,3,studies science,tfidf,title_abstract_tfidf,0.30513271785014134,False,seed,Clasificados,Big data in studies of science: New research field,tipo_2_realismo_moderado_critico,Tipo 2 - Realismo moderado / critico,NN,
seed:Clasificados:64,1,communication,tfidf,title_abstract_tfidf,0.5198328579099236,False,seed,Clasificados,Routledge handbook of public communication of science and technology,tipo_5_constructivismo_moderado,Tipo 5 - Constructivismo moderado,NN,
seed:Clasificados:64,2,public,tfidf,title_abstract_tfidf,0.4108262197586733,False,seed,Clasificados,Routledge handbook of public communication of science and technology,tipo_5_constructivismo_moderado,Tipo 5 - Constructivismo moderado,NN,
seed:Clasificados:64,3,science technology,tfidf,title_abstract_tfidf,0.3822186782593539,False,seed,Clasificados,Routledge handbook of public communication of science and technology,tipo_5_constructivismo_moderado,Tipo 5 - Constructivismo moderado,NN,
seed:Clasificados:65,1,sociology,tfidf,title_abstract_tfidf,0.5465384378379616,False,seed,Clasificados,Historiography and National Histories of Sociology: Methods and Methodologies,tipo_5_constructivismo_moderado,Tipo 5 - Constructivismo moderado,NN,
seed:Clasificados:65,2,histories,tfidf,title_abstract_tfidf,0.40594745651302516,False,seed,Clasificados,Historiography and National Histories of Sociology: Methods and Methodologies,tipo_5_constructivismo_moderado,Tipo 5 - Constructivismo moderado,NN,
seed:Clasificados:65,3,methods,tfidf,title_abstract_tfidf,0.285603896644052,False,seed,Clasificados,Historiography and National Histories of Sociology: Methods and Methodologies,tipo_5_constructivismo_moderado,Tipo 5 - Constructivismo moderado,NN,
seed:Clasificados:66,1,psychology,tfidf,title_abstract_tfidf,0.595304417427694,False,seed,Clasificados,Why we need a 'psychology of science',tipo_3_antirrealismo_epistemologico,Tipo 3 - Antirrealismo epistemologico,NN,
seed:Clasificados:66,2,need,tfidf,title_abstract_tfidf,0.5790778794767913,False,seed,Clasificados,Why we need a 'psychology of science',tipo_3_antirrealismo_epistemologico,Tipo 3 - Antirrealismo epistemologico,NN,
seed:Clasificados:66,3,philosophy,tfidf,title_abstract_tfidf,0.42610750448455875,False,seed,Clasificados,Why we need a 'psychology of science',tipo_3_antirrealismo_epistemologico,Tipo 3 - Antirrealismo epistemologico,NN,
seed:Clasificados:67,1,social studies,tfidf,title_abstract_tfidf,0.6408785876411714,False,seed,Clasificados,Bioethics and sociology: the place of social studies of science and technology,tipo_5_constructivismo_moderado,Tipo 5 - Constructivismo moderado,NN,
seed:Clasificados:67,2,studies science,tfidf,title_abstract_tfidf,0.37131234519919976,False,seed,Clasificados,Bioethics and sociology: the place of social studies of science and technology,tipo_5_constructivismo_moderado,Tipo 5 - Constructivismo moderado,NN,
seed:Clasificados:67,3,social,tfidf,title_abstract_tfidf,0.2963666785205408,False,seed,Clasificados,Bioethics and sociology: the place of social studies of science and technology,tipo_5_constructivismo_moderado,Tipo 5 - Constructivismo moderado,NN,
seed:Clasificados:70,1,prize,tfidf,title_abstract_tfidf,0.6194657298901418,False,seed,Clasificados,CHAPTER 4 MEASURING THE QUALITY OF SOCIOLOGICAL RESEARCH Problems in the Use of the Science Citation Index (1971),tipo_1_realismo_fuerte,Tipo 1 - Realismo fuerte,empirico,cuantitativo
seed:Clasificados:70,2,number,tfidf,title_abstract_tfidf,0.3941762866442837,False,seed,Clasificados,CHAPTER 4 MEASURING THE QUALITY OF SOCIOLOGICAL RESEARCH Problems in the Use of the Science Citation Index (1971),tipo_1_realismo_fuerte,Tipo 1 - Realismo fuerte,empirico,cuantitativo
seed:Clasificados:70,3,citations,tfidf,title_abstract_tfidf,0.3776488126808804,False,seed,Clasificados,CHAPTER 4 MEASURING THE QUALITY OF SOCIOLOGICAL RESEARCH Problems in the Use of the Science Citation Index (1971),tipo_1_realismo_fuerte,Tipo 1 - Realismo fuerte,empirico,cuantitativo
seed:Clasificados:71,1,processes,tfidf,title_abstract_tfidf,0.4593701575166588,False,seed,Clasificados,The making of professors: Assessment and recognition in academic recruitment,tipo_5_constructivismo_moderado,Tipo 5 - Constructivismo moderado,NN,
seed:Clasificados:71,2,academic,tfidf,title_abstract_tfidf,0.35851095078237943,False,seed,Clasificados,The making of professors: Assessment and recognition in academic recruitment,tipo_5_constructivismo_moderado,Tipo 5 - Constructivismo moderado,NN,
seed:Clasificados:71,3,paper,tfidf,title_abstract_tfidf,0.32798449246491085,False,seed,Clasificados,The making of professors: Assessment and recognition in academic recruitment,tipo_5_constructivismo_moderado,Tipo 5 - Constructivismo moderado,NN,
seed:Clasificados:72,1,science,tfidf,title_abstract_tfidf,0.5041756611547895,False,seed,Clasificados,Rethinking science as a vocation: One hundred years of bureaucratization of academic science,tipo_5_constructivismo_moderado,Tipo 5 - Constructivismo moderado,empirico,
seed:Clasificados:72,2,weber,tfidf,title_abstract_tfidf,0.4498182996479277,False,seed,Clasificados,Rethinking science as a vocation: One hundred years of bureaucratization of academic science,tipo_5_constructivismo_moderado,Tipo 5 - Constructivismo moderado,empirico,
seed:Clasificados:72,3,work,tfidf,title_abstract_tfidf,0.3888955147294838,False,seed,Clasificados,Rethinking science as a vocation: One hundred years of bureaucratization of academic science,tipo_5_constructivismo_moderado,Tipo 5 - Constructivismo moderado,empirico,
seed:Clasificados:73,1,2018,tfidf,title_abstract_tfidf,0.7914218028186188,False,seed,Clasificados,Sociology of science and technology in Brazil: an analysis of articles in A1 sociology journals published between 2010 and 2018,tipo_2_realismo_moderado_critico,Tipo 2 - Realismo moderado / critico,NN,
seed:Clasificados:73,2,published,tfidf,title_abstract_tfidf,0.34838075604927365,False,seed,Clasificados,Sociology of science and technology in Brazil: an analysis of articles in A1 sociology journals published between 2010 and 2018,tipo_2_realismo_moderado_critico,Tipo 2 - Realismo moderado / critico,NN,
seed:Clasificados:73,3,sociology,tfidf,title_abstract_tfidf,0.2916677976144685,False,seed,Clasificados,Sociology of science and technology in Brazil: an analysis of articles in A1 sociology journals published between 2010 and 2018,tipo_2_realismo_moderado_critico,Tipo 2 - Realismo moderado / critico,NN,
seed:Clasificados:74,1,2018,tfidf,title_abstract_tfidf,0.39180521039856187,False,seed,Clasificados,Towards periodizations of science in the history of science,tipo_3_antirrealismo_epistemologico,Tipo 3 - Antirrealismo epistemologico,NN,
seed:Clasificados:74,2,cases,tfidf,title_abstract_tfidf,0.37766347193999267,False,seed,Clasificados,Towards periodizations of science in the history of science,tipo_3_antirrealismo_epistemologico,Tipo 3 - Antirrealismo epistemologico,NN,
seed:Clasificados:74,3,history,tfidf,title_abstract_tfidf,0.34502116009728484,False,seed,Clasificados,Towards periodizations of science in the history of science,tipo_3_antirrealismo_epistemologico,Tipo 3 - Antirrealismo epistemologico,NN,
seed:Clasificados:75,1,argument,tfidf,title_abstract_tfidf,0.5398108902674151,False,seed,Clasificados,Images of Science: A Reality Check,tipo_3_antirrealismo_epistemologico,Tipo 3 - Antirrealismo epistemologico,NN,
seed:Clasificados:75,2,understand,tfidf,title_abstract_tfidf,0.5095696958585053,False,seed,Clasificados,Images of Science: A Reality Check,tipo_3_antirrealismo_epistemologico,Tipo 3 - Antirrealismo epistemologico,NN,
seed:Clasificados:75,3,problems,tfidf,title_abstract_tfidf,0.4740131732479111,False,seed,Clasificados,Images of Science: A Reality Check,tipo_3_antirrealismo_epistemologico,Tipo 3 - Antirrealismo epistemologico,NN,
seed:Clasificados:76,1,sts,tfidf,title_abstract_tfidf,0.5148176845616855,False,seed,Clasificados,At the Crossroads of Sociology and STS,tipo_5_constructivismo_moderado,Tipo 5 - Constructivismo moderado,no_empirico,
seed:Clasificados:76,2,growing,tfidf,title_abstract_tfidf,0.3234186590859944,False,seed,Clasificados,At the Crossroads of Sociology and STS,tipo_5_constructivismo_moderado,Tipo 5 - Constructivismo moderado,no_empirico,
seed:Clasificados:76,3,disciplines,tfidf,title_abstract_tfidf,0.28107353663133894,False,seed,Clasificados,At the Crossroads of Sociology and STS,tipo_5_constructivismo_moderado,Tipo 5 - Constructivismo moderado,no_empirico,
muestras:Muestras:2,1,du bois,keyword,author_keywords,1.0,True,muestras,Muestras,The Sociological Spirituality of W. E. B. Du Bois's Prayers for Dark People,tipo_5_constructivismo_moderado,Tipo 5 - Constructivismo moderado,NN,
muestras:Muestras:2,2,liturgy,keyword,author_keywords,1.0,True,muestras,Muestras,The Sociological Spirituality of W. E. B. Du Bois's Prayers for Dark People,tipo_5_constructivismo_moderado,Tipo 5 - Constructivismo moderado,NN,
muestras:Muestras:2,3,prayers,keyword,author_keywords,1.0,True,muestras,Muestras,The Sociological Spirituality of W. E. B. Du Bois's Prayers for Dark People,tipo_5_constructivismo_moderado,Tipo 5 - Constructivismo moderado,NN,
muestras:Muestras:3,1,biosecurity,keyword,author_keywords,1.0,True,muestras,Muestras,Framing bovine tuberculosis: a ‘political ecology of health’ approach to circulation of knowledge(s) about animal disease control,tipo_6_constructivismo_fuerte_relativismo,Tipo 6 - Constructivismo fuerte / relativismo,NN,
muestras:Muestras:3,2,bovine tuberculosis,keyword,author_keywords,1.0,True,muestras,Muestras,Framing bovine tuberculosis: a ‘political ecology of health’ approach to circulation of knowledge(s) about animal disease control,tipo_6_constructivismo_fuerte_relativismo,Tipo 6 - Constructivismo fuerte / relativismo,NN,
muestras:Muestras:3,3,framing,keyword,author_keywords,1.0,True,muestras,Muestras,Framing bovine tuberculosis: a ‘political ecology of health’ approach to circulation of knowledge(s) about animal disease control,tipo_6_constructivismo_fuerte_relativismo,Tipo 6 - Constructivismo fuerte / relativismo,NN,
muestras:Muestras:4,1,fluid space,keyword,author_keywords,1.0,True,muestras,Muestras,Multi-spatiality of Social Media Platforms: The Enactment of Trust in Fluid Space,tipo_6_constructivismo_fuerte_relativismo,Tipo 6 - Constructivismo fuerte / relativismo,no_empirico,
muestras:Muestras:4,2,network space,keyword,author_keywords,1.0,True,muestras,Muestras,Multi-spatiality of Social Media Platforms: The Enactment of Trust in Fluid Space,tipo_6_constructivismo_fuerte_relativismo,Tipo 6 - Constructivismo fuerte / relativismo,no_empirico,
muestras:Muestras:4,3,online community,keyword,author_keywords,1.0,True,muestras,Muestras,Multi-spatiality of Social Media Platforms: The Enactment of Trust in Fluid Space,tipo_6_constructivismo_fuerte_relativismo,Tipo 6 - Constructivismo fuerte / relativismo,no_empirico,
muestras:Muestras:5,1,anthropology of science,keyword,author_keywords,1.0,True,muestras,Muestras,Old and New Perspectives on the Nature/Culture Opposition in Biology and Anthropology,tipo_6_constructivismo_fuerte_relativismo,Tipo 6 - Constructivismo fuerte / relativismo,empirico,cualitativo
muestras:Muestras:5,2,biosemiotics,keyword,author_keywords,1.0,True,muestras,Muestras,Old and New Perspectives on the Nature/Culture Opposition in Biology and Anthropology,tipo_6_constructivismo_fuerte_relativismo,Tipo 6 - Constructivismo fuerte / relativismo,empirico,cualitativo
muestras:Muestras:5,3,multispecies ethnography,keyword,author_keywords,1.0,True,muestras,Muestras,Old and New Perspectives on the Nature/Culture Opposition in Biology and Anthropology,tipo_6_constructivismo_fuerte_relativismo,Tipo 6 - Constructivismo fuerte / relativismo,empirico,cualitativo
muestras:Muestras:6,1,global metrics,keyword,author_keywords,1.0,True,muestras,Muestras,Towards productive critique of large-scale comparisons in education,tipo_6_constructivismo_fuerte_relativismo,Tipo 6 - Constructivismo fuerte / relativismo,NN,
muestras:Muestras:6,2,international comparisons,keyword,author_keywords,1.0,True,muestras,Muestras,Towards productive critique of large-scale comparisons in education,tipo_6_constructivismo_fuerte_relativismo,Tipo 6 - Constructivismo fuerte / relativismo,NN,
muestras:Muestras:6,3,pisa,keyword,author_keywords,1.0,True,muestras,Muestras,Towards productive critique of large-scale comparisons in education,tipo_6_constructivismo_fuerte_relativismo,Tipo 6 - Constructivismo fuerte / relativismo,NN,
muestras:Muestras:7,1,health,tfidf,title_abstract_tfidf,0.35901150003907084,False,muestras,Muestras,To see that which cannot be seen: Ontological differences and public health policies in Southern Chile,tipo_6_constructivismo_fuerte_relativismo,Tipo 6 - Constructivismo fuerte / relativismo,empirico,cualitativo
muestras:Muestras:7,2,ontological,tfidf,title_abstract_tfidf,0.34323998161096997,False,muestras,Muestras,To see that which cannot be seen: Ontological differences and public health policies in Southern Chile,tipo_6_constructivismo_fuerte_relativismo,Tipo 6 - Constructivismo fuerte / relativismo,empirico,cualitativo
muestras:Muestras:7,3,policies,tfidf,title_abstract_tfidf,0.34323998161096997,False,muestras,Muestras,To see that which cannot be seen: Ontological differences and public health policies in Southern Chile,tipo_6_constructivismo_fuerte_relativismo,Tipo 6 - Constructivismo fuerte / relativismo,empirico,cualitativo
muestras:Muestras:8,1,interests,tfidf,title_abstract_tfidf,0.5472940263715328,False,muestras,Muestras,Interests and the Growth of Uncertainty,tipo_5_constructivismo_moderado,Tipo 5 - Constructivismo moderado,no_empirico,
muestras:Muestras:8,2,individuals,tfidf,title_abstract_tfidf,0.3530277676297056,False,muestras,Muestras,Interests and the Growth of Uncertainty,tipo_5_constructivismo_moderado,Tipo 5 - Constructivismo moderado,no_empirico,
muestras:Muestras:8,3,groups,tfidf,title_abstract_tfidf,0.34258863134415907,False,muestras,Muestras,Interests and the Growth of Uncertainty,tipo_5_constructivismo_moderado,Tipo 5 - Constructivismo moderado,no_empirico,
muestras:Muestras:9,1,economic change,keyword,author_keywords,1.0,True,muestras,Muestras,"Weberian perspectives on science, technology and the economy",tipo_2_realismo_moderado_critico,Tipo 2 - Realismo moderado / critico,no_empirico,
muestras:Muestras:9,2,economics,keyword,author_keywords,1.0,True,muestras,Muestras,"Weberian perspectives on science, technology and the economy",tipo_2_realismo_moderado_critico,Tipo 2 - Realismo moderado / critico,no_empirico,
muestras:Muestras:9,3,science,keyword,author_keywords,1.0,True,muestras,Muestras,"Weberian perspectives on science, technology and the economy",tipo_2_realismo_moderado_critico,Tipo 2 - Realismo moderado / critico,no_empirico,
muestras:Muestras:10,1,cultural studies,keyword,author_keywords,1.0,True,muestras,Muestras,"Harm Reduction in Process: The ACON Rovers, GHB, and the Art of Paying Attention",tipo_6_constructivismo_fuerte_relativismo,Tipo 6 - Constructivismo fuerte / relativismo,empirico,cualitativo
muestras:Muestras:10,2,embodiment,keyword,author_keywords,1.0,True,muestras,Muestras,"Harm Reduction in Process: The ACON Rovers, GHB, and the Art of Paying Attention",tipo_6_constructivismo_fuerte_relativismo,Tipo 6 - Constructivismo fuerte / relativismo,empirico,cualitativo
muestras:Muestras:10,3,harm reduction,keyword,author_keywords,1.0,True,muestras,Muestras,"Harm Reduction in Process: The ACON Rovers, GHB, and the Art of Paying Attention",tipo_6_constructivismo_fuerte_relativismo,Tipo 6 - Constructivismo fuerte / relativismo,empirico,cualitativo
muestras:Muestras:11,1,science,tfidf,title_abstract_tfidf,0.3889846021718834,False,muestras,Muestras,"History, philosophy, and sociology of science and science-technology-society traditions in science education: Continuities and discontinuities",tipo_5_constructivismo_moderado,Tipo 5 - Constructivismo moderado,no_empirico,
muestras:Muestras:11,2,sts,tfidf,title_abstract_tfidf,0.3507108159673759,False,muestras,Muestras,"History, philosophy, and sociology of science and science-technology-society traditions in science education: Continuities and discontinuities",tipo_5_constructivismo_moderado,Tipo 5 - Constructivismo moderado,no_empirico,
muestras:Muestras:11,3,teaching,tfidf,title_abstract_tfidf,0.31726580560285184,False,muestras,Muestras,"History, philosophy, and sociology of science and science-technology-society traditions in science education: Continuities and discontinuities",tipo_5_constructivismo_moderado,Tipo 5 - Constructivismo moderado,no_empirico,
muestras:Muestras:12,1,cultural studies,keyword,author_keywords,1.0,True,muestras,Muestras,The modality of the textual institutionalisation of literary studies: Towards a sociology,tipo_6_constructivismo_fuerte_relativismo,Tipo 6 - Constructivismo fuerte / relativismo,empirico,
muestras:Muestras:12,2,disciplinarity,keyword,author_keywords,1.0,True,muestras,Muestras,The modality of the textual institutionalisation of literary studies: Towards a sociology,tipo_6_constructivismo_fuerte_relativismo,Tipo 6 - Constructivismo fuerte / relativismo,empirico,
muestras:Muestras:12,3,discursive formation,keyword,author_keywords,1.0,True,muestras,Muestras,The modality of the textual institutionalisation of literary studies: Towards a sociology,tipo_6_constructivismo_fuerte_relativismo,Tipo 6 - Constructivismo fuerte / relativismo,empirico,
muestras:Muestras:13,1,students,keyword,index_keywords,1.0,True,muestras,Muestras,Situated Listening: Attending to the Unheard,tipo_5_constructivismo_moderado,Tipo 5 - Constructivismo moderado,no_empirico,
muestras:Muestras:13,2,creatives,keyword,index_keywords,1.0,True,muestras,Muestras,Situated Listening: Attending to the Unheard,tipo_5_constructivismo_moderado,Tipo 5 - Constructivismo moderado,no_empirico,
muestras:Muestras:13,3,ecological crisis,keyword,index_keywords,1.0,True,muestras,Muestras,Situated Listening: Attending to the Unheard,tipo_5_constructivismo_moderado,Tipo 5 - Constructivismo moderado,no_empirico,
muestras:Muestras:14,1,brazil,keyword,author_keywords,1.0,True,muestras,Muestras,New problems of a New Health System: the Creation of A National Public Policy of Rare Diseases Care in Brazil (1990s-2010s),tipo_5_constructivismo_moderado,Tipo 5 - Constructivismo moderado,empirico,
muestras:Muestras:14,2,comprehensive health care,keyword,author_keywords,1.0,True,muestras,Muestras,New problems of a New Health System: the Creation of A National Public Policy of Rare Diseases Care in Brazil (1990s-2010s),tipo_5_constructivismo_moderado,Tipo 5 - Constructivismo moderado,empirico,
muestras:Muestras:14,3,health system,keyword,author_keywords,1.0,True,muestras,Muestras,New problems of a New Health System: the Creation of A National Public Policy of Rare Diseases Care in Brazil (1990s-2010s),tipo_5_constructivismo_moderado,Tipo 5 - Constructivismo moderado,empirico,
muestras:Muestras:15,1,computational social science,keyword,author_keywords,1.0,True,muestras,Muestras,Prestige drives epistemic inequality in the diffusion of scientific ideas,tipo_2_realismo_moderado_critico,Tipo 2 - Realismo moderado / critico,,
muestras:Muestras:15,2,faculty hiring networks,keyword,author_keywords,1.0,True,muestras,Muestras,Prestige drives epistemic inequality in the diffusion of scientific ideas,tipo_2_realismo_moderado_critico,Tipo 2 - Realismo moderado / critico,,
muestras:Muestras:15,3,information diffusion,keyword,author_keywords,1.0,True,muestras,Muestras,Prestige drives epistemic inequality in the diffusion of scientific ideas,tipo_2_realismo_moderado_critico,Tipo 2 - Realismo moderado / critico,,
muestras:Muestras:16,1,canine psychology,keyword,author_keywords,1.0,True,muestras,Muestras,"DOGS, history, and agency",tipo_6_constructivismo_fuerte_relativismo,Tipo 6 - Constructivismo fuerte / relativismo,no_empirico,
muestras:Muestras:16,2,dogs,keyword,author_keywords,1.0,True,muestras,Muestras,"DOGS, history, and agency",tipo_6_constructivismo_fuerte_relativismo,Tipo 6 - Constructivismo fuerte / relativismo,no_empirico,
muestras:Muestras:16,3,intentionality,keyword,author_keywords,1.0,True,muestras,Muestras,"DOGS, history, and agency",tipo_6_constructivismo_fuerte_relativismo,Tipo 6 - Constructivismo fuerte / relativismo,no_empirico,
muestras:Muestras:17,1,nuclear,tfidf,title_abstract_tfidf,0.7886226087180509,False,muestras,Muestras,Tracing the Atom: Nuclear Legacies in Russia and Central Asia,tipo_2_realismo_moderado_critico,Tipo 2 - Realismo moderado / critico,NN,
muestras:Muestras:17,2,programs,tfidf,title_abstract_tfidf,0.18686094496873648,False,muestras,Muestras,Tracing the Atom: Nuclear Legacies in Russia and Central Asia,tipo_2_realismo_moderado_critico,Tipo 2 - Realismo moderado / critico,NN,
muestras:Muestras:17,3,central,tfidf,title_abstract_tfidf,0.15226655303980938,False,muestras,Muestras,Tracing the Atom: Nuclear Legacies in Russia and Central Asia,tipo_2_realismo_moderado_critico,Tipo 2 - Realismo moderado / critico,NN,
muestras:Muestras:18,1,differentiation,tfidf,title_abstract_tfidf,0.4669943708526903,False,muestras,Muestras,The cognitive and the social structure of STS,tipo_1_realismo_fuerte,Tipo 1 - Realismo fuerte,empirico,
muestras:Muestras:18,2,sts,tfidf,title_abstract_tfidf,0.3895255471187011,False,muestras,Muestras,The cognitive and the social structure of STS,tipo_1_realismo_fuerte,Tipo 1 - Realismo fuerte,empirico,
muestras:Muestras:18,3,cognitive,tfidf,title_abstract_tfidf,0.36557398197497987,False,muestras,Muestras,The cognitive and the social structure of STS,tipo_1_realismo_fuerte,Tipo 1 - Realismo fuerte,empirico,
muestras:Muestras:19,1,addiction,keyword,author_keywords,1.0,True,muestras,Muestras,Young brains at risk: Co-constituting youth and addiction in neuroscience-informed Australian drug education,tipo_6_constructivismo_fuerte_relativismo,Tipo 6 - Constructivismo fuerte / relativismo,NN,
muestras:Muestras:19,2,annemarie mol and john law,keyword,author_keywords,1.0,True,muestras,Muestras,Young brains at risk: Co-constituting youth and addiction in neuroscience-informed Australian drug education,tipo_6_constructivismo_fuerte_relativismo,Tipo 6 - Constructivismo fuerte / relativismo,NN,
muestras:Muestras:19,3,bruno latour,keyword,author_keywords,1.0,True,muestras,Muestras,Young brains at risk: Co-constituting youth and addiction in neuroscience-informed Australian drug education,tipo_6_constructivismo_fuerte_relativismo,Tipo 6 - Constructivismo fuerte / relativismo,NN,
muestras:Muestras:20,1,biomedical research,keyword,index_keywords,1.0,True,muestras,Muestras,Making Health Policy: Networks in Research and Policy after 1945,tipo_2_realismo_moderado_critico,Tipo 2 - Realismo moderado / critico,NN,
muestras:Muestras:20,2,great britain,keyword,index_keywords,1.0,True,muestras,Muestras,Making Health Policy: Networks in Research and Policy after 1945,tipo_2_realismo_moderado_critico,Tipo 2 - Realismo moderado / critico,NN,
muestras:Muestras:20,3,health policy,keyword,index_keywords,1.0,True,muestras,Muestras,Making Health Policy: Networks in Research and Policy after 1945,tipo_2_realismo_moderado_critico,Tipo 2 - Realismo moderado / critico,NN,
muestras:Muestras:21,1,thinking,tfidf,title_abstract_tfidf,0.3325485726013413,False,muestras,Muestras,STS confronts the vocaloid: Assemblage thinking with hatsune miku,tipo_5_constructivismo_moderado,Tipo 5 - Constructivismo moderado,no_empirico,
muestras:Muestras:21,2,data,tfidf,title_abstract_tfidf,0.2869518032049281,False,muestras,Muestras,STS confronts the vocaloid: Assemblage thinking with hatsune miku,tipo_5_constructivismo_moderado,Tipo 5 - Constructivismo moderado,no_empirico,
muestras:Muestras:21,3,number,tfidf,title_abstract_tfidf,0.2030308959650084,False,muestras,Muestras,STS confronts the vocaloid: Assemblage thinking with hatsune miku,tipo_5_constructivismo_moderado,Tipo 5 - Constructivismo moderado,no_empirico,
muestras:Muestras:22,1,governance,tfidf,title_abstract_tfidf,0.588122991921027,False,muestras,Muestras,"Bitcoin and beyond: Cryptocurrencies, blockchains, and global governance",tipo_5_constructivismo_moderado,Tipo 5 - Constructivismo moderado,NN,
muestras:Muestras:22,2,industry,tfidf,title_abstract_tfidf,0.24405818376468552,False,muestras,Muestras,"Bitcoin and beyond: Cryptocurrencies, blockchains, and global governance",tipo_5_constructivismo_moderado,Tipo 5 - Constructivismo moderado,NN,
muestras:Muestras:22,3,online,tfidf,title_abstract_tfidf,0.2352491967684108,False,muestras,Muestras,"Bitcoin and beyond: Cryptocurrencies, blockchains, and global governance",tipo_5_constructivismo_moderado,Tipo 5 - Constructivismo moderado,NN,
muestras:Muestras:23,1,bio-objects,keyword,author_keywords,1.0,True,muestras,Muestras,"Dead Meat: Competing Vitalities, Cultivated Meat Imaginaries and Anthropocene Diets",tipo_6_constructivismo_fuerte_relativismo,Tipo 6 - Constructivismo fuerte / relativismo,no_empirico,
muestras:Muestras:23,2,bioeconomy of meat,keyword,author_keywords,1.0,True,muestras,Muestras,"Dead Meat: Competing Vitalities, Cultivated Meat Imaginaries and Anthropocene Diets",tipo_6_constructivismo_fuerte_relativismo,Tipo 6 - Constructivismo fuerte / relativismo,no_empirico,
muestras:Muestras:23,3,biofabrication of meat,keyword,author_keywords,1.0,True,muestras,Muestras,"Dead Meat: Competing Vitalities, Cultivated Meat Imaginaries and Anthropocene Diets",tipo_6_constructivismo_fuerte_relativismo,Tipo 6 - Constructivismo fuerte / relativismo,no_empirico,
muestras:Muestras:24,1,actor-network theory,keyword,author_keywords,1.0,True,muestras,Muestras,"Manufacturing refused knowledge in the age of epistemic pluralism: Discourses, imaginaries, and practices on the border of science",tipo_6_constructivismo_fuerte_relativismo,Tipo 6 - Constructivismo fuerte / relativismo,empirico,cuantitativo
muestras:Muestras:24,2,anti-science,keyword,author_keywords,1.0,True,muestras,Muestras,"Manufacturing refused knowledge in the age of epistemic pluralism: Discourses, imaginaries, and practices on the border of science",tipo_6_constructivismo_fuerte_relativismo,Tipo 6 - Constructivismo fuerte / relativismo,empirico,cuantitativo
muestras:Muestras:24,3,epistemic democracy,keyword,author_keywords,1.0,True,muestras,Muestras,"Manufacturing refused knowledge in the age of epistemic pluralism: Discourses, imaginaries, and practices on the border of science",tipo_6_constructivismo_fuerte_relativismo,Tipo 6 - Constructivismo fuerte / relativismo,empirico,cuantitativo
muestras:Muestras:25,1,alcohol,keyword,author_keywords,1.0,True,muestras,Muestras,Epidemiology and policy: The post-war context,tipo_2_realismo_moderado_critico,Tipo 2 - Realismo moderado / critico,empirico,cuantitativo
muestras:Muestras:25,2,drugs,keyword,author_keywords,1.0,True,muestras,Muestras,Epidemiology and policy: The post-war context,tipo_2_realismo_moderado_critico,Tipo 2 - Realismo moderado / critico,empirico,cuantitativo
muestras:Muestras:25,3,epidemiology,keyword,author_keywords,1.0,True,muestras,Muestras,Epidemiology and policy: The post-war context,tipo_2_realismo_moderado_critico,Tipo 2 - Realismo moderado / critico,empirico,cuantitativo
muestras:Muestras:26,1,co-management,keyword,author_keywords,1.0,True,muestras,Muestras,How do potential knowledge users evaluate new claims about a contested resource? Problems of power and politics in knowledge exchange and mobilization,tipo_5_constructivismo_moderado,Tipo 5 - Constructivismo moderado,empirico,cuantitativo
muestras:Muestras:26,2,fisheries,keyword,author_keywords,1.0,True,muestras,Muestras,How do potential knowledge users evaluate new claims about a contested resource? Problems of power and politics in knowledge exchange and mobilization,tipo_5_constructivismo_moderado,Tipo 5 - Constructivismo moderado,empirico,cuantitativo
muestras:Muestras:26,3,knowledge exchange,keyword,author_keywords,1.0,True,muestras,Muestras,How do potential knowledge users evaluate new claims about a contested resource? Problems of power and politics in knowledge exchange and mobilization,tipo_5_constructivismo_moderado,Tipo 5 - Constructivismo moderado,empirico,cuantitativo
muestras:Muestras:27,1,credibility,keyword,author_keywords,1.0,True,muestras,Muestras,Experiments in Lay Cues to the Relative Validity of Positions Taken by Disputing Groups of Scientists,tipo_2_realismo_moderado_critico,Tipo 2 - Realismo moderado / critico,empirico,cuantitativo
muestras:Muestras:27,2,cues,keyword,author_keywords,1.0,True,muestras,Muestras,Experiments in Lay Cues to the Relative Validity of Positions Taken by Disputing Groups of Scientists,tipo_2_realismo_moderado_critico,Tipo 2 - Realismo moderado / critico,empirico,cuantitativo
muestras:Muestras:27,3,scientists,keyword,author_keywords,1.0,True,muestras,Muestras,Experiments in Lay Cues to the Relative Validity of Positions Taken by Disputing Groups of Scientists,tipo_2_realismo_moderado_critico,Tipo 2 - Realismo moderado / critico,empirico,cuantitativo
muestras:Muestras:28,1,epistemology,keyword,author_keywords,1.0,True,muestras,Muestras,Soft computing confronting philosophical and sociological critiques to classical AI,tipo_5_constructivismo_moderado,Tipo 5 - Constructivismo moderado,no_empirico,
muestras:Muestras:28,2,philosophical critiques to ai,keyword,author_keywords,1.0,True,muestras,Muestras,Soft computing confronting philosophical and sociological critiques to classical AI,tipo_5_constructivismo_moderado,Tipo 5 - Constructivismo moderado,no_empirico,
muestras:Muestras:28,3,science and technology studies sts,keyword,author_keywords,1.0,True,muestras,Muestras,Soft computing confronting philosophical and sociological critiques to classical AI,tipo_5_constructivismo_moderado,Tipo 5 - Constructivismo moderado,no_empirico,
muestras:Muestras:30,1,culture,tfidf,title_abstract_tfidf,0.37680806448806475,False,muestras,Muestras,Competition and collaboration in male shaping of computing: A study of a norwegian hacker culture,tipo_5_constructivismo_moderado,Tipo 5 - Constructivismo moderado,NN,
muestras:Muestras:30,2,computing,tfidf,title_abstract_tfidf,0.33585788243319525,False,muestras,Muestras,Competition and collaboration in male shaping of computing: A study of a norwegian hacker culture,tipo_5_constructivismo_moderado,Tipo 5 - Constructivismo moderado,NN,
muestras:Muestras:30,3,shaping,tfidf,title_abstract_tfidf,0.28607516728916166,False,muestras,Muestras,Competition and collaboration in male shaping of computing: A study of a norwegian hacker culture,tipo_5_constructivismo_moderado,Tipo 5 - Constructivismo moderado,NN,
muestras:Muestras:31,1,automated vehicles,keyword,author_keywords,1.0,True,muestras,Muestras,Driving the self-driving vehicle: Expanding the technological design horizon,tipo_5_constructivismo_moderado,Tipo 5 - Constructivismo moderado,no_empirico,
muestras:Muestras:31,2,automobility,keyword,author_keywords,1.0,True,muestras,Muestras,Driving the self-driving vehicle: Expanding the technological design horizon,tipo_5_constructivismo_moderado,Tipo 5 - Constructivismo moderado,no_empirico,
muestras:Muestras:31,3,engineering ethics,keyword,author_keywords,1.0,True,muestras,Muestras,Driving the self-driving vehicle: Expanding the technological design horizon,tipo_5_constructivismo_moderado,Tipo 5 - Constructivismo moderado,no_empirico,
muestras:Muestras:32,1,anthropology of science,keyword,author_keywords,1.0,True,muestras,Muestras,From market to market: Bioprospecting's idioms of inclusion,tipo_6_constructivismo_fuerte_relativismo,Tipo 6 - Constructivismo fuerte / relativismo,empirico,
muestras:Muestras:32,2,bioprospecting,keyword,author_keywords,1.0,True,muestras,Muestras,From market to market: Bioprospecting's idioms of inclusion,tipo_6_constructivismo_fuerte_relativismo,Tipo 6 - Constructivismo fuerte / relativismo,empirico,
muestras:Muestras:32,3,globalization,keyword,author_keywords,1.0,True,muestras,Muestras,From market to market: Bioprospecting's idioms of inclusion,tipo_6_constructivismo_fuerte_relativismo,Tipo 6 - Constructivismo fuerte / relativismo,empirico,
muestras:Muestras:33,1,discourses,tfidf,title_abstract_tfidf,0.4476665582572684,False,muestras,Muestras,Biopolitics of othering during the COVID-19 pandemic,tipo_6_constructivismo_fuerte_relativismo,Tipo 6 - Constructivismo fuerte / relativismo,no_empirico,
muestras:Muestras:33,2,pandemic,tfidf,title_abstract_tfidf,0.40516593590159594,False,muestras,Muestras,Biopolitics of othering during the COVID-19 pandemic,tipo_6_constructivismo_fuerte_relativismo,Tipo 6 - Constructivismo fuerte / relativismo,no_empirico,
muestras:Muestras:33,3,covid 19,tfidf,title_abstract_tfidf,0.313133915104841,False,muestras,Muestras,Biopolitics of othering during the COVID-19 pandemic,tipo_6_constructivismo_fuerte_relativismo,Tipo 6 - Constructivismo fuerte / relativismo,no_empirico,
muestras:Muestras:34,1,environmental social and governance,keyword,author_keywords,1.0,True,muestras,Muestras,"Expanding the politics of measurement in sustainable finance: Reconceptualizing environmental, social and governance information as infrastructure",tipo_5_constructivismo_moderado,Tipo 5 - Constructivismo moderado,empirico,cualitativo
muestras:Muestras:34,2,infrastructure,keyword,author_keywords,1.0,True,muestras,Muestras,"Expanding the politics of measurement in sustainable finance: Reconceptualizing environmental, social and governance information as infrastructure",tipo_5_constructivismo_moderado,Tipo 5 - Constructivismo moderado,empirico,cualitativo
muestras:Muestras:34,3,socially responsible investment,keyword,author_keywords,1.0,True,muestras,Muestras,"Expanding the politics of measurement in sustainable finance: Reconceptualizing environmental, social and governance information as infrastructure",tipo_5_constructivismo_moderado,Tipo 5 - Constructivismo moderado,empirico,cualitativo
muestras:Muestras:35,1,agile project management,keyword,author_keywords,1.0,True,muestras,Muestras,Feasibility documents as critical structuring objects: An approach to the study of documents in digital research production,tipo_2_realismo_moderado_critico,Tipo 2 - Realismo moderado / critico,empirico,cualitativo
muestras:Muestras:35,2,critical technical practices,keyword,author_keywords,1.0,True,muestras,Muestras,Feasibility documents as critical structuring objects: An approach to the study of documents in digital research production,tipo_2_realismo_moderado_critico,Tipo 2 - Realismo moderado / critico,empirico,cualitativo
muestras:Muestras:35,3,digital humanities,keyword,author_keywords,1.0,True,muestras,Muestras,Feasibility documents as critical structuring objects: An approach to the study of documents in digital research production,tipo_2_realismo_moderado_critico,Tipo 2 - Realismo moderado / critico,empirico,cualitativo
muestras:Muestras:36,1,agriculture,keyword,author_keywords,1.0,True,muestras,Muestras,"Of Canals, Rivers and the Right to Exist: New (?) Methodological Tools for a Changed World",tipo_6_constructivismo_fuerte_relativismo,Tipo 6 - Constructivismo fuerte / relativismo,no_empirico,
muestras:Muestras:36,2,de-colonial sts,keyword,author_keywords,1.0,True,muestras,Muestras,"Of Canals, Rivers and the Right to Exist: New (?) Methodological Tools for a Changed World",tipo_6_constructivismo_fuerte_relativismo,Tipo 6 - Constructivismo fuerte / relativismo,no_empirico,
muestras:Muestras:36,3,historical erasure,keyword,author_keywords,1.0,True,muestras,Muestras,"Of Canals, Rivers and the Right to Exist: New (?) Methodological Tools for a Changed World",tipo_6_constructivismo_fuerte_relativismo,Tipo 6 - Constructivismo fuerte / relativismo,no_empirico,
muestras:Muestras:37,1,history and philosophy of medicine,keyword,author_keywords,1.0,True,muestras,Muestras,Fleck and the social constitution of scientific objectivity,tipo_2_realismo_moderado_critico,Tipo 2 - Realismo moderado / critico,NN,
muestras:Muestras:37,2,ludwik fleck,keyword,author_keywords,1.0,True,muestras,Muestras,Fleck and the social constitution of scientific objectivity,tipo_2_realismo_moderado_critico,Tipo 2 - Realismo moderado / critico,NN,
muestras:Muestras:37,3,objectivity,keyword,author_keywords,1.0,True,muestras,Muestras,Fleck and the social constitution of scientific objectivity,tipo_2_realismo_moderado_critico,Tipo 2 - Realismo moderado / critico,NN,
muestras:Muestras:39,1,digital humanities,keyword,author_keywords,1.0,True,muestras,Muestras,Feminising Innovation: Challenges in Science and Technology Studies (STS),tipo_6_constructivismo_fuerte_relativismo,Tipo 6 - Constructivismo fuerte / relativismo,empirico,cualitativo
muestras:Muestras:39,2,feminising innovation,keyword,author_keywords,1.0,True,muestras,Muestras,Feminising Innovation: Challenges in Science and Technology Studies (STS),tipo_6_constructivismo_fuerte_relativismo,Tipo 6 - Constructivismo fuerte / relativismo,empirico,cualitativo
muestras:Muestras:39,3,innovation and gender,keyword,author_keywords,1.0,True,muestras,Muestras,Feminising Innovation: Challenges in Science and Technology Studies (STS),tipo_6_constructivismo_fuerte_relativismo,Tipo 6 - Constructivismo fuerte / relativismo,empirico,cualitativo
muestras:Muestras:40,1,zoo,tfidf,title_abstract_tfidf,0.8997712882339511,False,muestras,Muestras,Zoo veterinarians: Governing care on a diseased planet,tipo_5_constructivismo_moderado,Tipo 5 - Constructivismo moderado,empirico,cualitativo
muestras:Muestras:40,2,animal,tfidf,title_abstract_tfidf,0.20351624916634484,False,muestras,Muestras,Zoo veterinarians: Governing care on a diseased planet,tipo_5_constructivismo_moderado,Tipo 5 - Constructivismo moderado,empirico,cualitativo
muestras:Muestras:40,3,care,tfidf,title_abstract_tfidf,0.1301225791369739,False,muestras,Muestras,Zoo veterinarians: Governing care on a diseased planet,tipo_5_constructivismo_moderado,Tipo 5 - Constructivismo moderado,empirico,cualitativo
muestras:Muestras:41,1,gender,keyword,author_keywords,1.0,True,muestras,Muestras,Machine aurality: uncanny resonances and the sonic anxieties of surveillance capitalism,tipo_5_constructivismo_moderado,Tipo 5 - Constructivismo moderado,NN,
muestras:Muestras:41,2,labour,keyword,author_keywords,1.0,True,muestras,Muestras,Machine aurality: uncanny resonances and the sonic anxieties of surveillance capitalism,tipo_5_constructivismo_moderado,Tipo 5 - Constructivismo moderado,NN,
muestras:Muestras:41,3,neoliberalism,keyword,author_keywords,1.0,True,muestras,Muestras,Machine aurality: uncanny resonances and the sonic anxieties of surveillance capitalism,tipo_5_constructivismo_moderado,Tipo 5 - Constructivismo moderado,NN,
muestras:Muestras:42,1,critical constructivism,keyword,author_keywords,1.0,True,muestras,Muestras,Critical Constructivism: An Exposition and Defense,tipo_5_constructivismo_moderado,Tipo 5 - Constructivismo moderado,NN,
muestras:Muestras:42,2,democracy,keyword,author_keywords,1.0,True,muestras,Muestras,Critical Constructivism: An Exposition and Defense,tipo_5_constructivismo_moderado,Tipo 5 - Constructivismo moderado,NN,
muestras:Muestras:42,3,formal bias,keyword,author_keywords,1.0,True,muestras,Muestras,Critical Constructivism: An Exposition and Defense,tipo_5_constructivismo_moderado,Tipo 5 - Constructivismo moderado,NN,
muestras:Muestras:43,1,material,tfidf,title_abstract_tfidf,0.42009445075244906,False,muestras,Muestras,Materializing risk in the pregnant athlete: Using material-semiotic tools to examine black-boxed and dis-qualified “facts” in the IOC evidence summaries,tipo_5_constructivismo_moderado,Tipo 5 - Constructivismo moderado,empirico,cuantitativo
muestras:Muestras:43,2,evidence,tfidf,title_abstract_tfidf,0.39655999047319185,False,muestras,Muestras,Materializing risk in the pregnant athlete: Using material-semiotic tools to examine black-boxed and dis-qualified “facts” in the IOC evidence summaries,tipo_5_constructivismo_moderado,Tipo 5 - Constructivismo moderado,empirico,cuantitativo
muestras:Muestras:43,3,human,tfidf,title_abstract_tfidf,0.3946380849201784,False,muestras,Muestras,Materializing risk in the pregnant athlete: Using material-semiotic tools to examine black-boxed and dis-qualified “facts” in the IOC evidence summaries,tipo_5_constructivismo_moderado,Tipo 5 - Constructivismo moderado,empirico,cuantitativo
muestras:Muestras:44,1,cases,keyword,author_keywords,1.0,True,muestras,Muestras,"Knowing cases: Biomedicine in Edinburgh, 1887-1920",tipo_6_constructivismo_fuerte_relativismo,Tipo 6 - Constructivismo fuerte / relativismo,NN,
muestras:Muestras:44,2,edinburgh,keyword,author_keywords,1.0,True,muestras,Muestras,"Knowing cases: Biomedicine in Edinburgh, 1887-1920",tipo_6_constructivismo_fuerte_relativismo,Tipo 6 - Constructivismo fuerte / relativismo,NN,
muestras:Muestras:44,3,laboratories,keyword,author_keywords,1.0,True,muestras,Muestras,"Knowing cases: Biomedicine in Edinburgh, 1887-1920",tipo_6_constructivismo_fuerte_relativismo,Tipo 6 - Constructivismo fuerte / relativismo,NN,
muestras:Muestras:45,1,biopolitics,keyword,author_keywords,1.0,True,muestras,Muestras,Health consumption as work: The home pregnancy test as a domesticated health tool,tipo_5_constructivismo_moderado,Tipo 5 - Constructivismo moderado,empirico,cualitativo
muestras:Muestras:45,2,diagnostic tools,keyword,author_keywords,1.0,True,muestras,Muestras,Health consumption as work: The home pregnancy test as a domesticated health tool,tipo_5_constructivismo_moderado,Tipo 5 - Constructivismo moderado,empirico,cualitativo
muestras:Muestras:45,3,domestication,keyword,author_keywords,1.0,True,muestras,Muestras,Health consumption as work: The home pregnancy test as a domesticated health tool,tipo_5_constructivismo_moderado,Tipo 5 - Constructivismo moderado,empirico,cualitativo
muestras:Muestras:46,1,ethical technology,keyword,index_keywords,1.0,True,muestras,Muestras,"Education for Political Life: Critique, Theory, and Practice in Karl Mannheim's Sociology of Knowledge",tipo_5_constructivismo_moderado,Tipo 5 - Constructivismo moderado,no_empirico,
muestras:Muestras:46,2,current,keyword,index_keywords,1.0,True,muestras,Muestras,"Education for Political Life: Critique, Theory, and Practice in Karl Mannheim's Sociology of Knowledge",tipo_5_constructivismo_moderado,Tipo 5 - Constructivismo moderado,no_empirico,
muestras:Muestras:46,3,mannheim,keyword,index_keywords,1.0,True,muestras,Muestras,"Education for Political Life: Critique, Theory, and Practice in Karl Mannheim's Sociology of Knowledge",tipo_5_constructivismo_moderado,Tipo 5 - Constructivismo moderado,no_empirico,
muestras:Muestras:48,1,coproductionist,keyword,author_keywords,1.0,True,muestras,Muestras,Remaking Participation in Science and Democracy,tipo_5_constructivismo_moderado,Tipo 5 - Constructivismo moderado,empirico,
muestras:Muestras:48,2,ecologies,keyword,author_keywords,1.0,True,muestras,Muestras,Remaking Participation in Science and Democracy,tipo_5_constructivismo_moderado,Tipo 5 - Constructivismo moderado,empirico,
muestras:Muestras:48,3,experiments,keyword,author_keywords,1.0,True,muestras,Muestras,Remaking Participation in Science and Democracy,tipo_5_constructivismo_moderado,Tipo 5 - Constructivismo moderado,empirico,
muestras:Muestras:49,1,climate,keyword,index_keywords,1.0,True,muestras,Muestras,"Climate science, truth, and democracy",tipo_2_realismo_moderado_critico,Tipo 2 - Realismo moderado / critico,no_empirico,
muestras:Muestras:49,2,climate change,keyword,index_keywords,1.0,True,muestras,Muestras,"Climate science, truth, and democracy",tipo_2_realismo_moderado_critico,Tipo 2 - Realismo moderado / critico,no_empirico,
muestras:Muestras:49,3,democracy,keyword,index_keywords,1.0,True,muestras,Muestras,"Climate science, truth, and democracy",tipo_2_realismo_moderado_critico,Tipo 2 - Realismo moderado / critico,no_empirico,
muestras:Muestras:50,1,practice,tfidf,title_abstract_tfidf,0.5556200217425449,False,muestras,Muestras,Planting contemporary practice theory in the garden of information science,tipo_5_constructivismo_moderado,Tipo 5 - Constructivismo moderado,no_empirico,
muestras:Muestras:50,2,theory,tfidf,title_abstract_tfidf,0.3645411110091972,False,muestras,Muestras,Planting contemporary practice theory in the garden of information science,tipo_5_constructivismo_moderado,Tipo 5 - Constructivismo moderado,no_empirico,
muestras:Muestras:50,3,information,tfidf,title_abstract_tfidf,0.3464722783353788,False,muestras,Muestras,Planting contemporary practice theory in the garden of information science,tipo_5_constructivismo_moderado,Tipo 5 - Constructivismo moderado,no_empirico,
muestras:Muestras:51,1,design for well-being,keyword,author_keywords,1.0,True,muestras,Muestras,Why designers and philosophers should meet in school,tipo_4_pragmatismo_epistemologico,Tipo 4 - Pragmatismo epistemologico,no_empirico,
muestras:Muestras:51,2,design theory,keyword,author_keywords,1.0,True,muestras,Muestras,Why designers and philosophers should meet in school,tipo_4_pragmatismo_epistemologico,Tipo 4 - Pragmatismo epistemologico,no_empirico,
muestras:Muestras:51,3,open script design,keyword,author_keywords,1.0,True,muestras,Muestras,Why designers and philosophers should meet in school,tipo_4_pragmatismo_epistemologico,Tipo 4 - Pragmatismo epistemologico,no_empirico,
muestras:Muestras:52,1,computer graphics,keyword,index_keywords,1.0,True,muestras,Muestras,Video analysis and knowledge on rewind: An introduction,tipo_4_pragmatismo_epistemologico,Tipo 4 - Pragmatismo epistemologico,no_empirico,
muestras:Muestras:52,2,sociology,keyword,index_keywords,1.0,True,muestras,Muestras,Video analysis and knowledge on rewind: An introduction,tipo_4_pragmatismo_epistemologico,Tipo 4 - Pragmatismo epistemologico,no_empirico,
muestras:Muestras:52,3,video analysis,keyword,index_keywords,1.0,True,muestras,Muestras,Video analysis and knowledge on rewind: An introduction,tipo_4_pragmatismo_epistemologico,Tipo 4 - Pragmatismo epistemologico,no_empirico,
muestras:Muestras:53,1,integration,tfidf,title_abstract_tfidf,0.6042930654163355,False,muestras,Muestras,Integrate the integrators! A call for establishing academic careers for integration experts,tipo_5_constructivismo_moderado,Tipo 5 - Constructivismo moderado,empirico,
muestras:Muestras:53,2,integration experts,tfidf,title_abstract_tfidf,0.4503929314571678,False,muestras,Muestras,Integrate the integrators! A call for establishing academic careers for integration experts,tipo_5_constructivismo_moderado,Tipo 5 - Constructivismo moderado,empirico,
muestras:Muestras:53,3,experts,tfidf,title_abstract_tfidf,0.3647586354982342,False,muestras,Muestras,Integrate the integrators! A call for establishing academic careers for integration experts,tipo_5_constructivismo_moderado,Tipo 5 - Constructivismo moderado,empirico,
muestras:Muestras:54,1,sts,tfidf,title_abstract_tfidf,0.4762889645349008,False,muestras,Muestras,Art’s Work in the Age of Biotechnology: How art can make arguments in science and technology studies,tipo_5_constructivismo_moderado,Tipo 5 - Constructivismo moderado,NN,
muestras:Muestras:54,2,art,tfidf,title_abstract_tfidf,0.372501997673219,False,muestras,Muestras,Art’s Work in the Age of Biotechnology: How art can make arguments in science and technology studies,tipo_5_constructivismo_moderado,Tipo 5 - Constructivismo moderado,NN,
muestras:Muestras:54,3,scholarship,tfidf,title_abstract_tfidf,0.24833466511547933,False,muestras,Muestras,Art’s Work in the Age of Biotechnology: How art can make arguments in science and technology studies,tipo_5_constructivismo_moderado,Tipo 5 - Constructivismo moderado,NN,
muestras:Muestras:55,1,technology,tfidf,title_abstract_tfidf,0.44096775994049625,False,muestras,Muestras,The Biology of Technology An Exploratory Essay,tipo_3_antirrealismo_epistemologico,Tipo 3 - Antirrealismo epistemologico,no_empirico,
muestras:Muestras:55,2,development,tfidf,title_abstract_tfidf,0.3097444729445233,False,muestras,Muestras,The Biology of Technology An Exploratory Essay,tipo_3_antirrealismo_epistemologico,Tipo 3 - Antirrealismo epistemologico,no_empirico,
muestras:Muestras:55,3,biology,tfidf,title_abstract_tfidf,0.2904171440938503,False,muestras,Muestras,The Biology of Technology An Exploratory Essay,tipo_3_antirrealismo_epistemologico,Tipo 3 - Antirrealismo epistemologico,no_empirico,
muestras:Muestras:56,1,course,tfidf,title_abstract_tfidf,0.4515957011794915,False,muestras,Muestras,Teaching methods for systematic inventive problem-solving: Evaluation of a course for teachers,tipo_4_pragmatismo_epistemologico,Tipo 4 - Pragmatismo epistemologico,empirico,
muestras:Muestras:56,2,problem,tfidf,title_abstract_tfidf,0.42402679108439945,False,muestras,Muestras,Teaching methods for systematic inventive problem-solving: Evaluation of a course for teachers,tipo_4_pragmatismo_epistemologico,Tipo 4 - Pragmatismo epistemologico,empirico,
muestras:Muestras:56,3,thinking,tfidf,title_abstract_tfidf,0.3836877963344407,False,muestras,Muestras,Teaching methods for systematic inventive problem-solving: Evaluation of a course for teachers,tipo_4_pragmatismo_epistemologico,Tipo 4 - Pragmatismo epistemologico,empirico,
muestras:Muestras:57,1,curricula,keyword,index_keywords,1.0,True,muestras,Muestras,Dimensions of change: three studies of the construction of ageing,tipo_5_constructivismo_moderado,Tipo 5 - Constructivismo moderado,no_empirico,
muestras:Muestras:57,2,professional aspects,keyword,index_keywords,1.0,True,muestras,Muestras,Dimensions of change: three studies of the construction of ageing,tipo_5_constructivismo_moderado,Tipo 5 - Constructivismo moderado,no_empirico,
muestras:Muestras:57,3,analytical tool,keyword,index_keywords,1.0,True,muestras,Muestras,Dimensions of change: three studies of the construction of ageing,tipo_5_constructivismo_moderado,Tipo 5 - Constructivismo moderado,no_empirico,
muestras:Muestras:58,1,laboratories,tfidf,title_abstract_tfidf,0.5563325300549782,False,muestras,Muestras,"Profile of public laboratories, industrial partnerships and organisation of R & D: The dynamics of industrial relationships in a large research organisation",tipo_1_realismo_fuerte,Tipo 1 - Realismo fuerte,empirico,
muestras:Muestras:58,2,industry,tfidf,title_abstract_tfidf,0.31909924980529725,False,muestras,Muestras,"Profile of public laboratories, industrial partnerships and organisation of R & D: The dynamics of industrial relationships in a large research organisation",tipo_1_realismo_fuerte,Tipo 1 - Realismo fuerte,empirico,
muestras:Muestras:58,3,public,tfidf,title_abstract_tfidf,0.27752771816091054,False,muestras,Muestras,"Profile of public laboratories, industrial partnerships and organisation of R & D: The dynamics of industrial relationships in a large research organisation",tipo_1_realismo_fuerte,Tipo 1 - Realismo fuerte,empirico,
muestras:Muestras:59,1,economics of science esk,keyword,author_keywords,1.0,True,muestras,Muestras,Tilting at imaginary windmills: A comment on Tyfield,tipo_5_constructivismo_moderado,Tipo 5 - Constructivismo moderado,NN,
muestras:Muestras:59,2,meaning finitism,keyword,author_keywords,1.0,True,muestras,Muestras,Tilting at imaginary windmills: A comment on Tyfield,tipo_5_constructivismo_moderado,Tipo 5 - Constructivismo moderado,NN,
muestras:Muestras:59,3,science studies,keyword,author_keywords,1.0,True,muestras,Muestras,Tilting at imaginary windmills: A comment on Tyfield,tipo_5_constructivismo_moderado,Tipo 5 - Constructivismo moderado,NN,
muestras:Muestras:60,1,environmental,tfidf,title_abstract_tfidf,0.5715010387947298,False,muestras,Muestras,Eco-Deconstruction: Derrida and Environmental Philosophy,tipo_6_constructivismo_fuerte_relativismo,Tipo 6 - Constructivismo fuerte / relativismo,no_empirico,
muestras:Muestras:60,2,including,tfidf,title_abstract_tfidf,0.2806900696148804,False,muestras,Muestras,Eco-Deconstruction: Derrida and Environmental Philosophy,tipo_6_constructivismo_fuerte_relativismo,Tipo 6 - Constructivismo fuerte / relativismo,no_empirico,
muestras:Muestras:60,3,philosophy,tfidf,title_abstract_tfidf,0.22684182555816604,False,muestras,Muestras,Eco-Deconstruction: Derrida and Environmental Philosophy,tipo_6_constructivismo_fuerte_relativismo,Tipo 6 - Constructivismo fuerte / relativismo,no_empirico,
muestras:Muestras:61,1,chinese buddhism,keyword,author_keywords,1.0,True,muestras,Muestras,"“Fly Buddha to Mars”: The co-production between religiosity and science & technology at Longquan Monastery, Beijing",tipo_5_constructivismo_moderado,Tipo 5 - Constructivismo moderado,,
muestras:Muestras:61,2,co-production,keyword,author_keywords,1.0,True,muestras,Muestras,"“Fly Buddha to Mars”: The co-production between religiosity and science & technology at Longquan Monastery, Beijing",tipo_5_constructivismo_moderado,Tipo 5 - Constructivismo moderado,,
muestras:Muestras:61,3,geographies of religion,keyword,author_keywords,1.0,True,muestras,Muestras,"“Fly Buddha to Mars”: The co-production between religiosity and science & technology at Longquan Monastery, Beijing",tipo_5_constructivismo_moderado,Tipo 5 - Constructivismo moderado,,
muestras:Muestras:62,1,bioethics,keyword,author_keywords,1.0,True,muestras,Muestras,The Politics of Expertise in Genomics Policy and Law,tipo_5_constructivismo_moderado,Tipo 5 - Constructivismo moderado,empirico,
muestras:Muestras:62,2,data sovereignty,keyword,author_keywords,1.0,True,muestras,Muestras,The Politics of Expertise in Genomics Policy and Law,tipo_5_constructivismo_moderado,Tipo 5 - Constructivismo moderado,empirico,
muestras:Muestras:62,3,expertise,keyword,author_keywords,1.0,True,muestras,Muestras,The Politics of Expertise in Genomics Policy and Law,tipo_5_constructivismo_moderado,Tipo 5 - Constructivismo moderado,empirico,
muestras:Muestras:63,1,ethnographic studies,keyword,author_keywords,1.0,True,muestras,Muestras,"Responsive and Responsible Science, Technology, and Innovation for Global Health",tipo_5_constructivismo_moderado,Tipo 5 - Constructivismo moderado,empirico,cualitativo
muestras:Muestras:63,2,global health,keyword,author_keywords,1.0,True,muestras,Muestras,"Responsive and Responsible Science, Technology, and Innovation for Global Health",tipo_5_constructivismo_moderado,Tipo 5 - Constructivismo moderado,empirico,cualitativo
muestras:Muestras:63,3,health,keyword,author_keywords,1.0,True,muestras,Muestras,"Responsive and Responsible Science, Technology, and Innovation for Global Health",tipo_5_constructivismo_moderado,Tipo 5 - Constructivismo moderado,empirico,cualitativo
muestras:Muestras:64,1,actor-network theory,keyword,author_keywords,1.0,True,muestras,Muestras,"Actor-Network Theory, ANTi-History and critical organizational historiography",tipo_6_constructivismo_fuerte_relativismo,Tipo 6 - Constructivismo fuerte / relativismo,NN,
muestras:Muestras:64,2,anti-history,keyword,author_keywords,1.0,True,muestras,Muestras,"Actor-Network Theory, ANTi-History and critical organizational historiography",tipo_6_constructivismo_fuerte_relativismo,Tipo 6 - Constructivismo fuerte / relativismo,NN,
muestras:Muestras:64,3,critical management studies,keyword,author_keywords,1.0,True,muestras,Muestras,"Actor-Network Theory, ANTi-History and critical organizational historiography",tipo_6_constructivismo_fuerte_relativismo,Tipo 6 - Constructivismo fuerte / relativismo,NN,
muestras:Muestras:65,1,costs and prices,keyword,author_keywords,1.0,True,muestras,Muestras,Human dimensions in modelling prices of building projects,tipo_3_antirrealismo_epistemologico,Tipo 3 - Antirrealismo epistemologico,empirico,cuantitativo
muestras:Muestras:65,2,human behaviour,keyword,author_keywords,1.0,True,muestras,Muestras,Human dimensions in modelling prices of building projects,tipo_3_antirrealismo_epistemologico,Tipo 3 - Antirrealismo epistemologico,empirico,cuantitativo
muestras:Muestras:65,3,modelling,keyword,author_keywords,1.0,True,muestras,Muestras,Human dimensions in modelling prices of building projects,tipo_3_antirrealismo_epistemologico,Tipo 3 - Antirrealismo epistemologico,empirico,cuantitativo
muestras:Muestras:66,1,affordance,keyword,author_keywords,1.0,True,muestras,Muestras,Technological determinism in educational technology research: Some alternative ways of thinking about the relationship between learning and technology,tipo_2_realismo_moderado_critico,Tipo 2 - Realismo moderado / critico,no_empirico,
muestras:Muestras:66,2,educational technology,keyword,author_keywords,1.0,True,muestras,Muestras,Technological determinism in educational technology research: Some alternative ways of thinking about the relationship between learning and technology,tipo_2_realismo_moderado_critico,Tipo 2 - Realismo moderado / critico,no_empirico,
muestras:Muestras:66,3,science and technology studies,keyword,author_keywords,1.0,True,muestras,Muestras,Technological determinism in educational technology research: Some alternative ways of thinking about the relationship between learning and technology,tipo_2_realismo_moderado_critico,Tipo 2 - Realismo moderado / critico,no_empirico,
muestras:Muestras:67,1,international organizations,keyword,author_keywords,1.0,True,muestras,Muestras,The politics of (un)counting international migration in Senegal and the Gambia,tipo_5_constructivismo_moderado,Tipo 5 - Constructivismo moderado,empirico,cuantitativo
muestras:Muestras:67,2,migration management,keyword,author_keywords,1.0,True,muestras,Muestras,The politics of (un)counting international migration in Senegal and the Gambia,tipo_5_constructivismo_moderado,Tipo 5 - Constructivismo moderado,empirico,cuantitativo
muestras:Muestras:67,3,migration statistics,keyword,author_keywords,1.0,True,muestras,Muestras,The politics of (un)counting international migration in Senegal and the Gambia,tipo_5_constructivismo_moderado,Tipo 5 - Constructivismo moderado,empirico,cuantitativo
muestras:Muestras:68,1,complex systems,keyword,author_keywords,1.0,True,muestras,Muestras,"Hayek at the Santa Fe Institute: Origins, Models, and Organization of the Cradle of Complexity Sciences",tipo_2_realismo_moderado_critico,Tipo 2 - Realismo moderado / critico,empirico,cualitativo
muestras:Muestras:68,2,coproduction,keyword,author_keywords,1.0,True,muestras,Muestras,"Hayek at the Santa Fe Institute: Origins, Models, and Organization of the Cradle of Complexity Sciences",tipo_2_realismo_moderado_critico,Tipo 2 - Realismo moderado / critico,empirico,cualitativo
muestras:Muestras:68,3,darwin,keyword,author_keywords,1.0,True,muestras,Muestras,"Hayek at the Santa Fe Institute: Origins, Models, and Organization of the Cradle of Complexity Sciences",tipo_2_realismo_moderado_critico,Tipo 2 - Realismo moderado / critico,empirico,cualitativo
muestras:Muestras:69,1,religion,tfidf,title_abstract_tfidf,0.7587307500655374,False,muestras,Muestras,The science of religion and the sociology of knowledge: Some methodological questions,tipo_1_realismo_fuerte,Tipo 1 - Realismo fuerte,NN,
muestras:Muestras:69,2,religious,tfidf,title_abstract_tfidf,0.33905181100256737,False,muestras,Muestras,The science of religion and the sociology of knowledge: Some methodological questions,tipo_1_realismo_fuerte,Tipo 1 - Realismo fuerte,NN,
muestras:Muestras:69,3,theories,tfidf,title_abstract_tfidf,0.17753443507331657,False,muestras,Muestras,The science of religion and the sociology of knowledge: Some methodological questions,tipo_1_realismo_fuerte,Tipo 1 - Realismo fuerte,NN,
muestras:Muestras:70,1,anatomy artistic,keyword,index_keywords,1.0,True,muestras,Muestras,"Fleck, anatomical drawings and early modern history.",tipo_6_constructivismo_fuerte_relativismo,Tipo 6 - Constructivismo fuerte / relativismo,NN,
muestras:Muestras:70,2,dissent and disputes,keyword,index_keywords,1.0,True,muestras,Muestras,"Fleck, anatomical drawings and early modern history.",tipo_6_constructivismo_fuerte_relativismo,Tipo 6 - Constructivismo fuerte / relativismo,NN,
muestras:Muestras:70,3,female,keyword,index_keywords,1.0,True,muestras,Muestras,"Fleck, anatomical drawings and early modern history.",tipo_6_constructivismo_fuerte_relativismo,Tipo 6 - Constructivismo fuerte / relativismo,NN,
muestras:Muestras:71,1,acceleration,keyword,author_keywords,1.0,True,muestras,Muestras,Technology and time,tipo_6_constructivismo_fuerte_relativismo,Tipo 6 - Constructivismo fuerte / relativismo,no_empirico,
muestras:Muestras:71,2,connectivity,keyword,author_keywords,1.0,True,muestras,Muestras,Technology and time,tipo_6_constructivismo_fuerte_relativismo,Tipo 6 - Constructivismo fuerte / relativismo,no_empirico,
muestras:Muestras:71,3,silicon valley,keyword,author_keywords,1.0,True,muestras,Muestras,Technology and time,tipo_6_constructivismo_fuerte_relativismo,Tipo 6 - Constructivismo fuerte / relativismo,no_empirico,
muestras:Muestras:72,1,advocacy,keyword,author_keywords,1.0,True,muestras,Muestras,Who's invading what? Systems thinking about invasive species,tipo_5_constructivismo_moderado,Tipo 5 - Constructivismo moderado,NN,
muestras:Muestras:72,2,culture,keyword,author_keywords,1.0,True,muestras,Muestras,Who's invading what? Systems thinking about invasive species,tipo_5_constructivismo_moderado,Tipo 5 - Constructivismo moderado,NN,
muestras:Muestras:72,3,philosophy of nature,keyword,author_keywords,1.0,True,muestras,Muestras,Who's invading what? Systems thinking about invasive species,tipo_5_constructivismo_moderado,Tipo 5 - Constructivismo moderado,NN,
muestras:Muestras:73,1,social,tfidf,title_abstract_tfidf,0.3927813442486108,False,muestras,Muestras,Technical Work and Critical Inquiry: Investigations in a Scientific Laboratory,tipo_6_constructivismo_fuerte_relativismo,Tipo 6 - Constructivismo fuerte / relativismo,NN,
muestras:Muestras:73,2,scientific,tfidf,title_abstract_tfidf,0.3645951928939846,False,muestras,Muestras,Technical Work and Critical Inquiry: Investigations in a Scientific Laboratory,tipo_6_constructivismo_fuerte_relativismo,Tipo 6 - Constructivismo fuerte / relativismo,NN,
muestras:Muestras:73,3,natural,tfidf,title_abstract_tfidf,0.2768110321358289,False,muestras,Muestras,Technical Work and Critical Inquiry: Investigations in a Scientific Laboratory,tipo_6_constructivismo_fuerte_relativismo,Tipo 6 - Constructivismo fuerte / relativismo,NN,
muestras:Muestras:74,1,anthropology and sociology of science,keyword,author_keywords,1.0,True,muestras,Muestras,The production of laboratory scientists: Negotiating membership and (re)producing culture,tipo_6_constructivismo_fuerte_relativismo,Tipo 6 - Constructivismo fuerte / relativismo,empirico,cualitativo
muestras:Muestras:74,2,ethnography,keyword,author_keywords,1.0,True,muestras,Muestras,The production of laboratory scientists: Negotiating membership and (re)producing culture,tipo_6_constructivismo_fuerte_relativismo,Tipo 6 - Constructivismo fuerte / relativismo,empirico,cualitativo
muestras:Muestras:74,3,habitus,keyword,author_keywords,1.0,True,muestras,Muestras,The production of laboratory scientists: Negotiating membership and (re)producing culture,tipo_6_constructivismo_fuerte_relativismo,Tipo 6 - Constructivismo fuerte / relativismo,empirico,cualitativo
muestras:Muestras:75,1,actor-network theory,keyword,author_keywords,1.0,True,muestras,Muestras,How does e-government work?,tipo_5_constructivismo_moderado,Tipo 5 - Constructivismo moderado,empirico,cuantitativo
muestras:Muestras:75,2,e-government model,keyword,author_keywords,1.0,True,muestras,Muestras,How does e-government work?,tipo_5_constructivismo_moderado,Tipo 5 - Constructivismo moderado,empirico,cuantitativo
muestras:Muestras:75,3,socio-technical systems,keyword,author_keywords,1.0,True,muestras,Muestras,How does e-government work?,tipo_5_constructivismo_moderado,Tipo 5 - Constructivismo moderado,empirico,cuantitativo
muestras:Muestras:76,1,biometrics,keyword,author_keywords,1.0,True,muestras,Muestras,"An inquiry into the digitisation of border and migration management: performativity, contestation and heterogeneous engineering",tipo_2_realismo_moderado_critico,Tipo 2 - Realismo moderado / critico,NN,
muestras:Muestras:76,2,borders,keyword,author_keywords,1.0,True,muestras,Muestras,"An inquiry into the digitisation of border and migration management: performativity, contestation and heterogeneous engineering",tipo_2_realismo_moderado_critico,Tipo 2 - Realismo moderado / critico,NN,
muestras:Muestras:76,3,migration management,keyword,author_keywords,1.0,True,muestras,Muestras,"An inquiry into the digitisation of border and migration management: performativity, contestation and heterogeneous engineering",tipo_2_realismo_moderado_critico,Tipo 2 - Realismo moderado / critico,NN,
muestras:Muestras:77,1,argument of pessimistic induction,keyword,author_keywords,1.0,True,muestras,Muestras,The Destiny of Atomism in the Modern Science and the Structural Realism,tipo_1_realismo_fuerte,Tipo 1 - Realismo fuerte,NN,
muestras:Muestras:77,2,contemporary atomism,keyword,author_keywords,1.0,True,muestras,Muestras,The Destiny of Atomism in the Modern Science and the Structural Realism,tipo_1_realismo_fuerte,Tipo 1 - Realismo fuerte,NN,
muestras:Muestras:77,3,cultural context,keyword,author_keywords,1.0,True,muestras,Muestras,The Destiny of Atomism in the Modern Science and the Structural Realism,tipo_1_realismo_fuerte,Tipo 1 - Realismo fuerte,NN,
muestras:Muestras:78,1,australia,keyword,index_keywords,1.0,True,muestras,Muestras,Tropical marine sciences: Knowledge production in a web of path dependencies,tipo_2_realismo_moderado_critico,Tipo 2 - Realismo moderado / critico,empirico,cuantitativo
muestras:Muestras:78,2,authorship,keyword,index_keywords,1.0,True,muestras,Muestras,Tropical marine sciences: Knowledge production in a web of path dependencies,tipo_2_realismo_moderado_critico,Tipo 2 - Realismo moderado / critico,empirico,cuantitativo
muestras:Muestras:78,3,bibliometrics,keyword,index_keywords,1.0,True,muestras,Muestras,Tropical marine sciences: Knowledge production in a web of path dependencies,tipo_2_realismo_moderado_critico,Tipo 2 - Realismo moderado / critico,empirico,cuantitativo
muestras:Muestras:79,1,bureaucratic systems,keyword,author_keywords,1.0,True,muestras,Muestras,Professional credibility cycles in education: Constructing trust and expertise in a regulated state school system,tipo_2_realismo_moderado_critico,Tipo 2 - Realismo moderado / critico,empirico,cualitativo
muestras:Muestras:79,2,credit cycle,keyword,author_keywords,1.0,True,muestras,Muestras,Professional credibility cycles in education: Constructing trust and expertise in a regulated state school system,tipo_2_realismo_moderado_critico,Tipo 2 - Realismo moderado / critico,empirico,cualitativo
muestras:Muestras:79,3,education professionals,keyword,author_keywords,1.0,True,muestras,Muestras,Professional credibility cycles in education: Constructing trust and expertise in a regulated state school system,tipo_2_realismo_moderado_critico,Tipo 2 - Realismo moderado / critico,empirico,cualitativo
muestras:Muestras:80,1,barry barnes,keyword,author_keywords,1.0,True,muestras,Muestras,Testimony and the Value of Knowledge,tipo_6_constructivismo_fuerte_relativismo,Tipo 6 - Constructivismo fuerte / relativismo,NN,
muestras:Muestras:80,2,bernard williams,keyword,author_keywords,1.0,True,muestras,Muestras,Testimony and the Value of Knowledge,tipo_6_constructivismo_fuerte_relativismo,Tipo 6 - Constructivismo fuerte / relativismo,NN,
muestras:Muestras:80,3,collective goods,keyword,author_keywords,1.0,True,muestras,Muestras,Testimony and the Value of Knowledge,tipo_6_constructivismo_fuerte_relativismo,Tipo 6 - Constructivismo fuerte / relativismo,NN,
muestras:Muestras:81,1,accountability labor,keyword,author_keywords,1.0,True,muestras,Muestras,Patchwork surveillance and accountability labor: China's Health Code Systems during COVID-19,tipo_5_constructivismo_moderado,Tipo 5 - Constructivismo moderado,empirico,cualitativo
muestras:Muestras:81,2,assemblages,keyword,author_keywords,1.0,True,muestras,Muestras,Patchwork surveillance and accountability labor: China's Health Code Systems during COVID-19,tipo_5_constructivismo_moderado,Tipo 5 - Constructivismo moderado,empirico,cualitativo
muestras:Muestras:81,3,china,keyword,author_keywords,1.0,True,muestras,Muestras,Patchwork surveillance and accountability labor: China's Health Code Systems during COVID-19,tipo_5_constructivismo_moderado,Tipo 5 - Constructivismo moderado,empirico,cualitativo
muestras:Muestras:82,1,cultural sociology,keyword,author_keywords,1.0,True,muestras,Muestras,The Institutionalization of Kübler-Ross’s Five-Stage Model of Death and Dying,tipo_5_constructivismo_moderado,Tipo 5 - Constructivismo moderado,empirico,
muestras:Muestras:82,2,death,keyword,author_keywords,1.0,True,muestras,Muestras,The Institutionalization of Kübler-Ross’s Five-Stage Model of Death and Dying,tipo_5_constructivismo_moderado,Tipo 5 - Constructivismo moderado,empirico,
muestras:Muestras:82,3,diffusion,keyword,author_keywords,1.0,True,muestras,Muestras,The Institutionalization of Kübler-Ross’s Five-Stage Model of Death and Dying,tipo_5_constructivismo_moderado,Tipo 5 - Constructivismo moderado,empirico,
muestras:Muestras:83,1,case-studies,keyword,index_keywords,1.0,True,muestras,Muestras,GENETIC SCIENCE AND NEW DIGITAL TECHNOLOGIES: Science and Technology Studies and Health Praxis,tipo_5_constructivismo_moderado,Tipo 5 - Constructivismo moderado,NN,
muestras:Muestras:83,2,digital technologies,keyword,index_keywords,1.0,True,muestras,Muestras,GENETIC SCIENCE AND NEW DIGITAL TECHNOLOGIES: Science and Technology Studies and Health Praxis,tipo_5_constructivismo_moderado,Tipo 5 - Constructivismo moderado,NN,
muestras:Muestras:83,3,genetic technology,keyword,index_keywords,1.0,True,muestras,Muestras,GENETIC SCIENCE AND NEW DIGITAL TECHNOLOGIES: Science and Technology Studies and Health Praxis,tipo_5_constructivismo_moderado,Tipo 5 - Constructivismo moderado,NN,
muestras:Muestras:84,1,equity,keyword,author_keywords,1.0,True,muestras,Muestras,Equitable technology development: A framework and methods for scientists and engineers,tipo_2_realismo_moderado_critico,Tipo 2 - Realismo moderado / critico,NN,
muestras:Muestras:84,2,innovation processes,keyword,author_keywords,1.0,True,muestras,Muestras,Equitable technology development: A framework and methods for scientists and engineers,tipo_2_realismo_moderado_critico,Tipo 2 - Realismo moderado / critico,NN,
muestras:Muestras:84,3,knowledge,keyword,author_keywords,1.0,True,muestras,Muestras,Equitable technology development: A framework and methods for scientists and engineers,tipo_2_realismo_moderado_critico,Tipo 2 - Realismo moderado / critico,NN,
muestras:Muestras:85,1,1990s,tfidf,title_abstract_tfidf,0.3752621979103262,False,muestras,Muestras,"HSS, the FBI, and the Unabomber",tipo_2_realismo_moderado_critico,Tipo 2 - Realismo moderado / critico,NN,
muestras:Muestras:85,2,consider,tfidf,title_abstract_tfidf,0.32200333310926316,False,muestras,Muestras,"HSS, the FBI, and the Unabomber",tipo_2_realismo_moderado_critico,Tipo 2 - Realismo moderado / critico,NN,
muestras:Muestras:85,3,science,tfidf,title_abstract_tfidf,0.3070279355847296,False,muestras,Muestras,"HSS, the FBI, and the Unabomber",tipo_2_realismo_moderado_critico,Tipo 2 - Realismo moderado / critico,NN,
muestras:Muestras:86,1,bloor,tfidf,title_abstract_tfidf,0.5498466873842232,False,muestras,Muestras,Bloor's bluff: Behaviourism and the Strong Programme,tipo_1_realismo_fuerte,Tipo 1 - Realismo fuerte,NN,
muestras:Muestras:86,2,programme,tfidf,title_abstract_tfidf,0.43987734990737853,False,muestras,Muestras,Bloor's bluff: Behaviourism and the Strong Programme,tipo_1_realismo_fuerte,Tipo 1 - Realismo fuerte,NN,
muestras:Muestras:86,3,strong programme,tfidf,title_abstract_tfidf,0.3299080124305339,False,muestras,Muestras,Bloor's bluff: Behaviourism and the Strong Programme,tipo_1_realismo_fuerte,Tipo 1 - Realismo fuerte,NN,
muestras:Muestras:87,1,digital sociology,keyword,author_keywords,1.0,True,muestras,Muestras,Tools of the game. Qualitative digital methodologies for the e-sports research; [Sprzęt do gry. Narzędzia do cyfrowych badań jakościowych w obszarze e-sportu],tipo_5_constructivismo_moderado,Tipo 5 - Constructivismo moderado,empirico,cualitativo
muestras:Muestras:87,2,e-sport research,keyword,author_keywords,1.0,True,muestras,Muestras,Tools of the game. Qualitative digital methodologies for the e-sports research; [Sprzęt do gry. Narzędzia do cyfrowych badań jakościowych w obszarze e-sportu],tipo_5_constructivismo_moderado,Tipo 5 - Constructivismo moderado,empirico,cualitativo
muestras:Muestras:87,3,ethnography,keyword,author_keywords,1.0,True,muestras,Muestras,Tools of the game. Qualitative digital methodologies for the e-sports research; [Sprzęt do gry. Narzędzia do cyfrowych badań jakościowych w obszarze e-sportu],tipo_5_constructivismo_moderado,Tipo 5 - Constructivismo moderado,empirico,cualitativo
muestras:Muestras:88,1,security,tfidf,title_abstract_tfidf,0.8055161811841755,False,muestras,Muestras,"Theorising Cyber (In)Security: Information, Materiality, and Entropic Security",tipo_5_constructivismo_moderado,Tipo 5 - Constructivismo moderado,empirico,
muestras:Muestras:88,2,information,tfidf,title_abstract_tfidf,0.2811897877713347,False,muestras,Muestras,"Theorising Cyber (In)Security: Information, Materiality, and Entropic Security",tipo_5_constructivismo_moderado,Tipo 5 - Constructivismo moderado,empirico,
muestras:Muestras:88,3,book,tfidf,title_abstract_tfidf,0.25962296812913194,False,muestras,Muestras,"Theorising Cyber (In)Security: Information, Materiality, and Entropic Security",tipo_5_constructivismo_moderado,Tipo 5 - Constructivismo moderado,empirico,
muestras:Muestras:89,1,ant,keyword,author_keywords,1.0,True,muestras,Muestras,"Alternatives and passages: English teaching, learning, and mingoville",tipo_6_constructivismo_fuerte_relativismo,Tipo 6 - Constructivismo fuerte / relativismo,NN,
muestras:Muestras:89,2,beginning english teaching and learning,keyword,author_keywords,1.0,True,muestras,Muestras,"Alternatives and passages: English teaching, learning, and mingoville",tipo_6_constructivismo_fuerte_relativismo,Tipo 6 - Constructivismo fuerte / relativismo,NN,
muestras:Muestras:89,3,mingoville,keyword,author_keywords,1.0,True,muestras,Muestras,"Alternatives and passages: English teaching, learning, and mingoville",tipo_6_constructivismo_fuerte_relativismo,Tipo 6 - Constructivismo fuerte / relativismo,NN,
muestras:Muestras:90,1,digital cartography,keyword,author_keywords,1.0,True,muestras,Muestras,From indicators to indicating interdisciplinarity: A participatory mapping methodology for research communities in-the-making,tipo_5_constructivismo_moderado,Tipo 5 - Constructivismo moderado,empirico,cuantitativo
muestras:Muestras:90,2,interdisciplinarity,keyword,author_keywords,1.0,True,muestras,Muestras,From indicators to indicating interdisciplinarity: A participatory mapping methodology for research communities in-the-making,tipo_5_constructivismo_moderado,Tipo 5 - Constructivismo moderado,empirico,cuantitativo
muestras:Muestras:90,3,inventive methods,keyword,author_keywords,1.0,True,muestras,Muestras,From indicators to indicating interdisciplinarity: A participatory mapping methodology for research communities in-the-making,tipo_5_constructivismo_moderado,Tipo 5 - Constructivismo moderado,empirico,cuantitativo
muestras:Muestras:91,1,mannheim,tfidf,title_abstract_tfidf,0.6953645199174489,False,muestras,Muestras,Sociology - and its limits*,tipo_2_realismo_moderado_critico,Tipo 2 - Realismo moderado / critico,no_empirico,
muestras:Muestras:91,2,attempts,tfidf,title_abstract_tfidf,0.27955618022413836,False,muestras,Muestras,Sociology - and its limits*,tipo_2_realismo_moderado_critico,Tipo 2 - Realismo moderado / critico,no_empirico,
muestras:Muestras:91,3,concept,tfidf,title_abstract_tfidf,0.26600059957336225,False,muestras,Muestras,Sociology - and its limits*,tipo_2_realismo_moderado_critico,Tipo 2 - Realismo moderado / critico,no_empirico,
muestras:Muestras:92,1,strong programme,tfidf,title_abstract_tfidf,0.5730907463469479,False,muestras,Muestras,"Realism, reliabilism, and the 'strong programme' in the sociology of scientific knowledge",tipo_6_constructivismo_fuerte_relativismo,Tipo 6 - Constructivismo fuerte / relativismo,no_empirico,
muestras:Muestras:92,2,programme,tfidf,title_abstract_tfidf,0.5730907463469479,False,muestras,Muestras,"Realism, reliabilism, and the 'strong programme' in the sociology of scientific knowledge",tipo_6_constructivismo_fuerte_relativismo,Tipo 6 - Constructivismo fuerte / relativismo,no_empirico,
muestras:Muestras:92,3,strong,tfidf,title_abstract_tfidf,0.4737094970533305,False,muestras,Muestras,"Realism, reliabilism, and the 'strong programme' in the sociology of scientific knowledge",tipo_6_constructivismo_fuerte_relativismo,Tipo 6 - Constructivismo fuerte / relativismo,no_empirico,
muestras:Muestras:93,1,non invitation,keyword,author_keywords,1.0,True,muestras,Muestras,Navigating Non-Invitation: Pro-Vaccine Choice Communities Amidst Exclusion and Public Participation,tipo_5_constructivismo_moderado,Tipo 5 - Constructivismo moderado,empirico,cualitativo
muestras:Muestras:93,2,participation,keyword,author_keywords,1.0,True,muestras,Muestras,Navigating Non-Invitation: Pro-Vaccine Choice Communities Amidst Exclusion and Public Participation,tipo_5_constructivismo_moderado,Tipo 5 - Constructivismo moderado,empirico,cualitativo
muestras:Muestras:93,3,social movements,keyword,author_keywords,1.0,True,muestras,Muestras,Navigating Non-Invitation: Pro-Vaccine Choice Communities Amidst Exclusion and Public Participation,tipo_5_constructivismo_moderado,Tipo 5 - Constructivismo moderado,empirico,cualitativo
muestras:Muestras:94,1,environmental health,keyword,author_keywords,1.0,True,muestras,Muestras,Undone science: Charting social movement and civil society challenges to research agenda setting,tipo_5_constructivismo_moderado,Tipo 5 - Constructivismo moderado,empirico,
muestras:Muestras:94,2,research agendas,keyword,author_keywords,1.0,True,muestras,Muestras,Undone science: Charting social movement and civil society challenges to research agenda setting,tipo_5_constructivismo_moderado,Tipo 5 - Constructivismo moderado,empirico,
muestras:Muestras:94,3,science policy,keyword,author_keywords,1.0,True,muestras,Muestras,Undone science: Charting social movement and civil society challenges to research agenda setting,tipo_5_constructivismo_moderado,Tipo 5 - Constructivismo moderado,empirico,
muestras:Muestras:95,1,comparative research,keyword,author_keywords,1.0,True,muestras,Muestras,"Comparing nations in mass communication research, 1970-97: A Critical Assessment of How We Know What We Know",tipo_2_realismo_moderado_critico,Tipo 2 - Realismo moderado / critico,no_empirico,
muestras:Muestras:95,2,galton s problem,keyword,author_keywords,1.0,True,muestras,Muestras,"Comparing nations in mass communication research, 1970-97: A Critical Assessment of How We Know What We Know",tipo_2_realismo_moderado_critico,Tipo 2 - Realismo moderado / critico,no_empirico,
muestras:Muestras:95,3,international communication,keyword,author_keywords,1.0,True,muestras,Muestras,"Comparing nations in mass communication research, 1970-97: A Critical Assessment of How We Know What We Know",tipo_2_realismo_moderado_critico,Tipo 2 - Realismo moderado / critico,no_empirico,
muestras:Muestras:96,1,media,tfidf,title_abstract_tfidf,0.47017606242157295,False,muestras,Muestras,"“THE BEATLES WITH THE LOWER SCORE, IT BREAKS MY HEART”: Framing a media education response to datafication and algorithmic recommendations in digital media infrastructures",tipo_5_constructivismo_moderado,Tipo 5 - Constructivismo moderado,,
muestras:Muestras:96,2,game,tfidf,title_abstract_tfidf,0.41559683278081044,False,muestras,Muestras,"“THE BEATLES WITH THE LOWER SCORE, IT BREAKS MY HEART”: Framing a media education response to datafication and algorithmic recommendations in digital media infrastructures",tipo_5_constructivismo_moderado,Tipo 5 - Constructivismo moderado,,
muestras:Muestras:96,3,digital,tfidf,title_abstract_tfidf,0.25526804589641644,False,muestras,Muestras,"“THE BEATLES WITH THE LOWER SCORE, IT BREAKS MY HEART”: Framing a media education response to datafication and algorithmic recommendations in digital media infrastructures",tipo_5_constructivismo_moderado,Tipo 5 - Constructivismo moderado,,
muestras:Muestras:97,1,economic sociology,keyword,author_keywords,1.0,True,muestras,Muestras,Reconnecting Marketing to Markets,tipo_5_constructivismo_moderado,Tipo 5 - Constructivismo moderado,empirico,
muestras:Muestras:97,2,exchange,keyword,author_keywords,1.0,True,muestras,Muestras,Reconnecting Marketing to Markets,tipo_5_constructivismo_moderado,Tipo 5 - Constructivismo moderado,empirico,
muestras:Muestras:97,3,management,keyword,author_keywords,1.0,True,muestras,Muestras,Reconnecting Marketing to Markets,tipo_5_constructivismo_moderado,Tipo 5 - Constructivismo moderado,empirico,
muestras:Muestras:99,1,discourse analysis,keyword,author_keywords,1.0,True,muestras,Muestras,The death of the Uppsala school: Towards a discourse-based paradigm?,tipo_6_constructivismo_fuerte_relativismo,Tipo 6 - Constructivismo fuerte / relativismo,no_empirico,
muestras:Muestras:99,2,historical method,keyword,author_keywords,1.0,True,muestras,Muestras,The death of the Uppsala school: Towards a discourse-based paradigm?,tipo_6_constructivismo_fuerte_relativismo,Tipo 6 - Constructivismo fuerte / relativismo,no_empirico,
muestras:Muestras:99,3,internationalization theories and foreign market entry theories,keyword,author_keywords,1.0,True,muestras,Muestras,The death of the Uppsala school: Towards a discourse-based paradigm?,tipo_6_constructivismo_fuerte_relativismo,Tipo 6 - Constructivismo fuerte / relativismo,no_empirico,
muestras:Muestras:100,1,women,tfidf,title_abstract_tfidf,0.8579542546726107,False,muestras,Muestras,Women and science: Issues and perspectives in the Indian context,tipo_2_realismo_moderado_critico,Tipo 2 - Realismo moderado / critico,,
muestras:Muestras:100,2,science,tfidf,title_abstract_tfidf,0.21369599133630038,False,muestras,Muestras,Women and science: Issues and perspectives in the Indian context,tipo_2_realismo_moderado_critico,Tipo 2 - Realismo moderado / critico,,
muestras:Muestras:100,3,norms,tfidf,title_abstract_tfidf,0.16340288473282336,False,muestras,Muestras,Women and science: Issues and perspectives in the Indian context,tipo_2_realismo_moderado_critico,Tipo 2 - Realismo moderado / critico,,
